"Start","Duration","Grid X","Grid Y","Grid Z","Block X","Block Y","Block Z","Registers Per Thread","Static SMem","Dynamic SMem","Size","Throughput","SrcMemType","DstMemType","Device","Context","Stream","Name","Correlation_ID","dram_write_bytes"
ms,ms,,,,,,,,KB,KB,MB,GB/s,,,,,,,,
14620.650044,0.004512,197,1,1,256,1,1,16,0.000000,0.000000,,,,,"Tesla V100-DGXS-32GB (0)","1","7","void cask_cudnn::computeOffsetsKernel<bool=0, bool=0>(cask_cudnn::ComputeOffsetsParams)",2415,404192
14648.685709,0.771061,12544,1,1,128,1,1,128,16.000000,0.000000,,,,,"Tesla V100-DGXS-32GB (0)","1","7","volta_scudnn_128x64_relu_medium_nn_v1",2416,411470880
14688.438966,1.007794,401408,1,1,64,1,1,22,0.000000,0.000000,,,,,"Tesla V100-DGXS-32GB (0)","1","7","void at::native::unrolled_elementwise_kernel<at::native::AddFunctor<float, float>, at::detail::Array<char*, int=3>, OffsetCalculator<int=2, unsigned int, bool=0>, OffsetCalculator<int=1, unsigned int, bool=0>, at::native::memory::LoadWithoutCast, at::native::memory::StoreWithoutCast>(int, float, float, at::native::AddFunctor<float, float>, char*, int=3, at::detail::Array<char*, int=3>)",2420,413095712
14710.743864,1.000114,401408,1,1,64,1,1,18,0.000000,0.000000,,,,,"Tesla V100-DGXS-32GB (0)","1","7","_ZN2at6native29vectorized_elementwise_kernelILi4EZZZNS0_84_GLOBAL__N__60_tmpxft_00003bf5_00000000_13_TensorCompare_compute_86_cpp1_ii_d0af11f728clamp_min_scalar_kernel_implERNS_14TensorIteratorEN3c106ScalarEENKUlvE_clEvENKUlvE6_clEvEUlfE_NS_6detail5ArrayIPcLi2EEEEEviT0_T1_",2426,410917184
14744.576470,0.007584,2,16,1,32,4,1,40,8.500000,0.000000,,,,,"Tesla V100-DGXS-32GB (0)","1","7","void cudnn::winograd::generateWinogradTilesKernel<int=0, float, float>(cudnn::winograd::GenerateWinogradTilesParams<float, float>)",2439,345216
14784.538045,5.610928,64,28,14,256,1,1,126,48.000000,0.000000,,,,,"Tesla V100-DGXS-32GB (0)","1","7","volta_scudnn_winograd_128x128_ldg1_ldg4_relu_tile148t_nt_v1",2441,414437952
14826.505350,1.004050,401408,1,1,64,1,1,22,0.000000,0.000000,,,,,"Tesla V100-DGXS-32GB (0)","1","7","void at::native::unrolled_elementwise_kernel<at::native::AddFunctor<float, float>, at::detail::Array<char*, int=3>, OffsetCalculator<int=2, unsigned int, bool=0>, OffsetCalculator<int=1, unsigned int, bool=0>, at::native::memory::LoadWithoutCast, at::native::memory::StoreWithoutCast>(int, float, float, at::native::AddFunctor<float, float>, char*, int=3, at::detail::Array<char*, int=3>)",2445,409416992
14841.271828,0.999985,401408,1,1,64,1,1,18,0.000000,0.000000,,,,,"Tesla V100-DGXS-32GB (0)","1","7","_ZN2at6native29vectorized_elementwise_kernelILi4EZZZNS0_84_GLOBAL__N__60_tmpxft_00003bf5_00000000_13_TensorCompare_compute_86_cpp1_ii_d0af11f728clamp_min_scalar_kernel_implERNS_14TensorIteratorEN3c106ScalarEENKUlvE_clEvENKUlvE6_clEvEUlfE_NS_6detail5ArrayIPcLi2EEEEEviT0_T1_",2451,410947424
14859.247315,0.915668,100352,1,1,256,1,1,23,0.000000,0.000000,,,,,"Tesla V100-DGXS-32GB (0)","1","7","void at::native::_GLOBAL__N__63_tmpxft_00007dfa_00000000_13_DilatedMaxPool2d_compute_86_cpp1_ii_6258b574::max_pool_forward_nchw<float, float>(int, float const *, int, int, int, int, int, int, int, int, int, int, int, int, int, int, at::native::_GLOBAL__N__63_tmpxft_00007dfa_00000000_13_DilatedMaxPool2d_compute_86_cpp1_ii_6258b574::max_pool_forward_nchw<float, float>*, long*)",2460,308368736
14877.162740,0.005632,4,16,1,32,4,1,40,8.500000,0.000000,,,,,"Tesla V100-DGXS-32GB (0)","1","7","void cudnn::winograd::generateWinogradTilesKernel<int=0, float, float>(cudnn::winograd::GenerateWinogradTilesParams<float, float>)",2472,487072
14886.039542,2.668506,128,14,7,256,1,1,126,48.000000,0.000000,,,,,"Tesla V100-DGXS-32GB (0)","1","7","volta_scudnn_winograd_128x128_ldg1_ldg4_relu_tile148t_nt_v1",2474,207124000
14897.970764,0.504313,200704,1,1,64,1,1,22,0.000000,0.000000,,,,,"Tesla V100-DGXS-32GB (0)","1","7","void at::native::unrolled_elementwise_kernel<at::native::AddFunctor<float, float>, at::detail::Array<char*, int=3>, OffsetCalculator<int=2, unsigned int, bool=0>, OffsetCalculator<int=1, unsigned int, bool=0>, at::native::memory::LoadWithoutCast, at::native::memory::StoreWithoutCast>(int, float, float, at::native::AddFunctor<float, float>, char*, int=3, at::detail::Array<char*, int=3>)",2478,203846688
14907.631234,0.501817,200704,1,1,64,1,1,18,0.000000,0.000000,,,,,"Tesla V100-DGXS-32GB (0)","1","7","_ZN2at6native29vectorized_elementwise_kernelILi4EZZZNS0_84_GLOBAL__N__60_tmpxft_00003bf5_00000000_13_TensorCompare_compute_86_cpp1_ii_d0af11f728clamp_min_scalar_kernel_implERNS_14TensorIteratorEN3c106ScalarEENKUlvE_clEvENKUlvE6_clEvEUlfE_NS_6detail5ArrayIPcLi2EEEEEviT0_T1_",2484,205456192
14917.322360,0.991058,98,128,1,256,1,1,64,22.125000,0.000000,,,,,"Tesla V100-DGXS-32GB (0)","1","7","void cudnn::winograd_nonfused::winogradForwardData4x4<float, float>(cudnn::winograd_nonfused::WinogradDataParams<float, float>)",2497,462233376
14927.435304,0.008799,4,16,1,32,8,1,32,9.000000,0.000000,,,,,"Tesla V100-DGXS-32GB (0)","1","7","void cudnn::winograd_nonfused::winogradForwardFilter4x4<float, float>(cudnn::winograd_nonfused::WinogradFilterParams<float, float>)",2498,2552736
14936.322857,2.681018,784,1,36,256,1,1,57,16.000000,0.000000,,,,,"Tesla V100-DGXS-32GB (0)","1","7","volta_sgemm_32x128_nn",2506,462559616
14945.557573,0.845396,98,128,1,256,1,1,64,16.250000,0.000000,,,,,"Tesla V100-DGXS-32GB (0)","1","7","void cudnn::winograd_nonfused::winogradForwardOutput4x4<float, float>(cudnn::winograd_nonfused::WinogradOutputParams<float, float>)",2508,206011488
14953.246392,0.502488,200704,1,1,64,1,1,22,0.000000,0.000000,,,,,"Tesla V100-DGXS-32GB (0)","1","7","void at::native::unrolled_elementwise_kernel<at::native::AddFunctor<float, float>, at::detail::Array<char*, int=3>, OffsetCalculator<int=2, unsigned int, bool=0>, OffsetCalculator<int=1, unsigned int, bool=0>, at::native::memory::LoadWithoutCast, at::native::memory::StoreWithoutCast>(int, float, float, at::native::AddFunctor<float, float>, char*, int=3, at::detail::Array<char*, int=3>)",2513,204973088
14965.603176,0.501753,200704,1,1,64,1,1,18,0.000000,0.000000,,,,,"Tesla V100-DGXS-32GB (0)","1","7","_ZN2at6native29vectorized_elementwise_kernelILi4EZZZNS0_84_GLOBAL__N__60_tmpxft_00003bf5_00000000_13_TensorCompare_compute_86_cpp1_ii_d0af11f728clamp_min_scalar_kernel_implERNS_14TensorIteratorEN3c106ScalarEENKUlvE_clEvENKUlvE6_clEvEUlfE_NS_6detail5ArrayIPcLi2EEEEEviT0_T1_",2519,205435104
14972.884288,0.456697,50176,1,1,256,1,1,23,0.000000,0.000000,,,,,"Tesla V100-DGXS-32GB (0)","1","7","void at::native::_GLOBAL__N__63_tmpxft_00007dfa_00000000_13_DilatedMaxPool2d_compute_86_cpp1_ii_6258b574::max_pool_forward_nchw<float, float>(int, float const *, int, int, int, int, int, int, int, int, int, int, int, int, int, int, at::native::_GLOBAL__N__63_tmpxft_00007dfa_00000000_13_DilatedMaxPool2d_compute_86_cpp1_ii_6258b574::max_pool_forward_nchw<float, float>*, long*)",2528,154241888
14980.100761,0.257276,32,128,1,256,1,1,64,22.125000,0.000000,,,,,"Tesla V100-DGXS-32GB (0)","1","7","void cudnn::winograd_nonfused::winogradForwardData4x4<float, float>(cudnn::winograd_nonfused::WinogradDataParams<float, float>)",2540,115296384
14986.965559,0.010016,4,32,1,32,8,1,32,9.000000,0.000000,,,,,"Tesla V100-DGXS-32GB (0)","1","7","void cudnn::winograd_nonfused::winogradForwardFilter4x4<float, float>(cudnn::winograd_nonfused::WinogradFilterParams<float, float>)",2541,4458240
14993.473882,1.336109,196,2,36,256,1,1,57,16.000000,0.000000,,,,,"Tesla V100-DGXS-32GB (0)","1","7","volta_sgemm_32x128_nn",2549,231789600
15001.406121,0.439578,32,256,1,256,1,1,64,16.250000,0.000000,,,,,"Tesla V100-DGXS-32GB (0)","1","7","void cudnn::winograd_nonfused::winogradForwardOutput4x4<float, float>(cudnn::winograd_nonfused::WinogradOutputParams<float, float>)",2551,103310784
15008.628226,0.253949,100352,1,1,64,1,1,22,0.000000,0.000000,,,,,"Tesla V100-DGXS-32GB (0)","1","7","void at::native::unrolled_elementwise_kernel<at::native::AddFunctor<float, float>, at::detail::Array<char*, int=3>, OffsetCalculator<int=2, unsigned int, bool=0>, OffsetCalculator<int=1, unsigned int, bool=0>, at::native::memory::LoadWithoutCast, at::native::memory::StoreWithoutCast>(int, float, float, at::native::AddFunctor<float, float>, char*, int=3, at::detail::Array<char*, int=3>)",2556,102133248
15015.557536,0.253180,100352,1,1,64,1,1,18,0.000000,0.000000,,,,,"Tesla V100-DGXS-32GB (0)","1","7","_ZN2at6native29vectorized_elementwise_kernelILi4EZZZNS0_84_GLOBAL__N__60_tmpxft_00003bf5_00000000_13_TensorCompare_compute_86_cpp1_ii_d0af11f728clamp_min_scalar_kernel_implERNS_14TensorIteratorEN3c106ScalarEENKUlvE_clEvENKUlvE6_clEvEUlfE_NS_6detail5ArrayIPcLi2EEEEEviT0_T1_",2562,102631232
15030.213903,0.498169,32,256,1,256,1,1,64,22.125000,0.000000,,,,,"Tesla V100-DGXS-32GB (0)","1","7","void cudnn::winograd_nonfused::winogradForwardData4x4<float, float>(cudnn::winograd_nonfused::WinogradDataParams<float, float>)",2575,231114272
15039.351661,0.017375,8,32,1,32,8,1,32,9.000000,0.000000,,,,,"Tesla V100-DGXS-32GB (0)","1","7","void cudnn::winograd_nonfused::winogradForwardFilter4x4<float, float>(cudnn::winograd_nonfused::WinogradFilterParams<float, float>)",2576,9168416
15047.896691,2.548923,196,2,36,256,1,1,57,16.000000,0.000000,,,,,"Tesla V100-DGXS-32GB (0)","1","7","volta_sgemm_32x128_nn",2584,231827296
15059.022196,0.436154,32,256,1,256,1,1,64,16.250000,0.000000,,,,,"Tesla V100-DGXS-32GB (0)","1","7","void cudnn::winograd_nonfused::winogradForwardOutput4x4<float, float>(cudnn::winograd_nonfused::WinogradOutputParams<float, float>)",2586,103320160
15068.391982,0.253757,100352,1,1,64,1,1,22,0.000000,0.000000,,,,,"Tesla V100-DGXS-32GB (0)","1","7","void at::native::unrolled_elementwise_kernel<at::native::AddFunctor<float, float>, at::detail::Array<char*, int=3>, OffsetCalculator<int=2, unsigned int, bool=0>, OffsetCalculator<int=1, unsigned int, bool=0>, at::native::memory::LoadWithoutCast, at::native::memory::StoreWithoutCast>(int, float, float, at::native::AddFunctor<float, float>, char*, int=3, at::detail::Array<char*, int=3>)",2591,102050688
15077.354287,0.252956,100352,1,1,64,1,1,18,0.000000,0.000000,,,,,"Tesla V100-DGXS-32GB (0)","1","7","_ZN2at6native29vectorized_elementwise_kernelILi4EZZZNS0_84_GLOBAL__N__60_tmpxft_00003bf5_00000000_13_TensorCompare_compute_86_cpp1_ii_d0af11f728clamp_min_scalar_kernel_implERNS_14TensorIteratorEN3c106ScalarEENKUlvE_clEvENKUlvE6_clEvEUlfE_NS_6detail5ArrayIPcLi2EEEEEviT0_T1_",2597,102579520
15086.381806,0.519225,32,256,1,256,1,1,64,22.125000,0.000000,,,,,"Tesla V100-DGXS-32GB (0)","1","7","void cudnn::winograd_nonfused::winogradForwardData4x4<float, float>(cudnn::winograd_nonfused::WinogradDataParams<float, float>)",2610,231068416
15095.506572,0.016928,8,32,1,32,8,1,32,9.000000,0.000000,,,,,"Tesla V100-DGXS-32GB (0)","1","7","void cudnn::winograd_nonfused::winogradForwardFilter4x4<float, float>(cudnn::winograd_nonfused::WinogradFilterParams<float, float>)",2611,9264736
15104.092882,2.546683,196,2,36,256,1,1,57,16.000000,0.000000,,,,,"Tesla V100-DGXS-32GB (0)","1","7","volta_sgemm_32x128_nn",2619,231711040
15115.204627,0.434266,32,256,1,256,1,1,64,16.250000,0.000000,,,,,"Tesla V100-DGXS-32GB (0)","1","7","void cudnn::winograd_nonfused::winogradForwardOutput4x4<float, float>(cudnn::winograd_nonfused::WinogradOutputParams<float, float>)",2621,103292512
15124.646093,0.253916,100352,1,1,64,1,1,22,0.000000,0.000000,,,,,"Tesla V100-DGXS-32GB (0)","1","7","void at::native::unrolled_elementwise_kernel<at::native::AddFunctor<float, float>, at::detail::Array<char*, int=3>, OffsetCalculator<int=2, unsigned int, bool=0>, OffsetCalculator<int=1, unsigned int, bool=0>, at::native::memory::LoadWithoutCast, at::native::memory::StoreWithoutCast>(int, float, float, at::native::AddFunctor<float, float>, char*, int=3, at::detail::Array<char*, int=3>)",2626,102106176
15133.586637,0.252924,100352,1,1,64,1,1,18,0.000000,0.000000,,,,,"Tesla V100-DGXS-32GB (0)","1","7","_ZN2at6native29vectorized_elementwise_kernelILi4EZZZNS0_84_GLOBAL__N__60_tmpxft_00003bf5_00000000_13_TensorCompare_compute_86_cpp1_ii_d0af11f728clamp_min_scalar_kernel_implERNS_14TensorIteratorEN3c106ScalarEENKUlvE_clEvENKUlvE6_clEvEUlfE_NS_6detail5ArrayIPcLi2EEEEEviT0_T1_",2632,102635872
15141.869655,0.229885,25088,1,1,256,1,1,23,0.000000,0.000000,,,,,"Tesla V100-DGXS-32GB (0)","1","7","void at::native::_GLOBAL__N__63_tmpxft_00007dfa_00000000_13_DilatedMaxPool2d_compute_86_cpp1_ii_6258b574::max_pool_forward_nchw<float, float>(int, float const *, int, int, int, int, int, int, int, int, int, int, int, int, int, int, at::native::_GLOBAL__N__63_tmpxft_00007dfa_00000000_13_DilatedMaxPool2d_compute_86_cpp1_ii_6258b574::max_pool_forward_nchw<float, float>*, long*)",2641,77199712
15151.146771,0.128062,8,256,1,256,1,1,64,22.125000,0.000000,,,,,"Tesla V100-DGXS-32GB (0)","1","7","void cudnn::winograd_nonfused::winogradForwardData4x4<float, float>(cudnn::winograd_nonfused::WinogradDataParams<float, float>)",2653,58130784
15159.612922,0.034496,8,64,1,32,8,1,32,9.000000,0.000000,,,,,"Tesla V100-DGXS-32GB (0)","1","7","void cudnn::winograd_nonfused::winogradForwardFilter4x4<float, float>(cudnn::winograd_nonfused::WinogradFilterParams<float, float>)",2654,18085024
15167.913828,1.264430,49,4,36,256,1,1,57,16.000000,0.000000,,,,,"Tesla V100-DGXS-32GB (0)","1","7","volta_sgemm_32x128_nn",2662,116188640
15177.082913,0.261724,8,512,1,256,1,1,64,16.250000,0.000000,,,,,"Tesla V100-DGXS-32GB (0)","1","7","void cudnn::winograd_nonfused::winogradForwardOutput4x4<float, float>(cudnn::winograd_nonfused::WinogradOutputParams<float, float>)",2664,59678112
15183.844833,0.130366,50176,1,1,64,1,1,22,0.000000,0.000000,,,,,"Tesla V100-DGXS-32GB (0)","1","7","void at::native::unrolled_elementwise_kernel<at::native::AddFunctor<float, float>, at::detail::Array<char*, int=3>, OffsetCalculator<int=2, unsigned int, bool=0>, OffsetCalculator<int=1, unsigned int, bool=0>, at::native::memory::LoadWithoutCast, at::native::memory::StoreWithoutCast>(int, float, float, at::native::AddFunctor<float, float>, char*, int=3, at::detail::Array<char*, int=3>)",2669,51181536
15190.309349,0.128190,50176,1,1,64,1,1,18,0.000000,0.000000,,,,,"Tesla V100-DGXS-32GB (0)","1","7","_ZN2at6native29vectorized_elementwise_kernelILi4EZZZNS0_84_GLOBAL__N__60_tmpxft_00003bf5_00000000_13_TensorCompare_compute_86_cpp1_ii_d0af11f728clamp_min_scalar_kernel_implERNS_14TensorIteratorEN3c106ScalarEENKUlvE_clEvENKUlvE6_clEvEUlfE_NS_6detail5ArrayIPcLi2EEEEEviT0_T1_",2675,51276736
15196.836808,0.245468,8,512,1,256,1,1,64,22.125000,0.000000,,,,,"Tesla V100-DGXS-32GB (0)","1","7","void cudnn::winograd_nonfused::winogradForwardData4x4<float, float>(cudnn::winograd_nonfused::WinogradDataParams<float, float>)",2688,116058368
15203.343275,0.067519,16,64,1,32,8,1,32,9.000000,0.000000,,,,,"Tesla V100-DGXS-32GB (0)","1","7","void cudnn::winograd_nonfused::winogradForwardFilter4x4<float, float>(cudnn::winograd_nonfused::WinogradFilterParams<float, float>)",2689,36824576
15209.549267,2.460700,49,4,36,256,1,1,57,16.000000,0.000000,,,,,"Tesla V100-DGXS-32GB (0)","1","7","volta_sgemm_32x128_nn",2697,116361952
15218.256118,0.261373,8,512,1,256,1,1,64,16.250000,0.000000,,,,,"Tesla V100-DGXS-32GB (0)","1","7","void cudnn::winograd_nonfused::winogradForwardOutput4x4<float, float>(cudnn::winograd_nonfused::WinogradOutputParams<float, float>)",2699,59663136
15225.037462,0.130590,50176,1,1,64,1,1,22,0.000000,0.000000,,,,,"Tesla V100-DGXS-32GB (0)","1","7","void at::native::unrolled_elementwise_kernel<at::native::AddFunctor<float, float>, at::detail::Array<char*, int=3>, OffsetCalculator<int=2, unsigned int, bool=0>, OffsetCalculator<int=1, unsigned int, bool=0>, at::native::memory::LoadWithoutCast, at::native::memory::StoreWithoutCast>(int, float, float, at::native::AddFunctor<float, float>, char*, int=3, at::detail::Array<char*, int=3>)",2704,51114560
15231.521562,0.128382,50176,1,1,64,1,1,18,0.000000,0.000000,,,,,"Tesla V100-DGXS-32GB (0)","1","7","_ZN2at6native29vectorized_elementwise_kernelILi4EZZZNS0_84_GLOBAL__N__60_tmpxft_00003bf5_00000000_13_TensorCompare_compute_86_cpp1_ii_d0af11f728clamp_min_scalar_kernel_implERNS_14TensorIteratorEN3c106ScalarEENKUlvE_clEvENKUlvE6_clEvEUlfE_NS_6detail5ArrayIPcLi2EEEEEviT0_T1_",2710,51292000
15238.062684,0.250589,8,512,1,256,1,1,64,22.125000,0.000000,,,,,"Tesla V100-DGXS-32GB (0)","1","7","void cudnn::winograd_nonfused::winogradForwardData4x4<float, float>(cudnn::winograd_nonfused::WinogradDataParams<float, float>)",2723,116049664
15244.505152,0.068767,16,64,1,32,8,1,32,9.000000,0.000000,,,,,"Tesla V100-DGXS-32GB (0)","1","7","void cudnn::winograd_nonfused::winogradForwardFilter4x4<float, float>(cudnn::winograd_nonfused::WinogradFilterParams<float, float>)",2724,36817472
15250.810150,2.461853,49,4,36,256,1,1,57,16.000000,0.000000,,,,,"Tesla V100-DGXS-32GB (0)","1","7","volta_sgemm_32x128_nn",2732,116378464
15259.458699,0.263485,8,512,1,256,1,1,64,16.250000,0.000000,,,,,"Tesla V100-DGXS-32GB (0)","1","7","void cudnn::winograd_nonfused::winogradForwardOutput4x4<float, float>(cudnn::winograd_nonfused::WinogradOutputParams<float, float>)",2734,59659360
15266.188075,0.130079,50176,1,1,64,1,1,22,0.000000,0.000000,,,,,"Tesla V100-DGXS-32GB (0)","1","7","void at::native::unrolled_elementwise_kernel<at::native::AddFunctor<float, float>, at::detail::Array<char*, int=3>, OffsetCalculator<int=2, unsigned int, bool=0>, OffsetCalculator<int=1, unsigned int, bool=0>, at::native::memory::LoadWithoutCast, at::native::memory::StoreWithoutCast>(int, float, float, at::native::AddFunctor<float, float>, char*, int=3, at::detail::Array<char*, int=3>)",2739,51120384
15278.003203,0.128446,50176,1,1,64,1,1,18,0.000000,0.000000,,,,,"Tesla V100-DGXS-32GB (0)","1","7","_ZN2at6native29vectorized_elementwise_kernelILi4EZZZNS0_84_GLOBAL__N__60_tmpxft_00003bf5_00000000_13_TensorCompare_compute_86_cpp1_ii_d0af11f728clamp_min_scalar_kernel_implERNS_14TensorIteratorEN3c106ScalarEENKUlvE_clEvENKUlvE6_clEvEUlfE_NS_6detail5ArrayIPcLi2EEEEEviT0_T1_",2745,51229760
15284.546950,0.119390,12544,1,1,256,1,1,23,0.000000,0.000000,,,,,"Tesla V100-DGXS-32GB (0)","1","7","void at::native::_GLOBAL__N__63_tmpxft_00007dfa_00000000_13_DilatedMaxPool2d_compute_86_cpp1_ii_6258b574::max_pool_forward_nchw<float, float>(int, float const *, int, int, int, int, int, int, int, int, int, int, int, int, int, int, at::native::_GLOBAL__N__63_tmpxft_00007dfa_00000000_13_DilatedMaxPool2d_compute_86_cpp1_ii_6258b574::max_pool_forward_nchw<float, float>*, long*)",2754,38643584
15291.098472,0.073887,2,512,1,256,1,1,64,22.125000,0.000000,,,,,"Tesla V100-DGXS-32GB (0)","1","7","void cudnn::winograd_nonfused::winogradForwardData4x4<float, float>(cudnn::winograd_nonfused::WinogradDataParams<float, float>)",2766,37425824
15297.449645,0.068096,16,64,1,32,8,1,32,9.000000,0.000000,,,,,"Tesla V100-DGXS-32GB (0)","1","7","void cudnn::winograd_nonfused::winogradForwardFilter4x4<float, float>(cudnn::winograd_nonfused::WinogradFilterParams<float, float>)",2767,37485920
15303.779603,0.851124,8,8,36,64,1,1,126,8.250000,0.000000,,,,,"Tesla V100-DGXS-32GB (0)","1","7","volta_sgemm_64x64_nn",2775,38499552
15310.916590,0.072063,2,512,1,256,1,1,64,16.250000,0.000000,,,,,"Tesla V100-DGXS-32GB (0)","1","7","void cudnn::winograd_nonfused::winogradForwardOutput4x4<float, float>(cudnn::winograd_nonfused::WinogradOutputParams<float, float>)",2777,13437344
15317.521584,0.034911,12544,1,1,64,1,1,22,0.000000,0.000000,,,,,"Tesla V100-DGXS-32GB (0)","1","7","void at::native::unrolled_elementwise_kernel<at::native::AddFunctor<float, float>, at::detail::Array<char*, int=3>, OffsetCalculator<int=2, unsigned int, bool=0>, OffsetCalculator<int=1, unsigned int, bool=0>, at::native::memory::LoadWithoutCast, at::native::memory::StoreWithoutCast>(int, float, float, at::native::AddFunctor<float, float>, char*, int=3, at::detail::Array<char*, int=3>)",2782,12334272
15323.942068,0.035456,12544,1,1,64,1,1,18,0.000000,0.000000,,,,,"Tesla V100-DGXS-32GB (0)","1","7","_ZN2at6native29vectorized_elementwise_kernelILi4EZZZNS0_84_GLOBAL__N__60_tmpxft_00003bf5_00000000_13_TensorCompare_compute_86_cpp1_ii_d0af11f728clamp_min_scalar_kernel_implERNS_14TensorIteratorEN3c106ScalarEENKUlvE_clEvENKUlvE6_clEvEUlfE_NS_6detail5ArrayIPcLi2EEEEEviT0_T1_",2788,12755680
15330.361208,0.071872,2,512,1,256,1,1,64,22.125000,0.000000,,,,,"Tesla V100-DGXS-32GB (0)","1","7","void cudnn::winograd_nonfused::winogradForwardData4x4<float, float>(cudnn::winograd_nonfused::WinogradDataParams<float, float>)",2801,37544064
15336.694174,0.068640,16,64,1,32,8,1,32,9.000000,0.000000,,,,,"Tesla V100-DGXS-32GB (0)","1","7","void cudnn::winograd_nonfused::winogradForwardFilter4x4<float, float>(cudnn::winograd_nonfused::WinogradFilterParams<float, float>)",2802,37509440
15343.009892,0.851348,8,8,36,64,1,1,126,8.250000,0.000000,,,,,"Tesla V100-DGXS-32GB (0)","1","7","volta_sgemm_64x64_nn",2810,38679520
15350.110271,0.071935,2,512,1,256,1,1,64,16.250000,0.000000,,,,,"Tesla V100-DGXS-32GB (0)","1","7","void cudnn::winograd_nonfused::winogradForwardOutput4x4<float, float>(cudnn::winograd_nonfused::WinogradOutputParams<float, float>)",2812,13333728
15356.736481,0.035423,12544,1,1,64,1,1,22,0.000000,0.000000,,,,,"Tesla V100-DGXS-32GB (0)","1","7","void at::native::unrolled_elementwise_kernel<at::native::AddFunctor<float, float>, at::detail::Array<char*, int=3>, OffsetCalculator<int=2, unsigned int, bool=0>, OffsetCalculator<int=1, unsigned int, bool=0>, at::native::memory::LoadWithoutCast, at::native::memory::StoreWithoutCast>(int, float, float, at::native::AddFunctor<float, float>, char*, int=3, at::detail::Array<char*, int=3>)",2817,12313888
15363.163141,0.035007,12544,1,1,64,1,1,18,0.000000,0.000000,,,,,"Tesla V100-DGXS-32GB (0)","1","7","_ZN2at6native29vectorized_elementwise_kernelILi4EZZZNS0_84_GLOBAL__N__60_tmpxft_00003bf5_00000000_13_TensorCompare_compute_86_cpp1_ii_d0af11f728clamp_min_scalar_kernel_implERNS_14TensorIteratorEN3c106ScalarEENKUlvE_clEvENKUlvE6_clEvEUlfE_NS_6detail5ArrayIPcLi2EEEEEviT0_T1_",2823,12660448
15369.622921,0.073375,2,512,1,256,1,1,64,22.125000,0.000000,,,,,"Tesla V100-DGXS-32GB (0)","1","7","void cudnn::winograd_nonfused::winogradForwardData4x4<float, float>(cudnn::winograd_nonfused::WinogradDataParams<float, float>)",2836,37605408
15375.967759,0.070206,16,64,1,32,8,1,32,9.000000,0.000000,,,,,"Tesla V100-DGXS-32GB (0)","1","7","void cudnn::winograd_nonfused::winogradForwardFilter4x4<float, float>(cudnn::winograd_nonfused::WinogradFilterParams<float, float>)",2837,37562688
15382.240629,0.850644,8,8,36,64,1,1,126,8.250000,0.000000,,,,,"Tesla V100-DGXS-32GB (0)","1","7","volta_sgemm_64x64_nn",2845,38380768
15389.331824,0.071967,2,512,1,256,1,1,64,16.250000,0.000000,,,,,"Tesla V100-DGXS-32GB (0)","1","7","void cudnn::winograd_nonfused::winogradForwardOutput4x4<float, float>(cudnn::winograd_nonfused::WinogradOutputParams<float, float>)",2847,13482176
15395.895442,0.036224,12544,1,1,64,1,1,22,0.000000,0.000000,,,,,"Tesla V100-DGXS-32GB (0)","1","7","void at::native::unrolled_elementwise_kernel<at::native::AddFunctor<float, float>, at::detail::Array<char*, int=3>, OffsetCalculator<int=2, unsigned int, bool=0>, OffsetCalculator<int=1, unsigned int, bool=0>, at::native::memory::LoadWithoutCast, at::native::memory::StoreWithoutCast>(int, float, float, at::native::AddFunctor<float, float>, char*, int=3, at::detail::Array<char*, int=3>)",2852,12364352
15402.249112,0.034944,12544,1,1,64,1,1,18,0.000000,0.000000,,,,,"Tesla V100-DGXS-32GB (0)","1","7","_ZN2at6native29vectorized_elementwise_kernelILi4EZZZNS0_84_GLOBAL__N__60_tmpxft_00003bf5_00000000_13_TensorCompare_compute_86_cpp1_ii_d0af11f728clamp_min_scalar_kernel_implERNS_14TensorIteratorEN3c106ScalarEENKUlvE_clEvENKUlvE6_clEvEUlfE_NS_6detail5ArrayIPcLi2EEEEEviT0_T1_",2858,12753984
15408.655805,0.037119,3136,1,1,256,1,1,23,0.000000,0.000000,,,,,"Tesla V100-DGXS-32GB (0)","1","7","void at::native::_GLOBAL__N__63_tmpxft_00007dfa_00000000_13_DilatedMaxPool2d_compute_86_cpp1_ii_6258b574::max_pool_forward_nchw<float, float>(int, float const *, int, int, int, int, int, int, int, int, int, int, int, int, int, int, at::native::_GLOBAL__N__63_tmpxft_00007dfa_00000000_13_DilatedMaxPool2d_compute_86_cpp1_ii_6258b574::max_pool_forward_nchw<float, float>*, long*)",2867,9762560
15415.042594,0.098782,16384,1,1,32,8,1,40,0.000000,0.000000,,,,,"Tesla V100-DGXS-32GB (0)","1","7","void at::native::_GLOBAL__N__69_tmpxft_0000539c_00000000_13_AdaptiveAveragePooling_compute_86_cpp1_ii_eb1948c3::adaptive_average_pool<float>(float*, float, int, int, int, int, long, long, long)",2879,3838912
15421.529413,0.008672,512,1,1,64,1,1,20,0.000000,0.000000,,,,,"Tesla V100-DGXS-32GB (0)","1","7","_ZN2at6native27unrolled_elementwise_kernelIZZZNS0_21copy_device_to_deviceERNS_14TensorIteratorEbENKUlvE1_clEvENKUlvE6_clEvEUlfE_NS_6detail5ArrayIPcLi2EEE16OffsetCalculatorILi1EjLb0EESC_NS0_6memory15LoadWithoutCastENSD_16StoreWithoutCastEEEviT_T0_T1_T2_T3_T4_",2886,138592
15423.922563,0.001728,,,,,,,,,,0.000122,0.068987,"Device",,"Tesla V100-DGXS-32GB (0)","1","7","[CUDA memset]",2895,
15427.890570,0.770901,32,1,5,256,1,1,134,42.000000,0.000000,,,,,"Tesla V100-DGXS-32GB (0)","1","7","volta_sgemm_128x32_sliced1x4_tn",2897,3986848
15434.976005,0.004224,512,1,1,64,1,1,18,0.000000,0.000000,,,,,"Tesla V100-DGXS-32GB (0)","1","7","_ZN2at6native29vectorized_elementwise_kernelILi4EZZZNS0_84_GLOBAL__N__60_tmpxft_00003bf5_00000000_13_TensorCompare_compute_86_cpp1_ii_d0af11f728clamp_min_scalar_kernel_implERNS_14TensorIteratorEN3c106ScalarEENKUlvE_clEvENKUlvE6_clEvEUlfE_NS_6detail5ArrayIPcLi2EEEEEviT0_T1_",2905,0
15441.438825,0.006112,512,1,1,256,1,1,46,0.000000,0.000000,,,,,"Tesla V100-DGXS-32GB (0)","1","7","void at::native::_GLOBAL__N__54_tmpxft_000083c5_00000000_13_Dropout_compute_86_cpp1_ii_dfc8fc1b::fused_dropout_kernel_vec<float, float, unsigned int, int=1, int=4>(at::cuda::detail::TensorInfo<float, unsigned int>, unsigned int, at::cuda::detail<bool, float>, float, float, at::cuda::detail<bool, float>, at::PhiloxCudaState)",2932,0
15447.820238,0.005568,512,1,1,64,1,1,20,0.000000,0.000000,,,,,"Tesla V100-DGXS-32GB (0)","1","7","_ZN2at6native27unrolled_elementwise_kernelIZZZNS0_21copy_device_to_deviceERNS_14TensorIteratorEbENKUlvE1_clEvENKUlvE6_clEvEUlfE_NS_6detail5ArrayIPcLi2EEE16OffsetCalculatorILi1EjLb0EESC_NS0_6memory15LoadWithoutCastENSD_16StoreWithoutCastEEEviT_T0_T1_T2_T3_T4_",2939,0
15450.179085,0.001344,,,,,,,,,,0.000122,0.088697,"Device",,"Tesla V100-DGXS-32GB (0)","1","7","[CUDA memset]",2948,
15454.138548,0.138334,32,1,5,256,1,1,134,42.000000,0.000000,,,,,"Tesla V100-DGXS-32GB (0)","1","7","volta_sgemm_128x32_sliced1x4_tn",2950,2232384
15460.593304,0.004224,512,1,1,64,1,1,18,0.000000,0.000000,,,,,"Tesla V100-DGXS-32GB (0)","1","7","_ZN2at6native29vectorized_elementwise_kernelILi4EZZZNS0_84_GLOBAL__N__60_tmpxft_00003bf5_00000000_13_TensorCompare_compute_86_cpp1_ii_d0af11f728clamp_min_scalar_kernel_implERNS_14TensorIteratorEN3c106ScalarEENKUlvE_clEvENKUlvE6_clEvEUlfE_NS_6detail5ArrayIPcLi2EEEEEviT0_T1_",2958,0
15467.074556,0.005632,512,1,1,256,1,1,46,0.000000,0.000000,,,,,"Tesla V100-DGXS-32GB (0)","1","7","void at::native::_GLOBAL__N__54_tmpxft_000083c5_00000000_13_Dropout_compute_86_cpp1_ii_dfc8fc1b::fused_dropout_kernel_vec<float, float, unsigned int, int=1, int=4>(at::cuda::detail::TensorInfo<float, unsigned int>, unsigned int, at::cuda::detail<bool, float>, float, float, at::cuda::detail<bool, float>, at::PhiloxCudaState)",2985,0
15473.464961,0.004736,125,1,1,64,1,1,20,0.000000,0.000000,,,,,"Tesla V100-DGXS-32GB (0)","1","7","_ZN2at6native27unrolled_elementwise_kernelIZZZNS0_21copy_device_to_deviceERNS_14TensorIteratorEbENKUlvE1_clEvENKUlvE6_clEvEUlfE_NS_6detail5ArrayIPcLi2EEE16OffsetCalculatorILi1EjLb0EESC_NS0_6memory15LoadWithoutCastENSD_16StoreWithoutCastEEEviT_T0_T1_T2_T3_T4_",2992,0
15479.785767,0.048223,16,1,5,256,1,1,82,26.000000,0.000000,,,,,"Tesla V100-DGXS-32GB (0)","1","7","volta_sgemm_64x32_sliced1x4_tn",3001,1311552
15486.210219,0.006528,32,2,1,32,16,1,40,0.000000,0.000000,,,,,"Tesla V100-DGXS-32GB (0)","1","7","void splitKreduce_kernel<float, float, float, float, bool=1, bool=0, bool=0>(cublasSplitKParams<float>, float const *, float const *, float*, float const *, float const *, float const *, float const *, float*, void*, long, float*, int*)",3003,0
15492.696783,0.010208,8,1,1,32,4,1,80,0.000000,0.000000,,,,,"Tesla V100-DGXS-32GB (0)","1","7","void _GLOBAL__N__54_tmpxft_00008025_00000000_13_SoftMax_compute_86_cpp1_ii_a3310042::softmax_warp_forward<float, float, float, int=10, bool=1>(float*, float const *, int, int, int)",3022,0
15499.105139,0.005920,1,1,1,32,1,1,34,0.250000,0.000000,,,,,"Tesla V100-DGXS-32GB (0)","1","7","void at::native::_GLOBAL__N__51_tmpxft_0000087b_00000000_13_Loss_compute_86_cpp1_ii_5c69dde6::nll_loss_forward_reduce_cuda_kernel_2d<float, float, long>(float*, float, float, long*, float, bool, int, int, int, long)",3041,0
17521.959731,0.003008,1,1,1,64,1,1,16,0.000000,0.000000,,,,,"Tesla V100-DGXS-32GB (0)","1","7","void at::native::vectorized_elementwise_kernel<int=4, at::native::FillFunctor<float>, at::detail::Array<char*, int=1>>(int, float, at::native::FillFunctor<float>)",3285,1280
17530.799797,0.003168,125,1,1,64,1,1,16,0.000000,0.000000,,,,,"Tesla V100-DGXS-32GB (0)","1","7","void at::native::vectorized_elementwise_kernel<int=4, at::native::FillFunctor<float>, at::detail::Array<char*, int=1>>(int, float, at::native::FillFunctor<float>)",3300,127008
17539.211165,0.004704,1,1,1,32,1,1,32,0.000000,0.000000,,,,,"Tesla V100-DGXS-32GB (0)","1","7","void at::native::_GLOBAL__N__51_tmpxft_0000087b_00000000_13_Loss_compute_86_cpp1_ii_5c69dde6::nll_loss_backward_reduce_cuda_kernel_2d<float, long>(float*, float, long*, float, float, bool, int, int, int, long)",3305,7040
17547.656548,0.011104,8,1,1,32,4,1,109,0.000000,0.000000,,,,,"Tesla V100-DGXS-32GB (0)","1","7","void _GLOBAL__N__54_tmpxft_00008025_00000000_13_SoftMax_compute_86_cpp1_ii_a3310042::softmax_warp_backward<float, float, float, int=10, bool=1>(float*, float const *, float const , int, int, int)",3316,359936
17550.917750,0.001344,,,,,,,,,,0.000122,0.088697,"Device",,"Tesla V100-DGXS-32GB (0)","1","7","[CUDA memset]",3328,
17556.230090,0.058623,32,1,4,256,1,1,134,41.000000,0.000000,,,,,"Tesla V100-DGXS-32GB (0)","1","7","volta_sgemm_128x32_sliced1x4_nn",3330,3005056
17564.706577,0.037568,32,32,1,256,1,1,57,16.000000,0.000000,,,,,"Tesla V100-DGXS-32GB (0)","1","7","volta_sgemm_128x32_nt",3340,13774816
17573.220856,0.011584,2,1,1,32,4,1,50,0.015625,0.000000,,,,,"Tesla V100-DGXS-32GB (0)","1","7","_ZN2at6native13reduce_kernelILi128ELi4ENS0_8ReduceOpIfNS0_14func_wrapper_tIfZNS0_11sum_functorIfffEclERNS_14TensorIteratorEEUlffE_EEjfLi4EEEEEvT1_",3351,148480
17581.723551,0.004128,4,1,1,64,1,1,20,0.000000,0.000000,,,,,"Tesla V100-DGXS-32GB (0)","1","7","void at::native::vectorized_elementwise_kernel<int=4, at::native::AddFunctor<float, float>, at::detail::Array<char*, int=3>>(int, float, float)",3358,9472
17590.236134,0.003519,4,1,1,64,1,1,16,0.000000,0.000000,,,,,"Tesla V100-DGXS-32GB (0)","1","7","void at::native::vectorized_elementwise_kernel<int=4, at::native::MulScalarFunctor<float, float>, at::detail::Array<char*, int=2>>(int, float, float)",3364,4224
17598.758380,0.063071,16000,1,1,64,1,1,20,0.000000,0.000000,,,,,"Tesla V100-DGXS-32GB (0)","1","7","void at::native::vectorized_elementwise_kernel<int=4, at::native::AddFunctor<float, float>, at::detail::Array<char*, int=3>>(int, float, float)",3374,16185952
17607.254547,0.043199,16000,1,1,64,1,1,16,0.000000,0.000000,,,,,"Tesla V100-DGXS-32GB (0)","1","7","void at::native::vectorized_elementwise_kernel<int=4, at::native::MulScalarFunctor<float, float>, at::detail::Array<char*, int=2>>(int, float, float)",3380,16345600
17615.695163,0.362010,8,1,1,544,1,1,96,41.101562,0.000000,,,,,"Tesla V100-DGXS-32GB (0)","1","16","ncclKernel_AllReduce_RING_LL_Sum_float(ncclWorkElem)",3400,45597888
17624.739546,0.007040,512,1,1,64,1,1,21,0.000000,0.000000,,,,,"Tesla V100-DGXS-32GB (0)","1","7","_ZN2at6native29vectorized_elementwise_kernelILi4EZNS0_78_GLOBAL__N__54_tmpxft_000083c5_00000000_13_Dropout_compute_86_cpp1_ii_dfc8fc1b19masked_scale_kernelIffEEvRNS_6TensorERKS4_S7_T0_EUlfbE_NS_6detail5ArrayIPcLi3EEEEEviS8_T1_",3436,1622752
17633.165890,0.006784,512,1,1,64,1,1,20,0.000000,0.000000,,,,,"Tesla V100-DGXS-32GB (0)","1","7","_ZN2at6native29vectorized_elementwise_kernelILi4EZNS0_21threshold_kernel_implIfEEvRNS_18TensorIteratorBaseET_S5_EUlffE_NS_6detail5ArrayIPcLi3EEEEEviT0_T1_",3444,1428928
17636.403027,0.001377,,,,,,,,,,0.000122,0.086572,"Device",,"Tesla V100-DGXS-32GB (0)","1","7","[CUDA memset]",3456,
17641.617961,0.124927,32,1,5,256,1,1,134,41.000000,0.000000,,,,,"Tesla V100-DGXS-32GB (0)","1","7","volta_sgemm_128x32_sliced1x4_nn",3458,4103840
17650.139472,0.113118,32,64,1,128,1,1,122,12.000000,0.000000,,,,,"Tesla V100-DGXS-32GB (0)","1","7","volta_sgemm_128x64_nt",3468,64210752
17658.740949,0.011424,8,1,1,32,4,1,50,0.015625,0.000000,,,,,"Tesla V100-DGXS-32GB (0)","1","7","_ZN2at6native13reduce_kernelILi128ELi4ENS0_8ReduceOpIfNS0_14func_wrapper_tIfZNS0_11sum_functorIfffEclERNS_14TensorIteratorEEUlffE_EEjfLi4EEEEEvT1_",3479,447232
17667.243292,0.003392,16,1,1,64,1,1,20,0.000000,0.000000,,,,,"Tesla V100-DGXS-32GB (0)","1","7","void at::native::vectorized_elementwise_kernel<int=4, at::native::AddFunctor<float, float>, at::detail::Array<char*, int=3>>(int, float, float)",3486,21248
17675.796034,0.003168,16,1,1,64,1,1,16,0.000000,0.000000,,,,,"Tesla V100-DGXS-32GB (0)","1","7","void at::native::vectorized_elementwise_kernel<int=4, at::native::MulScalarFunctor<float, float>, at::detail::Array<char*, int=2>>(int, float, float)",3492,23040
17684.353608,0.246396,65536,1,1,64,1,1,20,0.000000,0.000000,,,,,"Tesla V100-DGXS-32GB (0)","1","7","void at::native::vectorized_elementwise_kernel<int=4, at::native::AddFunctor<float, float>, at::detail::Array<char*, int=3>>(int, float, float)",3502,66886912
17693.048332,0.166142,65536,1,1,64,1,1,16,0.000000,0.000000,,,,,"Tesla V100-DGXS-32GB (0)","1","7","void at::native::vectorized_elementwise_kernel<int=4, at::native::MulScalarFunctor<float, float>, at::detail::Array<char*, int=2>>(int, float, float)",3508,66909472
17701.527859,1.382892,8,1,1,544,1,1,96,41.101562,0.000000,,,,,"Tesla V100-DGXS-32GB (0)","1","16","ncclKernel_AllReduce_RING_LL_Sum_float(ncclWorkElem)",3522,172328832
17711.468325,0.006944,512,1,1,64,1,1,21,0.000000,0.000000,,,,,"Tesla V100-DGXS-32GB (0)","1","7","_ZN2at6native29vectorized_elementwise_kernelILi4EZNS0_78_GLOBAL__N__54_tmpxft_000083c5_00000000_13_Dropout_compute_86_cpp1_ii_dfc8fc1b19masked_scale_kernelIffEEvRNS_6TensorERKS4_S7_T0_EUlfbE_NS_6detail5ArrayIPcLi3EEEEEviS8_T1_",3558,1765760
17719.863982,0.005632,512,1,1,64,1,1,20,0.000000,0.000000,,,,,"Tesla V100-DGXS-32GB (0)","1","7","_ZN2at6native29vectorized_elementwise_kernelILi4EZNS0_21threshold_kernel_implIfEEvRNS_18TensorIteratorBaseET_S5_EUlffE_NS_6detail5ArrayIPcLi3EEEEEviT0_T1_",3566,1316352
17723.069440,0.001408,,,,,,,,,,0.000748,0.518577,"Device",,"Tesla V100-DGXS-32GB (0)","1","7","[CUDA memset]",3578,
17728.289238,0.606743,196,1,2,256,1,1,134,41.000000,0.000000,,,,,"Tesla V100-DGXS-32GB (0)","1","7","volta_sgemm_128x32_sliced1x4_nn",3580,8597984
17737.332597,0.603671,196,64,1,128,1,1,122,12.000000,0.000000,,,,,"Tesla V100-DGXS-32GB (0)","1","7","volta_sgemm_128x64_nt",3592,408744096
17746.404595,0.010880,8,1,1,32,4,1,50,0.015625,0.000000,,,,,"Tesla V100-DGXS-32GB (0)","1","7","_ZN2at6native13reduce_kernelILi128ELi4ENS0_8ReduceOpIfNS0_14func_wrapper_tIfZNS0_11sum_functorIfffEclERNS_14TensorIteratorEEUlffE_EEjfLi4EEEEEvT1_",3603,444544
17754.935930,0.003488,16,1,1,64,1,1,20,0.000000,0.000000,,,,,"Tesla V100-DGXS-32GB (0)","1","7","void at::native::vectorized_elementwise_kernel<int=4, at::native::AddFunctor<float, float>, at::detail::Array<char*, int=3>>(int, float, float)",3610,30976
17763.381378,0.003104,16,1,1,64,1,1,16,0.000000,0.000000,,,,,"Tesla V100-DGXS-32GB (0)","1","7","void at::native::vectorized_elementwise_kernel<int=4, at::native::MulScalarFunctor<float, float>, at::detail::Array<char*, int=2>>(int, float, float)",3616,18560
17771.880456,1.482923,401408,1,1,64,1,1,20,0.000000,0.000000,,,,,"Tesla V100-DGXS-32GB (0)","1","7","void at::native::vectorized_elementwise_kernel<int=4, at::native::AddFunctor<float, float>, at::detail::Array<char*, int=3>>(int, float, float)",3626,410894560
17782.009432,1.001234,401408,1,1,64,1,1,16,0.000000,0.000000,,,,,"Tesla V100-DGXS-32GB (0)","1","7","void at::native::vectorized_elementwise_kernel<int=4, at::native::MulScalarFunctor<float, float>, at::detail::Array<char*, int=2>>(int, float, float)",3632,410827456
17791.333491,8.188299,8,1,1,544,1,1,96,41.101562,0.000000,,,,,"Tesla V100-DGXS-32GB (0)","1","16","ncclKernel_AllReduce_RING_LL_Sum_float(ncclWorkElem)",3646,1271017504
17808.293729,0.009472,3136,1,1,64,1,1,16,0.000000,0.000000,,,,,"Tesla V100-DGXS-32GB (0)","1","7","void at::native::vectorized_elementwise_kernel<int=4, at::native::FillFunctor<float>, at::detail::Array<char*, int=1>>(int, float, at::native::FillFunctor<float>)",3686,5748416
17816.724361,0.074623,16384,1,1,32,8,1,31,0.000000,0.000000,,,,,"Tesla V100-DGXS-32GB (0)","1","7","void at::native::_GLOBAL__N__69_tmpxft_0000539c_00000000_13_AdaptiveAveragePooling_compute_86_cpp1_ii_eb1948c3::atomic_adaptive_average_gradinput<float>(float*, float, int, int, int, int)",3691,4290912
17825.476301,0.023807,12544,1,1,64,1,1,16,0.000000,0.000000,,,,,"Tesla V100-DGXS-32GB (0)","1","7","void at::native::vectorized_elementwise_kernel<int=4, at::native::FillFunctor<float>, at::detail::Array<char*, int=1>>(int, float, at::native::FillFunctor<float>)",3701,12444704
17834.020019,0.087615,1,32,512,256,1,1,32,0.000000,0.000000,,,,,"Tesla V100-DGXS-32GB (0)","1","7","void at::native::_GLOBAL__N__63_tmpxft_00007dfa_00000000_13_DilatedMaxPool2d_compute_86_cpp1_ii_6258b574::max_pool_backward_nchw<float, float>(int, float const *, long const *, int, int, int, int, int, int, int, int, int, int, int, int, int, int, at::native::_GLOBAL__N__63_tmpxft_00007dfa_00000000_13_DilatedMaxPool2d_compute_86_cpp1_ii_6258b574::max_pool_backward_nchw<float, float>*)",3708,13628512
17842.616632,0.050079,12544,1,1,64,1,1,20,0.000000,0.000000,,,,,"Tesla V100-DGXS-32GB (0)","1","7","_ZN2at6native29vectorized_elementwise_kernelILi4EZNS0_21threshold_kernel_implIfEEvRNS_18TensorIteratorBaseET_S5_EUlffE_NS_6detail5ArrayIPcLi3EEEEEviT0_T1_",3716,12381120
17851.246685,0.056351,32,1,1,32,16,1,28,0.015625,0.000000,,,,,"Tesla V100-DGXS-32GB (0)","1","7","_ZN2at6native13reduce_kernelILi512ELi1ENS0_8ReduceOpIfNS0_14func_wrapper_tIfZNS0_11sum_functorIfffEclERNS_14TensorIteratorEEUlffE_EEjfLi4EEEEEvT1_",3730,3252512
17859.919810,0.003392,2,1,1,64,1,1,20,0.000000,0.000000,,,,,"Tesla V100-DGXS-32GB (0)","1","7","void at::native::vectorized_elementwise_kernel<int=4, at::native::AddFunctor<float, float>, at::detail::Array<char*, int=3>>(int, float, float)",3739,0
17868.461576,0.003200,2,1,1,64,1,1,16,0.000000,0.000000,,,,,"Tesla V100-DGXS-32GB (0)","1","7","void at::native::vectorized_elementwise_kernel<int=4, at::native::MulScalarFunctor<float, float>, at::detail::Array<char*, int=2>>(int, float, float)",3745,0
17877.118989,0.070303,2,512,1,256,1,1,64,22.125000,0.000000,,,,,"Tesla V100-DGXS-32GB (0)","1","7","void cudnn::winograd_nonfused::winogradForwardData4x4<float, float>(cudnn::winograd_nonfused::WinogradDataParams<float, float>)",3761,34179360
17885.664178,0.068832,16,64,1,32,8,1,32,9.000000,0.000000,,,,,"Tesla V100-DGXS-32GB (0)","1","7","void cudnn::winograd_nonfused::winogradForwardFilter4x4<float, float>(cudnn::winograd_nonfused::WinogradFilterParams<float, float>)",3762,37612608
17894.134234,0.844052,8,8,36,64,1,1,126,8.000000,0.000000,,,,,"Tesla V100-DGXS-32GB (0)","1","7","volta_sgemm_64x64_nt",3770,38803424
17903.382614,0.075327,2,512,1,256,1,1,64,16.250000,0.000000,,,,,"Tesla V100-DGXS-32GB (0)","1","7","void cudnn::winograd_nonfused::winogradForwardOutput4x4<float, float>(cudnn::winograd_nonfused::WinogradOutputParams<float, float>)",3772,13273984
17912.173593,0.075071,32,32,1,256,1,1,64,24.125000,0.000000,,,,,"Tesla V100-DGXS-32GB (0)","1","7","void cudnn::winograd_nonfused::winogradWgradData4x4<float, float>(cudnn::winograd_nonfused::WinogradDataParams<float, float>)",3786,37233120
17920.674048,0.072639,32,32,1,256,1,1,64,16.500000,0.000000,,,,,"Tesla V100-DGXS-32GB (0)","1","7","void cudnn::winograd_nonfused::winogradWgradDelta4x4<float, float>(cudnn::winograd_nonfused::WinogradDeltaParams<float, float>)",3787,37657216
17929.083592,0.840308,8,8,36,64,1,1,126,8.000000,0.000000,,,,,"Tesla V100-DGXS-32GB (0)","1","7","volta_sgemm_64x64_nt",3795,38633792
17938.355971,0.069503,16,64,1,32,8,1,62,9.000000,0.000000,,,,,"Tesla V100-DGXS-32GB (0)","1","7","void cudnn::winograd_nonfused::winogradWgradOutput4x4<float, float>(cudnn::winograd_nonfused::WinogradWgradOutputParams<float, float>)",3797,9505216
17947.092007,0.038592,9216,1,1,64,1,1,20,0.000000,0.000000,,,,,"Tesla V100-DGXS-32GB (0)","1","7","void at::native::vectorized_elementwise_kernel<int=4, at::native::AddFunctor<float, float>, at::detail::Array<char*, int=3>>(int, float, float)",3805,8922528
17955.718604,0.026304,9216,1,1,64,1,1,16,0.000000,0.000000,,,,,"Tesla V100-DGXS-32GB (0)","1","7","void at::native::vectorized_elementwise_kernel<int=4, at::native::MulScalarFunctor<float, float>, at::detail::Array<char*, int=2>>(int, float, float)",3811,9178784
17964.486703,0.051679,12544,1,1,64,1,1,20,0.000000,0.000000,,,,,"Tesla V100-DGXS-32GB (0)","1","7","_ZN2at6native29vectorized_elementwise_kernelILi4EZNS0_21threshold_kernel_implIfEEvRNS_18TensorIteratorBaseET_S5_EUlffE_NS_6detail5ArrayIPcLi3EEEEEviT0_T1_",3820,13023456
17974.955354,0.053247,32,1,1,32,16,1,28,0.015625,0.000000,,,,,"Tesla V100-DGXS-32GB (0)","1","7","_ZN2at6native13reduce_kernelILi512ELi1ENS0_8ReduceOpIfNS0_14func_wrapper_tIfZNS0_11sum_functorIfffEclERNS_14TensorIteratorEEUlffE_EEjfLi4EEEEEvT1_",3834,3255968
17983.485696,0.003456,2,1,1,64,1,1,20,0.000000,0.000000,,,,,"Tesla V100-DGXS-32GB (0)","1","7","void at::native::vectorized_elementwise_kernel<int=4, at::native::AddFunctor<float, float>, at::detail::Array<char*, int=3>>(int, float, float)",3843,0
17989.884517,0.003232,2,1,1,64,1,1,16,0.000000,0.000000,,,,,"Tesla V100-DGXS-32GB (0)","1","7","void at::native::vectorized_elementwise_kernel<int=4, at::native::MulScalarFunctor<float, float>, at::detail::Array<char*, int=2>>(int, float, float)",3849,0
17996.355017,0.067839,2,512,1,256,1,1,64,22.125000,0.000000,,,,,"Tesla V100-DGXS-32GB (0)","1","7","void cudnn::winograd_nonfused::winogradForwardData4x4<float, float>(cudnn::winograd_nonfused::WinogradDataParams<float, float>)",3865,34188992
18002.767341,0.067455,16,64,1,32,8,1,32,9.000000,0.000000,,,,,"Tesla V100-DGXS-32GB (0)","1","7","void cudnn::winograd_nonfused::winogradForwardFilter4x4<float, float>(cudnn::winograd_nonfused::WinogradFilterParams<float, float>)",3866,37531968
18009.086132,0.840755,8,8,36,64,1,1,126,8.000000,0.000000,,,,,"Tesla V100-DGXS-32GB (0)","1","7","volta_sgemm_64x64_nt",3874,38517696
18018.306992,0.072511,2,512,1,256,1,1,64,16.250000,0.000000,,,,,"Tesla V100-DGXS-32GB (0)","1","7","void cudnn::winograd_nonfused::winogradForwardOutput4x4<float, float>(cudnn::winograd_nonfused::WinogradOutputParams<float, float>)",3876,13457952
18026.952661,0.072735,32,32,1,256,1,1,64,24.125000,0.000000,,,,,"Tesla V100-DGXS-32GB (0)","1","7","void cudnn::winograd_nonfused::winogradWgradData4x4<float, float>(cudnn::winograd_nonfused::WinogradDataParams<float, float>)",3890,37271936
18035.410460,0.072607,32,32,1,256,1,1,64,16.500000,0.000000,,,,,"Tesla V100-DGXS-32GB (0)","1","7","void cudnn::winograd_nonfused::winogradWgradDelta4x4<float, float>(cudnn::winograd_nonfused::WinogradDeltaParams<float, float>)",3891,37722400
18043.738310,0.841940,8,8,36,64,1,1,126,8.000000,0.000000,,,,,"Tesla V100-DGXS-32GB (0)","1","7","volta_sgemm_64x64_nt",3899,38596064
18052.904835,0.068735,16,64,1,32,8,1,62,9.000000,0.000000,,,,,"Tesla V100-DGXS-32GB (0)","1","7","void cudnn::winograd_nonfused::winogradWgradOutput4x4<float, float>(cudnn::winograd_nonfused::WinogradWgradOutputParams<float, float>)",3901,9473472
18061.515272,0.038207,9216,1,1,64,1,1,20,0.000000,0.000000,,,,,"Tesla V100-DGXS-32GB (0)","1","7","void at::native::vectorized_elementwise_kernel<int=4, at::native::AddFunctor<float, float>, at::detail::Array<char*, int=3>>(int, float, float)",3909,8965024
18070.024271,0.026207,9216,1,1,64,1,1,16,0.000000,0.000000,,,,,"Tesla V100-DGXS-32GB (0)","1","7","void at::native::vectorized_elementwise_kernel<int=4, at::native::MulScalarFunctor<float, float>, at::detail::Array<char*, int=2>>(int, float, float)",3915,9179680
18078.467863,0.051647,12544,1,1,64,1,1,20,0.000000,0.000000,,,,,"Tesla V100-DGXS-32GB (0)","1","7","_ZN2at6native29vectorized_elementwise_kernelILi4EZNS0_21threshold_kernel_implIfEEvRNS_18TensorIteratorBaseET_S5_EUlffE_NS_6detail5ArrayIPcLi3EEEEEviT0_T1_",3924,13025216
18087.075644,0.053695,32,1,1,32,16,1,28,0.015625,0.000000,,,,,"Tesla V100-DGXS-32GB (0)","1","7","_ZN2at6native13reduce_kernelILi512ELi1ENS0_8ReduceOpIfNS0_14func_wrapper_tIfZNS0_11sum_functorIfffEclERNS_14TensorIteratorEEUlffE_EEjfLi4EEEEEvT1_",3938,3240352
18095.691233,0.003616,2,1,1,64,1,1,20,0.000000,0.000000,,,,,"Tesla V100-DGXS-32GB (0)","1","7","void at::native::vectorized_elementwise_kernel<int=4, at::native::AddFunctor<float, float>, at::detail::Array<char*, int=3>>(int, float, float)",3947,0
18104.171688,0.003136,2,1,1,64,1,1,16,0.000000,0.000000,,,,,"Tesla V100-DGXS-32GB (0)","1","7","void at::native::vectorized_elementwise_kernel<int=4, at::native::MulScalarFunctor<float, float>, at::detail::Array<char*, int=2>>(int, float, float)",3953,0
18112.692623,0.071391,2,512,1,256,1,1,64,22.125000,0.000000,,,,,"Tesla V100-DGXS-32GB (0)","1","7","void cudnn::winograd_nonfused::winogradForwardData4x4<float, float>(cudnn::winograd_nonfused::WinogradDataParams<float, float>)",3969,34250688
18121.164982,0.067359,16,64,1,32,8,1,32,9.000000,0.000000,,,,,"Tesla V100-DGXS-32GB (0)","1","7","void cudnn::winograd_nonfused::winogradForwardFilter4x4<float, float>(cudnn::winograd_nonfused::WinogradFilterParams<float, float>)",3970,37539040
18129.491071,0.840180,8,8,36,64,1,1,126,8.000000,0.000000,,,,,"Tesla V100-DGXS-32GB (0)","1","7","volta_sgemm_64x64_nt",3978,38806496
18138.694588,0.073503,2,512,1,256,1,1,64,16.250000,0.000000,,,,,"Tesla V100-DGXS-32GB (0)","1","7","void cudnn::winograd_nonfused::winogradForwardOutput4x4<float, float>(cudnn::winograd_nonfused::WinogradOutputParams<float, float>)",3980,13131328
18147.301026,0.074590,32,32,1,256,1,1,64,24.125000,0.000000,,,,,"Tesla V100-DGXS-32GB (0)","1","7","void cudnn::winograd_nonfused::winogradWgradData4x4<float, float>(cudnn::winograd_nonfused::WinogradDataParams<float, float>)",3994,37314336
18155.743497,0.073215,32,32,1,256,1,1,64,16.500000,0.000000,,,,,"Tesla V100-DGXS-32GB (0)","1","7","void cudnn::winograd_nonfused::winogradWgradDelta4x4<float, float>(cudnn::winograd_nonfused::WinogradDeltaParams<float, float>)",3995,37623552
18164.059218,0.838484,8,8,36,64,1,1,126,8.000000,0.000000,,,,,"Tesla V100-DGXS-32GB (0)","1","7","volta_sgemm_64x64_nt",4003,38677088
18173.343566,0.068255,16,64,1,32,8,1,62,9.000000,0.000000,,,,,"Tesla V100-DGXS-32GB (0)","1","7","void cudnn::winograd_nonfused::winogradWgradOutput4x4<float, float>(cudnn::winograd_nonfused::WinogradWgradOutputParams<float, float>)",4005,9370176
18181.966388,0.038879,9216,1,1,64,1,1,20,0.000000,0.000000,,,,,"Tesla V100-DGXS-32GB (0)","1","7","void at::native::vectorized_elementwise_kernel<int=4, at::native::AddFunctor<float, float>, at::detail::Array<char*, int=3>>(int, float, float)",4013,8997024
18190.467418,0.026656,9216,1,1,64,1,1,16,0.000000,0.000000,,,,,"Tesla V100-DGXS-32GB (0)","1","7","void at::native::vectorized_elementwise_kernel<int=4, at::native::MulScalarFunctor<float, float>, at::detail::Array<char*, int=2>>(int, float, float)",4019,9197984
18206.600916,0.593880,8,1,1,544,1,1,96,41.101562,0.000000,,,,,"Tesla V100-DGXS-32GB (0)","1","16","ncclKernel_AllReduce_RING_LL_Sum_float(ncclWorkElem)",4033,74402112
18214.018987,0.086302,50176,1,1,64,1,1,16,0.000000,0.000000,,,,,"Tesla V100-DGXS-32GB (0)","1","7","void at::native::vectorized_elementwise_kernel<int=4, at::native::FillFunctor<float>, at::detail::Array<char*, int=1>>(int, float, at::native::FillFunctor<float>)",4069,54439040
18220.686443,0.307452,4,32,512,256,1,1,32,0.000000,0.000000,,,,,"Tesla V100-DGXS-32GB (0)","1","7","void at::native::_GLOBAL__N__63_tmpxft_00007dfa_00000000_13_DilatedMaxPool2d_compute_86_cpp1_ii_6258b574::max_pool_backward_nchw<float, float>(int, float const *, long const *, int, int, int, int, int, int, int, int, int, int, int, int, int, int, at::native::_GLOBAL__N__63_tmpxft_00007dfa_00000000_13_DilatedMaxPool2d_compute_86_cpp1_ii_6258b574::max_pool_backward_nchw<float, float>*)",4076,52204256
18227.579433,0.189501,50176,1,1,64,1,1,20,0.000000,0.000000,,,,,"Tesla V100-DGXS-32GB (0)","1","7","_ZN2at6native29vectorized_elementwise_kernelILi4EZNS0_21threshold_kernel_implIfEEvRNS_18TensorIteratorBaseET_S5_EUlffE_NS_6detail5ArrayIPcLi3EEEEEviT0_T1_",4084,50990688
18234.362985,0.079358,512,1,1,32,16,1,28,0.015625,2.000000,,,,,"Tesla V100-DGXS-32GB (0)","1","7","_ZN2at6native13reduce_kernelILi512ELi1ENS0_8ReduceOpIfNS0_14func_wrapper_tIfZNS0_11sum_functorIfffEclERNS_14TensorIteratorEEUlffE_EEjfLi4EEEEEvT1_",4097,3222304
18241.046185,0.003424,2,1,1,64,1,1,20,0.000000,0.000000,,,,,"Tesla V100-DGXS-32GB (0)","1","7","void at::native::vectorized_elementwise_kernel<int=4, at::native::AddFunctor<float, float>, at::detail::Array<char*, int=3>>(int, float, float)",4106,0
18247.658155,0.003232,2,1,1,64,1,1,16,0.000000,0.000000,,,,,"Tesla V100-DGXS-32GB (0)","1","7","void at::native::vectorized_elementwise_kernel<int=4, at::native::MulScalarFunctor<float, float>, at::detail::Array<char*, int=2>>(int, float, float)",4112,0
18254.264653,0.243709,8,512,1,256,1,1,64,22.125000,0.000000,,,,,"Tesla V100-DGXS-32GB (0)","1","7","void cudnn::winograd_nonfused::winogradForwardData4x4<float, float>(cudnn::winograd_nonfused::WinogradDataParams<float, float>)",4128,112770176
18261.010573,0.064383,16,64,1,32,8,1,32,9.000000,0.000000,,,,,"Tesla V100-DGXS-32GB (0)","1","7","void cudnn::winograd_nonfused::winogradForwardFilter4x4<float, float>(cudnn::winograd_nonfused::WinogradFilterParams<float, float>)",4129,36836096
18267.503632,2.347519,49,4,36,256,1,1,57,16.000000,0.000000,,,,,"Tesla V100-DGXS-32GB (0)","1","7","volta_sgemm_32x128_nt",4137,116521696
18276.302226,0.259741,8,512,1,256,1,1,64,16.250000,0.000000,,,,,"Tesla V100-DGXS-32GB (0)","1","7","void cudnn::winograd_nonfused::winogradForwardOutput4x4<float, float>(cudnn::winograd_nonfused::WinogradOutputParams<float, float>)",4139,59770752
18283.134129,0.236605,128,32,1,256,1,1,64,24.125000,0.000000,,,,,"Tesla V100-DGXS-32GB (0)","1","7","void cudnn::winograd_nonfused::winogradWgradData4x4<float, float>(cudnn::winograd_nonfused::WinogradDataParams<float, float>)",4153,114962912
18289.818610,0.243900,128,32,1,256,1,1,64,16.500000,0.000000,,,,,"Tesla V100-DGXS-32GB (0)","1","7","void cudnn::winograd_nonfused::winogradWgradDelta4x4<float, float>(cudnn::winograd_nonfused::WinogradDeltaParams<float, float>)",4154,115545344
18296.449076,2.524091,8,8,36,64,1,1,126,8.000000,0.000000,,,,,"Tesla V100-DGXS-32GB (0)","1","7","volta_sgemm_64x64_nt",4162,39614048
18305.497523,0.067422,16,64,1,32,8,1,62,9.000000,0.000000,,,,,"Tesla V100-DGXS-32GB (0)","1","7","void cudnn::winograd_nonfused::winogradWgradOutput4x4<float, float>(cudnn::winograd_nonfused::WinogradWgradOutputParams<float, float>)",4164,8312640
18312.100948,0.038816,9216,1,1,64,1,1,20,0.000000,0.000000,,,,,"Tesla V100-DGXS-32GB (0)","1","7","void at::native::vectorized_elementwise_kernel<int=4, at::native::AddFunctor<float, float>, at::detail::Array<char*, int=3>>(int, float, float)",4172,9013952
18318.694742,0.026400,9216,1,1,64,1,1,16,0.000000,0.000000,,,,,"Tesla V100-DGXS-32GB (0)","1","7","void at::native::vectorized_elementwise_kernel<int=4, at::native::MulScalarFunctor<float, float>, at::detail::Array<char*, int=2>>(int, float, float)",4178,9216160
18325.248281,0.189341,50176,1,1,64,1,1,20,0.000000,0.000000,,,,,"Tesla V100-DGXS-32GB (0)","1","7","_ZN2at6native29vectorized_elementwise_kernelILi4EZNS0_21threshold_kernel_implIfEEvRNS_18TensorIteratorBaseET_S5_EUlffE_NS_6detail5ArrayIPcLi3EEEEEviT0_T1_",4187,51527648
18331.939546,0.078783,512,1,1,32,16,1,28,0.015625,2.000000,,,,,"Tesla V100-DGXS-32GB (0)","1","7","_ZN2at6native13reduce_kernelILi512ELi1ENS0_8ReduceOpIfNS0_14func_wrapper_tIfZNS0_11sum_functorIfffEclERNS_14TensorIteratorEEUlffE_EEjfLi4EEEEEvT1_",4200,3263648
18338.561819,0.003680,2,1,1,64,1,1,20,0.000000,0.000000,,,,,"Tesla V100-DGXS-32GB (0)","1","7","void at::native::vectorized_elementwise_kernel<int=4, at::native::AddFunctor<float, float>, at::detail::Array<char*, int=3>>(int, float, float)",4209,0
18345.056190,0.003137,2,1,1,64,1,1,16,0.000000,0.000000,,,,,"Tesla V100-DGXS-32GB (0)","1","7","void at::native::vectorized_elementwise_kernel<int=4, at::native::MulScalarFunctor<float, float>, at::detail::Array<char*, int=2>>(int, float, float)",4215,0
18351.651393,0.240444,8,512,1,256,1,1,64,22.125000,0.000000,,,,,"Tesla V100-DGXS-32GB (0)","1","7","void cudnn::winograd_nonfused::winogradForwardData4x4<float, float>(cudnn::winograd_nonfused::WinogradDataParams<float, float>)",4231,112775040
18358.364801,0.069535,16,64,1,32,8,1,32,9.000000,0.000000,,,,,"Tesla V100-DGXS-32GB (0)","1","7","void cudnn::winograd_nonfused::winogradForwardFilter4x4<float, float>(cudnn::winograd_nonfused::WinogradFilterParams<float, float>)",4232,36870048
18364.783078,2.345182,49,4,36,256,1,1,57,16.000000,0.000000,,,,,"Tesla V100-DGXS-32GB (0)","1","7","volta_sgemm_32x128_nt",4240,116373088
18373.535145,0.265116,8,512,1,256,1,1,64,16.250000,0.000000,,,,,"Tesla V100-DGXS-32GB (0)","1","7","void cudnn::winograd_nonfused::winogradForwardOutput4x4<float, float>(cudnn::winograd_nonfused::WinogradOutputParams<float, float>)",4242,59568192
18380.370855,0.237021,128,32,1,256,1,1,64,24.125000,0.000000,,,,,"Tesla V100-DGXS-32GB (0)","1","7","void cudnn::winograd_nonfused::winogradWgradData4x4<float, float>(cudnn::winograd_nonfused::WinogradDataParams<float, float>)",4256,115099168
18387.039656,0.241949,128,32,1,256,1,1,64,16.500000,0.000000,,,,,"Tesla V100-DGXS-32GB (0)","1","7","void cudnn::winograd_nonfused::winogradWgradDelta4x4<float, float>(cudnn::winograd_nonfused::WinogradDeltaParams<float, float>)",4257,115422848
18393.706793,2.522236,8,8,36,64,1,1,126,8.000000,0.000000,,,,,"Tesla V100-DGXS-32GB (0)","1","7","volta_sgemm_64x64_nt",4265,40026080
18402.673897,0.067584,16,64,1,32,8,1,62,9.000000,0.000000,,,,,"Tesla V100-DGXS-32GB (0)","1","7","void cudnn::winograd_nonfused::winogradWgradOutput4x4<float, float>(cudnn::winograd_nonfused::WinogradWgradOutputParams<float, float>)",4267,8039232
18409.339211,0.038655,9216,1,1,64,1,1,20,0.000000,0.000000,,,,,"Tesla V100-DGXS-32GB (0)","1","7","void at::native::vectorized_elementwise_kernel<int=4, at::native::AddFunctor<float, float>, at::detail::Array<char*, int=3>>(int, float, float)",4275,8970048
18415.884237,0.026560,9216,1,1,64,1,1,16,0.000000,0.000000,,,,,"Tesla V100-DGXS-32GB (0)","1","7","void at::native::vectorized_elementwise_kernel<int=4, at::native::MulScalarFunctor<float, float>, at::detail::Array<char*, int=2>>(int, float, float)",4281,9206304
18422.338641,0.189758,50176,1,1,64,1,1,20,0.000000,0.000000,,,,,"Tesla V100-DGXS-32GB (0)","1","7","_ZN2at6native29vectorized_elementwise_kernelILi4EZNS0_21threshold_kernel_implIfEEvRNS_18TensorIteratorBaseET_S5_EUlffE_NS_6detail5ArrayIPcLi3EEEEEviT0_T1_",4290,51551168
18429.060177,0.079807,512,1,1,32,16,1,28,0.015625,2.000000,,,,,"Tesla V100-DGXS-32GB (0)","1","7","_ZN2at6native13reduce_kernelILi512ELi1ENS0_8ReduceOpIfNS0_14func_wrapper_tIfZNS0_11sum_functorIfffEclERNS_14TensorIteratorEEUlffE_EEjfLi4EEEEEvT1_",4303,3248992
18435.700755,0.003488,2,1,1,64,1,1,20,0.000000,0.000000,,,,,"Tesla V100-DGXS-32GB (0)","1","7","void at::native::vectorized_elementwise_kernel<int=4, at::native::AddFunctor<float, float>, at::detail::Array<char*, int=3>>(int, float, float)",4312,0
18442.218710,0.003200,2,1,1,64,1,1,16,0.000000,0.000000,,,,,"Tesla V100-DGXS-32GB (0)","1","7","void at::native::vectorized_elementwise_kernel<int=4, at::native::MulScalarFunctor<float, float>, at::detail::Array<char*, int=2>>(int, float, float)",4318,0
18448.773560,0.242493,8,512,1,256,1,1,64,22.125000,0.000000,,,,,"Tesla V100-DGXS-32GB (0)","1","7","void cudnn::winograd_nonfused::winogradForwardData4x4<float, float>(cudnn::winograd_nonfused::WinogradDataParams<float, float>)",4334,112745248
18455.427514,0.034015,8,64,1,32,8,1,32,9.000000,0.000000,,,,,"Tesla V100-DGXS-32GB (0)","1","7","void cudnn::winograd_nonfused::winogradForwardFilter4x4<float, float>(cudnn::winograd_nonfused::WinogradFilterParams<float, float>)",4335,18101088
18461.784255,1.194351,49,2,36,256,1,1,57,16.000000,0.000000,,,,,"Tesla V100-DGXS-32GB (0)","1","7","volta_sgemm_32x128_nt",4343,58708448
18469.372563,0.138718,8,256,1,256,1,1,64,16.250000,0.000000,,,,,"Tesla V100-DGXS-32GB (0)","1","7","void cudnn::winograd_nonfused::winogradForwardOutput4x4<float, float>(cudnn::winograd_nonfused::WinogradOutputParams<float, float>)",4345,29793184
18476.060787,0.121183,64,32,1,256,1,1,64,24.125000,0.000000,,,,,"Tesla V100-DGXS-32GB (0)","1","7","void cudnn::winograd_nonfused::winogradWgradData4x4<float, float>(cudnn::winograd_nonfused::WinogradDataParams<float, float>)",4359,57227136
18482.638966,0.240604,128,32,1,256,1,1,64,16.500000,0.000000,,,,,"Tesla V100-DGXS-32GB (0)","1","7","void cudnn::winograd_nonfused::winogradWgradDelta4x4<float, float>(cudnn::winograd_nonfused::WinogradDeltaParams<float, float>)",4360,115536544
18489.208056,1.276590,4,8,36,64,1,1,126,8.000000,0.000000,,,,,"Tesla V100-DGXS-32GB (0)","1","7","volta_sgemm_64x64_nt",4368,19322432
18496.878251,0.036191,8,64,1,32,8,1,62,9.000000,0.000000,,,,,"Tesla V100-DGXS-32GB (0)","1","7","void cudnn::winograd_nonfused::winogradWgradOutput4x4<float, float>(cudnn::winograd_nonfused::WinogradWgradOutputParams<float, float>)",4370,4977216
18503.389550,0.019743,4608,1,1,64,1,1,20,0.000000,0.000000,,,,,"Tesla V100-DGXS-32GB (0)","1","7","void at::native::vectorized_elementwise_kernel<int=4, at::native::AddFunctor<float, float>, at::detail::Array<char*, int=3>>(int, float, float)",4378,4334752
18509.947185,0.012735,4608,1,1,64,1,1,16,0.000000,0.000000,,,,,"Tesla V100-DGXS-32GB (0)","1","7","void at::native::vectorized_elementwise_kernel<int=4, at::native::MulScalarFunctor<float, float>, at::detail::Array<char*, int=2>>(int, float, float)",4384,4603936
18516.456596,0.169277,100352,1,1,64,1,1,16,0.000000,0.000000,,,,,"Tesla V100-DGXS-32GB (0)","1","7","void at::native::vectorized_elementwise_kernel<int=4, at::native::FillFunctor<float>, at::detail::Array<char*, int=1>>(int, float, at::native::FillFunctor<float>)",4395,102685760
18523.076917,0.580312,13,32,256,256,1,1,32,0.000000,0.000000,,,,,"Tesla V100-DGXS-32GB (0)","1","7","void at::native::_GLOBAL__N__63_tmpxft_00007dfa_00000000_13_DilatedMaxPool2d_compute_86_cpp1_ii_6258b574::max_pool_backward_nchw<float, float>(int, float const *, long const *, int, int, int, int, int, int, int, int, int, int, int, int, int, int, at::native::_GLOBAL__N__63_tmpxft_00007dfa_00000000_13_DilatedMaxPool2d_compute_86_cpp1_ii_6258b574::max_pool_backward_nchw<float, float>*)",4402,103061632
18530.058642,0.374074,100352,1,1,64,1,1,20,0.000000,0.000000,,,,,"Tesla V100-DGXS-32GB (0)","1","7","_ZN2at6native29vectorized_elementwise_kernelILi4EZNS0_21threshold_kernel_implIfEEvRNS_18TensorIteratorBaseET_S5_EUlffE_NS_6detail5ArrayIPcLi3EEEEEviT0_T1_",4410,102562624
18536.925904,0.135646,256,1,1,32,16,1,28,0.015625,2.000000,,,,,"Tesla V100-DGXS-32GB (0)","1","7","_ZN2at6native13reduce_kernelILi512ELi1ENS0_8ReduceOpIfNS0_14func_wrapper_tIfZNS0_11sum_functorIfffEclERNS_14TensorIteratorEEUlffE_EEjfLi4EEEEEvT1_",4423,3226528
18543.551186,0.003391,1,1,1,64,1,1,20,0.000000,0.000000,,,,,"Tesla V100-DGXS-32GB (0)","1","7","void at::native::vectorized_elementwise_kernel<int=4, at::native::AddFunctor<float, float>, at::detail::Array<char*, int=3>>(int, float, float)",4432,0
18550.073876,0.003296,1,1,1,64,1,1,16,0.000000,0.000000,,,,,"Tesla V100-DGXS-32GB (0)","1","7","void at::native::vectorized_elementwise_kernel<int=4, at::native::MulScalarFunctor<float, float>, at::detail::Array<char*, int=2>>(int, float, float)",4438,0
18556.618167,0.500409,32,256,1,256,1,1,64,22.125000,0.000000,,,,,"Tesla V100-DGXS-32GB (0)","1","7","void cudnn::winograd_nonfused::winogradForwardData4x4<float, float>(cudnn::winograd_nonfused::WinogradDataParams<float, float>)",4454,227712448
18563.554292,0.017312,8,32,1,32,8,1,32,9.000000,0.000000,,,,,"Tesla V100-DGXS-32GB (0)","1","7","void cudnn::winograd_nonfused::winogradForwardFilter4x4<float, float>(cudnn::winograd_nonfused::WinogradFilterParams<float, float>)",4455,9291104
18569.926777,2.408542,196,2,36,256,1,1,57,16.000000,0.000000,,,,,"Tesla V100-DGXS-32GB (0)","1","7","volta_sgemm_32x128_nt",4463,231822528
18578.711964,0.433562,32,256,1,256,1,1,64,16.250000,0.000000,,,,,"Tesla V100-DGXS-32GB (0)","1","7","void cudnn::winograd_nonfused::winogradForwardOutput4x4<float, float>(cudnn::winograd_nonfused::WinogradOutputParams<float, float>)",4465,103247328
18585.663193,0.502841,224,32,1,256,1,1,64,24.125000,0.000000,,,,,"Tesla V100-DGXS-32GB (0)","1","7","void cudnn::winograd_nonfused::winogradWgradData4x4<float, float>(cudnn::winograd_nonfused::WinogradDataParams<float, float>)",4479,230168192
18592.549303,0.509369,224,32,1,256,1,1,64,16.500000,0.000000,,,,,"Tesla V100-DGXS-32GB (0)","1","7","void cudnn::winograd_nonfused::winogradWgradDelta4x4<float, float>(cudnn::winograd_nonfused::WinogradDeltaParams<float, float>)",4480,231201952
18599.377622,2.537820,4,4,36,64,1,1,126,8.000000,0.000000,,,,,"Tesla V100-DGXS-32GB (0)","1","7","volta_sgemm_64x64_nt",4488,10355680
18608.236248,0.019167,8,32,1,32,8,1,62,9.000000,0.000000,,,,,"Tesla V100-DGXS-32GB (0)","1","7","void cudnn::winograd_nonfused::winogradWgradOutput4x4<float, float>(cudnn::winograd_nonfused::WinogradWgradOutputParams<float, float>)",4490,2468800
18614.775866,0.008608,2304,1,1,64,1,1,20,0.000000,0.000000,,,,,"Tesla V100-DGXS-32GB (0)","1","7","void at::native::vectorized_elementwise_kernel<int=4, at::native::AddFunctor<float, float>, at::detail::Array<char*, int=3>>(int, float, float)",4498,1750176
18621.190655,0.007200,2304,1,1,64,1,1,16,0.000000,0.000000,,,,,"Tesla V100-DGXS-32GB (0)","1","7","void at::native::vectorized_elementwise_kernel<int=4, at::native::MulScalarFunctor<float, float>, at::detail::Array<char*, int=2>>(int, float, float)",4504,2495200
18627.637379,0.374555,100352,1,1,64,1,1,20,0.000000,0.000000,,,,,"Tesla V100-DGXS-32GB (0)","1","7","_ZN2at6native29vectorized_elementwise_kernelILi4EZNS0_21threshold_kernel_implIfEEvRNS_18TensorIteratorBaseET_S5_EUlffE_NS_6detail5ArrayIPcLi3EEEEEviT0_T1_",4513,102537088
18634.502945,0.134942,256,1,1,32,16,1,28,0.015625,2.000000,,,,,"Tesla V100-DGXS-32GB (0)","1","7","_ZN2at6native13reduce_kernelILi512ELi1ENS0_8ReduceOpIfNS0_14func_wrapper_tIfZNS0_11sum_functorIfffEclERNS_14TensorIteratorEEUlffE_EEjfLi4EEEEEvT1_",4526,3237536
18641.097795,0.003392,1,1,1,64,1,1,20,0.000000,0.000000,,,,,"Tesla V100-DGXS-32GB (0)","1","7","void at::native::vectorized_elementwise_kernel<int=4, at::native::AddFunctor<float, float>, at::detail::Array<char*, int=3>>(int, float, float)",4535,0
18647.538791,0.003424,1,1,1,64,1,1,16,0.000000,0.000000,,,,,"Tesla V100-DGXS-32GB (0)","1","7","void at::native::vectorized_elementwise_kernel<int=4, at::native::MulScalarFunctor<float, float>, at::detail::Array<char*, int=2>>(int, float, float)",4541,0
18654.072618,0.507545,32,256,1,256,1,1,64,22.125000,0.000000,,,,,"Tesla V100-DGXS-32GB (0)","1","7","void cudnn::winograd_nonfused::winogradForwardData4x4<float, float>(cudnn::winograd_nonfused::WinogradDataParams<float, float>)",4557,227976928
18660.941288,0.017024,8,32,1,32,8,1,32,9.000000,0.000000,,,,,"Tesla V100-DGXS-32GB (0)","1","7","void cudnn::winograd_nonfused::winogradForwardFilter4x4<float, float>(cudnn::winograd_nonfused::WinogradFilterParams<float, float>)",4558,9050848
18667.258094,2.402046,196,2,36,256,1,1,57,16.000000,0.000000,,,,,"Tesla V100-DGXS-32GB (0)","1","7","volta_sgemm_32x128_nt",4566,231741632
18676.168815,0.447706,32,256,1,256,1,1,64,16.250000,0.000000,,,,,"Tesla V100-DGXS-32GB (0)","1","7","void cudnn::winograd_nonfused::winogradForwardOutput4x4<float, float>(cudnn::winograd_nonfused::WinogradOutputParams<float, float>)",4568,103304448
18683.113100,0.500505,224,32,1,256,1,1,64,24.125000,0.000000,,,,,"Tesla V100-DGXS-32GB (0)","1","7","void cudnn::winograd_nonfused::winogradWgradData4x4<float, float>(cudnn::winograd_nonfused::WinogradDataParams<float, float>)",4582,230352960
18690.079849,0.509785,224,32,1,256,1,1,64,16.500000,0.000000,,,,,"Tesla V100-DGXS-32GB (0)","1","7","void cudnn::winograd_nonfused::winogradWgradDelta4x4<float, float>(cudnn::winograd_nonfused::WinogradDeltaParams<float, float>)",4583,230960640
18696.929639,2.537308,4,4,36,64,1,1,126,8.000000,0.000000,,,,,"Tesla V100-DGXS-32GB (0)","1","7","volta_sgemm_64x64_nt",4591,10423264
18705.872616,0.019072,8,32,1,32,8,1,62,9.000000,0.000000,,,,,"Tesla V100-DGXS-32GB (0)","1","7","void cudnn::winograd_nonfused::winogradWgradOutput4x4<float, float>(cudnn::winograd_nonfused::WinogradWgradOutputParams<float, float>)",4593,2435776
18712.395083,0.009600,2304,1,1,64,1,1,20,0.000000,0.000000,,,,,"Tesla V100-DGXS-32GB (0)","1","7","void at::native::vectorized_elementwise_kernel<int=4, at::native::AddFunctor<float, float>, at::detail::Array<char*, int=3>>(int, float, float)",4601,1743360
18718.857967,0.007168,2304,1,1,64,1,1,16,0.000000,0.000000,,,,,"Tesla V100-DGXS-32GB (0)","1","7","void at::native::vectorized_elementwise_kernel<int=4, at::native::MulScalarFunctor<float, float>, at::detail::Array<char*, int=2>>(int, float, float)",4607,2359968
18725.301331,0.597175,8,1,1,544,1,1,96,41.101562,0.000000,,,,,"Tesla V100-DGXS-32GB (0)","1","16","ncclKernel_AllReduce_RING_LL_Sum_float(ncclWorkElem)",4621,73783264
18732.413549,0.376219,100352,1,1,64,1,1,20,0.000000,0.000000,,,,,"Tesla V100-DGXS-32GB (0)","1","7","_ZN2at6native29vectorized_elementwise_kernelILi4EZNS0_21threshold_kernel_implIfEEvRNS_18TensorIteratorBaseET_S5_EUlffE_NS_6detail5ArrayIPcLi3EEEEEviT0_T1_",4655,103339776
18739.270572,0.139646,256,1,1,32,16,1,28,0.015625,2.000000,,,,,"Tesla V100-DGXS-32GB (0)","1","7","_ZN2at6native13reduce_kernelILi512ELi1ENS0_8ReduceOpIfNS0_14func_wrapper_tIfZNS0_11sum_functorIfffEclERNS_14TensorIteratorEEUlffE_EEjfLi4EEEEEvT1_",4668,3214112
18745.893517,0.003456,1,1,1,64,1,1,20,0.000000,0.000000,,,,,"Tesla V100-DGXS-32GB (0)","1","7","void at::native::vectorized_elementwise_kernel<int=4, at::native::AddFunctor<float, float>, at::detail::Array<char*, int=3>>(int, float, float)",4677,0
18752.370449,0.003168,1,1,1,64,1,1,16,0.000000,0.000000,,,,,"Tesla V100-DGXS-32GB (0)","1","7","void at::native::vectorized_elementwise_kernel<int=4, at::native::MulScalarFunctor<float, float>, at::detail::Array<char*, int=2>>(int, float, float)",4683,0
18758.870388,0.495065,32,256,1,256,1,1,64,22.125000,0.000000,,,,,"Tesla V100-DGXS-32GB (0)","1","7","void cudnn::winograd_nonfused::winogradForwardData4x4<float, float>(cudnn::winograd_nonfused::WinogradDataParams<float, float>)",4699,227811744
18765.714195,0.011456,4,32,1,32,8,1,32,9.000000,0.000000,,,,,"Tesla V100-DGXS-32GB (0)","1","7","void cudnn::winograd_nonfused::winogradForwardFilter4x4<float, float>(cudnn::winograd_nonfused::WinogradFilterParams<float, float>)",4700,4435392
18772.085112,1.201775,98,2,36,64,1,1,126,8.000000,0.000000,,,,,"Tesla V100-DGXS-32GB (0)","1","7","volta_sgemm_64x64_nt",4708,116227904
18779.634764,0.232413,32,128,1,256,1,1,64,16.250000,0.000000,,,,,"Tesla V100-DGXS-32GB (0)","1","7","void cudnn::winograd_nonfused::winogradForwardOutput4x4<float, float>(cudnn::winograd_nonfused::WinogradOutputParams<float, float>)",4710,51829248
18786.325133,0.239709,112,32,1,256,1,1,64,24.125000,0.000000,,,,,"Tesla V100-DGXS-32GB (0)","1","7","void cudnn::winograd_nonfused::winogradWgradData4x4<float, float>(cudnn::winograd_nonfused::WinogradDataParams<float, float>)",4724,114935904
18792.985422,0.509145,224,32,1,256,1,1,64,16.500000,0.000000,,,,,"Tesla V100-DGXS-32GB (0)","1","7","void cudnn::winograd_nonfused::winogradWgradDelta4x4<float, float>(cudnn::winograd_nonfused::WinogradDeltaParams<float, float>)",4725,230918528
18799.741358,1.289485,4,2,36,256,1,1,57,16.000000,0.000000,,,,,"Tesla V100-DGXS-32GB (0)","1","7","volta_sgemm_32x128_nt",4733,6862176
18807.363105,0.011776,4,32,1,32,8,1,62,9.000000,0.000000,,,,,"Tesla V100-DGXS-32GB (0)","1","7","void cudnn::winograd_nonfused::winogradWgradOutput4x4<float, float>(cudnn::winograd_nonfused::WinogradWgradOutputParams<float, float>)",4735,319616
18813.873380,0.006112,1152,1,1,64,1,1,20,0.000000,0.000000,,,,,"Tesla V100-DGXS-32GB (0)","1","7","void at::native::vectorized_elementwise_kernel<int=4, at::native::AddFunctor<float, float>, at::detail::Array<char*, int=3>>(int, float, float)",4743,404864
18820.306697,0.005056,1152,1,1,64,1,1,16,0.000000,0.000000,,,,,"Tesla V100-DGXS-32GB (0)","1","7","void at::native::vectorized_elementwise_kernel<int=4, at::native::MulScalarFunctor<float, float>, at::detail::Array<char*, int=2>>(int, float, float)",4749,1088352
18826.806796,0.335931,200704,1,1,64,1,1,16,0.000000,0.000000,,,,,"Tesla V100-DGXS-32GB (0)","1","7","void at::native::vectorized_elementwise_kernel<int=4, at::native::FillFunctor<float>, at::detail::Array<char*, int=1>>(int, float, at::native::FillFunctor<float>)",4760,205494720
18833.570284,1.141039,49,32,128,256,1,1,32,0.000000,0.000000,,,,,"Tesla V100-DGXS-32GB (0)","1","7","void at::native::_GLOBAL__N__63_tmpxft_00007dfa_00000000_13_DilatedMaxPool2d_compute_86_cpp1_ii_6258b574::max_pool_backward_nchw<float, float>(int, float const *, long const *, int, int, int, int, int, int, int, int, int, int, int, int, int, int, at::native::_GLOBAL__N__63_tmpxft_00007dfa_00000000_13_DilatedMaxPool2d_compute_86_cpp1_ii_6258b574::max_pool_backward_nchw<float, float>*)",4767,205709312
18841.148608,0.745365,200704,1,1,64,1,1,20,0.000000,0.000000,,,,,"Tesla V100-DGXS-32GB (0)","1","7","_ZN2at6native29vectorized_elementwise_kernelILi4EZNS0_21threshold_kernel_implIfEEvRNS_18TensorIteratorBaseET_S5_EUlffE_NS_6detail5ArrayIPcLi3EEEEEviT0_T1_",4775,205306304
18844.321938,0.001409,,,,,,,,,,0.000488,0.338422,"Device",,"Tesla V100-DGXS-32GB (0)","1","7","[CUDA memset]",4790,
18848.353177,0.268380,128,4,1,32,16,1,28,0.015625,2.000000,,,,,"Tesla V100-DGXS-32GB (0)","1","7","_ZN2at6native13reduce_kernelILi512ELi1ENS0_8ReduceOpIfNS0_14func_wrapper_tIfZNS0_11sum_functorIfffEclERNS_14TensorIteratorEEUlffE_EEjfLi4EEEEEvT1_",4792,3189696
18855.087289,0.003360,1,1,1,64,1,1,20,0.000000,0.000000,,,,,"Tesla V100-DGXS-32GB (0)","1","7","void at::native::vectorized_elementwise_kernel<int=4, at::native::AddFunctor<float, float>, at::detail::Array<char*, int=3>>(int, float, float)",4801,0
18861.587132,0.003136,1,1,1,64,1,1,16,0.000000,0.000000,,,,,"Tesla V100-DGXS-32GB (0)","1","7","void at::native::vectorized_elementwise_kernel<int=4, at::native::MulScalarFunctor<float, float>, at::detail::Array<char*, int=2>>(int, float, float)",4807,0
18868.126239,1.008242,98,128,1,256,1,1,64,22.125000,0.000000,,,,,"Tesla V100-DGXS-32GB (0)","1","7","void cudnn::winograd_nonfused::winogradForwardData4x4<float, float>(cudnn::winograd_nonfused::WinogradDataParams<float, float>)",4823,459055776
18875.538453,0.006848,4,16,1,32,8,1,32,9.000000,0.000000,,,,,"Tesla V100-DGXS-32GB (0)","1","7","void cudnn::winograd_nonfused::winogradForwardFilter4x4<float, float>(cudnn::winograd_nonfused::WinogradFilterParams<float, float>)",4824,2464800
18881.857339,2.516637,784,1,36,256,1,1,57,16.000000,0.000000,,,,,"Tesla V100-DGXS-32GB (0)","1","7","volta_sgemm_32x128_nt",4832,462548864
18890.829467,0.853076,98,128,1,256,1,1,64,16.250000,0.000000,,,,,"Tesla V100-DGXS-32GB (0)","1","7","void cudnn::winograd_nonfused::winogradForwardOutput4x4<float, float>(cudnn::winograd_nonfused::WinogradOutputParams<float, float>)",4834,206002976
18898.229522,0.968754,392,32,1,256,1,1,64,24.125000,0.000000,,,,,"Tesla V100-DGXS-32GB (0)","1","7","void cudnn::winograd_nonfused::winogradWgradData4x4<float, float>(cudnn::winograd_nonfused::WinogradDataParams<float, float>)",4848,461692448
18905.629161,0.988562,392,32,1,256,1,1,64,16.500000,0.000000,,,,,"Tesla V100-DGXS-32GB (0)","1","7","void cudnn::winograd_nonfused::winogradWgradDelta4x4<float, float>(cudnn::winograd_nonfused::WinogradDeltaParams<float, float>)",4849,462215584
18912.957312,5.025689,2,2,36,64,1,1,126,8.000000,0.000000,,,,,"Tesla V100-DGXS-32GB (0)","1","7","volta_sgemm_64x64_nt",4857,4771680
18924.388605,0.006688,4,16,1,32,8,1,62,9.000000,0.000000,,,,,"Tesla V100-DGXS-32GB (0)","1","7","void cudnn::winograd_nonfused::winogradWgradOutput4x4<float, float>(cudnn::winograd_nonfused::WinogradWgradOutputParams<float, float>)",4859,3968
18930.929120,0.004768,576,1,1,64,1,1,20,0.000000,0.000000,,,,,"Tesla V100-DGXS-32GB (0)","1","7","void at::native::vectorized_elementwise_kernel<int=4, at::native::AddFunctor<float, float>, at::detail::Array<char*, int=3>>(int, float, float)",4867,16384
18937.435939,0.004096,576,1,1,64,1,1,16,0.000000,0.000000,,,,,"Tesla V100-DGXS-32GB (0)","1","7","void at::native::vectorized_elementwise_kernel<int=4, at::native::MulScalarFunctor<float, float>, at::detail::Array<char*, int=2>>(int, float, float)",4873,84672
18943.820040,0.745013,200704,1,1,64,1,1,20,0.000000,0.000000,,,,,"Tesla V100-DGXS-32GB (0)","1","7","_ZN2at6native29vectorized_elementwise_kernelILi4EZNS0_21threshold_kernel_implIfEEvRNS_18TensorIteratorBaseET_S5_EUlffE_NS_6detail5ArrayIPcLi3EEEEEviT0_T1_",4882,205089024
18947.084474,0.001376,,,,,,,,,,0.000488,0.346539,"Device",,"Tesla V100-DGXS-32GB (0)","1","7","[CUDA memset]",4897,
18951.178848,0.272188,128,4,1,32,16,1,28,0.015625,2.000000,,,,,"Tesla V100-DGXS-32GB (0)","1","7","_ZN2at6native13reduce_kernelILi512ELi1ENS0_8ReduceOpIfNS0_14func_wrapper_tIfZNS0_11sum_functorIfffEclERNS_14TensorIteratorEEUlffE_EEjfLi4EEEEEvT1_",4899,3222080
18958.017342,0.003328,1,1,1,64,1,1,20,0.000000,0.000000,,,,,"Tesla V100-DGXS-32GB (0)","1","7","void at::native::vectorized_elementwise_kernel<int=4, at::native::AddFunctor<float, float>, at::detail::Array<char*, int=3>>(int, float, float)",4908,0
18964.600064,0.003392,1,1,1,64,1,1,16,0.000000,0.000000,,,,,"Tesla V100-DGXS-32GB (0)","1","7","void at::native::vectorized_elementwise_kernel<int=4, at::native::MulScalarFunctor<float, float>, at::detail::Array<char*, int=2>>(int, float, float)",4914,0
18971.248673,0.007136,2,32,1,32,4,1,40,8.500000,0.000000,,,,,"Tesla V100-DGXS-32GB (0)","1","7","void cudnn::winograd::generateWinogradTilesKernel<int=0, float, float>(cudnn::winograd::GenerateWinogradTilesParams<float, float>)",4930,0
18977.590215,2.609051,64,14,7,256,1,1,126,48.000000,0.000000,,,,,"Tesla V100-DGXS-32GB (0)","1","7","volta_scudnn_winograd_128x128_ldg1_ldg4_relu_tile148t_nt_v1",4932,101935520
18986.789284,0.471289,196,32,1,256,1,1,64,24.125000,0.000000,,,,,"Tesla V100-DGXS-32GB (0)","1","7","void cudnn::winograd_nonfused::winogradWgradData4x4<float, float>(cudnn::winograd_nonfused::WinogradDataParams<float, float>)",4945,229168000
18993.684449,0.987283,392,32,1,256,1,1,64,16.500000,0.000000,,,,,"Tesla V100-DGXS-32GB (0)","1","7","void cudnn::winograd_nonfused::winogradWgradDelta4x4<float, float>(cudnn::winograd_nonfused::WinogradDeltaParams<float, float>)",4946,462215840
19001.028473,2.925622,1,2,36,64,1,1,126,8.000000,0.000000,,,,,"Tesla V100-DGXS-32GB (0)","1","7","volta_sgemm_64x64_nt",4954,3658176
19010.341588,0.005440,2,16,1,32,8,1,62,9.000000,0.000000,,,,,"Tesla V100-DGXS-32GB (0)","1","7","void cudnn::winograd_nonfused::winogradWgradOutput4x4<float, float>(cudnn::winograd_nonfused::WinogradWgradOutputParams<float, float>)",4956,9344
19016.966774,0.004127,288,1,1,64,1,1,20,0.000000,0.000000,,,,,"Tesla V100-DGXS-32GB (0)","1","7","void at::native::vectorized_elementwise_kernel<int=4, at::native::AddFunctor<float, float>, at::detail::Array<char*, int=3>>(int, float, float)",4964,0
19023.454969,0.003584,288,1,1,64,1,1,16,0.000000,0.000000,,,,,"Tesla V100-DGXS-32GB (0)","1","7","void at::native::vectorized_elementwise_kernel<int=4, at::native::MulScalarFunctor<float, float>, at::detail::Array<char*, int=2>>(int, float, float)",4970,0
19029.994172,0.668054,401408,1,1,64,1,1,16,0.000000,0.000000,,,,,"Tesla V100-DGXS-32GB (0)","1","7","void at::native::vectorized_elementwise_kernel<int=4, at::native::FillFunctor<float>, at::detail::Array<char*, int=1>>(int, float, at::native::FillFunctor<float>)",4981,409885696
19037.112438,2.272512,196,32,64,256,1,1,32,0.000000,0.000000,,,,,"Tesla V100-DGXS-32GB (0)","1","7","void at::native::_GLOBAL__N__63_tmpxft_00007dfa_00000000_13_DilatedMaxPool2d_compute_86_cpp1_ii_6258b574::max_pool_backward_nchw<float, float>(int, float const *, long const *, int, int, int, int, int, int, int, int, int, int, int, int, int, int, at::native::_GLOBAL__N__63_tmpxft_00007dfa_00000000_13_DilatedMaxPool2d_compute_86_cpp1_ii_6258b574::max_pool_backward_nchw<float, float>*)",4988,411135104
19045.898457,1.486379,401408,1,1,64,1,1,20,0.000000,0.000000,,,,,"Tesla V100-DGXS-32GB (0)","1","7","_ZN2at6native29vectorized_elementwise_kernelILi4EZNS0_21threshold_kernel_implIfEEvRNS_18TensorIteratorBaseET_S5_EUlffE_NS_6detail5ArrayIPcLi3EEEEEviT0_T1_",4996,410901824
19049.844993,0.001376,,,,,,,,,,0.000244,0.173269,"Device",,"Tesla V100-DGXS-32GB (0)","1","7","[CUDA memset]",5011,
19053.898247,0.512121,64,13,1,32,16,1,28,0.015625,2.000000,,,,,"Tesla V100-DGXS-32GB (0)","1","7","_ZN2at6native13reduce_kernelILi512ELi1ENS0_8ReduceOpIfNS0_14func_wrapper_tIfZNS0_11sum_functorIfffEclERNS_14TensorIteratorEEUlffE_EEjfLi4EEEEEvT1_",5013,3211104
19060.911427,0.003424,1,1,1,64,1,1,20,0.000000,0.000000,,,,,"Tesla V100-DGXS-32GB (0)","1","7","void at::native::vectorized_elementwise_kernel<int=4, at::native::AddFunctor<float, float>, at::detail::Array<char*, int=3>>(int, float, float)",5022,0
19067.432838,0.003264,1,1,1,64,1,1,16,0.000000,0.000000,,,,,"Tesla V100-DGXS-32GB (0)","1","7","void at::native::vectorized_elementwise_kernel<int=4, at::native::MulScalarFunctor<float, float>, at::detail::Array<char*, int=2>>(int, float, float)",5028,0
19074.054696,0.005024,2,16,1,32,4,1,40,8.500000,0.000000,,,,,"Tesla V100-DGXS-32GB (0)","1","7","void cudnn::winograd::generateWinogradTilesKernel<int=0, float, float>(cudnn::winograd::GenerateWinogradTilesParams<float, float>)",5044,0
19080.383470,5.579664,64,28,14,256,1,1,126,48.000000,0.000000,,,,,"Tesla V100-DGXS-32GB (0)","1","7","volta_scudnn_winograd_128x128_ldg1_ldg4_relu_tile148t_nt_v1",5046,409736384
19092.467105,0.004640,1,224,1,256,1,1,16,0.000000,0.000000,,,,,"Tesla V100-DGXS-32GB (0)","1","7","cask_cudnn::computeWgradSplitKOffsetsKernel(cask_cudnn::ComputeSplitKOffsetsParams)",5059,16320
19098.932421,0.003968,2,1,1,256,1,1,24,0.000000,0.000000,,,,,"Tesla V100-DGXS-32GB (0)","1","7","cask_cudnn::computeWgradBOffsetsKernel(cask_cudnn::ComputeWgradBOffsetsParams)",5060,2496
19101.290788,0.001344,,,,,,,,,,0.000172,0.124731,"Device",,"Tesla V100-DGXS-32GB (0)","1","7","[CUDA memset]",5062,
19105.263403,11.216928,5,1,224,128,1,1,160,32.000000,0.000000,,,,,"Tesla V100-DGXS-32GB (0)","1","7","volta_scudnn_128x64_stridedB_splitK_xregs_large_nn_v1",5063,5966080
19123.277739,0.004191,144,1,1,64,1,1,20,0.000000,0.000000,,,,,"Tesla V100-DGXS-32GB (0)","1","7","void at::native::vectorized_elementwise_kernel<int=4, at::native::AddFunctor<float, float>, at::detail::Array<char*, int=3>>(int, float, float)",5070,512
19129.625104,0.003776,144,1,1,64,1,1,16,0.000000,0.000000,,,,,"Tesla V100-DGXS-32GB (0)","1","7","void at::native::vectorized_elementwise_kernel<int=4, at::native::MulScalarFunctor<float, float>, at::detail::Array<char*, int=2>>(int, float, float)",5076,512
19135.942454,1.485035,401408,1,1,64,1,1,20,0.000000,0.000000,,,,,"Tesla V100-DGXS-32GB (0)","1","7","_ZN2at6native29vectorized_elementwise_kernelILi4EZNS0_21threshold_kernel_implIfEEvRNS_18TensorIteratorBaseET_S5_EUlffE_NS_6detail5ArrayIPcLi3EEEEEviT0_T1_",5085,410478304
19139.690817,0.001375,,,,,,,,,,0.000244,0.173395,"Device",,"Tesla V100-DGXS-32GB (0)","1","7","[CUDA memset]",5100,
19143.714791,0.510169,64,13,1,32,16,1,28,0.015625,2.000000,,,,,"Tesla V100-DGXS-32GB (0)","1","7","_ZN2at6native13reduce_kernelILi512ELi1ENS0_8ReduceOpIfNS0_14func_wrapper_tIfZNS0_11sum_functorIfffEclERNS_14TensorIteratorEEUlffE_EEjfLi4EEEEEvT1_",5102,3250336
19150.588421,0.003296,1,1,1,64,1,1,20,0.000000,0.000000,,,,,"Tesla V100-DGXS-32GB (0)","1","7","void at::native::vectorized_elementwise_kernel<int=4, at::native::AddFunctor<float, float>, at::detail::Array<char*, int=3>>(int, float, float)",5111,0
19156.965258,0.003232,1,1,1,64,1,1,16,0.000000,0.000000,,,,,"Tesla V100-DGXS-32GB (0)","1","7","void at::native::vectorized_elementwise_kernel<int=4, at::native::MulScalarFunctor<float, float>, at::detail::Array<char*, int=2>>(int, float, float)",5117,0
19163.457998,1.435915,1,2,3136,8,8,1,80,2.250000,0.000000,,,,,"Tesla V100-DGXS-32GB (0)","1","7","void wgrad_alg0_engine<float, int=128, int=5, int=5, int=3, int=3, int=3, bool=0, int=512>(int, int, int, float const *, int, float*, float const *, kernel_grad_params, __int64, int, float, int, int, int, int)",5136,73760
19171.312030,0.003456,7,1,1,64,1,1,20,0.000000,0.000000,,,,,"Tesla V100-DGXS-32GB (0)","1","7","void at::native::vectorized_elementwise_kernel<int=4, at::native::AddFunctor<float, float>, at::detail::Array<char*, int=3>>(int, float, float)",5144,0
19177.659427,0.003264,7,1,1,64,1,1,16,0.000000,0.000000,,,,,"Tesla V100-DGXS-32GB (0)","1","7","void at::native::vectorized_elementwise_kernel<int=4, at::native::MulScalarFunctor<float, float>, at::detail::Array<char*, int=2>>(int, float, float)",5150,0
19183.913834,0.098783,8,1,1,640,1,1,96,41.101562,0.000000,,,,,"Tesla V100-DGXS-32GB (0)","1","16","ncclKernel_AllReduce_RING_LL_Sum_float(ncclWorkElem)",5164,4586240
19186.405671,0.003648,,,,,,,,,,0.003815,1.021187,"Device","Device","Tesla V100-DGXS-32GB (0)","1","7","[CUDA memcpy DtoD]",5205,
19186.430214,0.046912,,,,,,,,,,15.625000,325.264092,"Device","Device","Tesla V100-DGXS-32GB (0)","1","7","[CUDA memcpy DtoD]",5209,
19186.481061,0.003617,,,,,,,,,,0.015625,4.218631,"Device","Device","Tesla V100-DGXS-32GB (0)","1","7","[CUDA memcpy DtoD]",5217,
19186.488613,0.175134,,,,,,,,,,64.000000,356.869597,"Device","Device","Tesla V100-DGXS-32GB (0)","1","7","[CUDA memcpy DtoD]",5221,
19186.667811,0.003648,,,,,,,,,,0.015625,4.182782,"Device","Device","Tesla V100-DGXS-32GB (0)","1","7","[CUDA memcpy DtoD]",5229,
19186.674595,1.048753,,,,,,,,,,392.000000,365.016834,"Device","Device","Tesla V100-DGXS-32GB (0)","1","7","[CUDA memcpy DtoD]",5233,
19187.727348,0.003328,,,,,,,,,,0.001953,0.573122,"Device","Device","Tesla V100-DGXS-32GB (0)","1","7","[CUDA memcpy DtoD]",5241,
19187.734612,0.028223,,,,,,,,,,9.000000,311.414892,"Device","Device","Tesla V100-DGXS-32GB (0)","1","7","[CUDA memcpy DtoD]",5245,
19187.766803,0.003296,,,,,,,,,,0.001953,0.578686,"Device","Device","Tesla V100-DGXS-32GB (0)","1","7","[CUDA memcpy DtoD]",5249,
19187.773331,0.028128,,,,,,,,,,9.000000,312.466670,"Device","Device","Tesla V100-DGXS-32GB (0)","1","7","[CUDA memcpy DtoD]",5253,
19187.805395,0.003359,,,,,,,,,,0.001953,0.567832,"Device","Device","Tesla V100-DGXS-32GB (0)","1","7","[CUDA memcpy DtoD]",5257,
19187.812723,0.027711,,,,,,,,,,9.000000,317.168724,"Device","Device","Tesla V100-DGXS-32GB (0)","1","7","[CUDA memcpy DtoD]",5261,
19187.844402,0.003424,,,,,,,,,,0.001953,0.557053,"Device","Device","Tesla V100-DGXS-32GB (0)","1","7","[CUDA memcpy DtoD]",5269,
19187.850930,0.027839,,,,,,,,,,9.000000,315.710424,"Device","Device","Tesla V100-DGXS-32GB (0)","1","7","[CUDA memcpy DtoD]",5273,
19187.882705,0.003393,,,,,,,,,,0.001953,0.562142,"Device","Device","Tesla V100-DGXS-32GB (0)","1","7","[CUDA memcpy DtoD]",5277,
19187.890065,0.028064,,,,,,,,,,9.000000,313.179251,"Device","Device","Tesla V100-DGXS-32GB (0)","1","7","[CUDA memcpy DtoD]",5281,
19187.922065,0.003424,,,,,,,,,,0.001953,0.557053,"Device","Device","Tesla V100-DGXS-32GB (0)","1","7","[CUDA memcpy DtoD]",5285,
19187.928625,0.016192,,,,,,,,,,4.500000,271.401386,"Device","Device","Tesla V100-DGXS-32GB (0)","1","7","[CUDA memcpy DtoD]",5289,
19187.948753,0.003296,,,,,,,,,,0.000977,0.289343,"Device","Device","Tesla V100-DGXS-32GB (0)","1","7","[CUDA memcpy DtoD]",5293,
19187.955984,0.009984,,,,,,,,,,2.250000,220.078688,"Device","Device","Tesla V100-DGXS-32GB (0)","1","7","[CUDA memcpy DtoD]",5297,
19187.969936,0.003232,,,,,,,,,,0.000977,0.295072,"Device","Device","Tesla V100-DGXS-32GB (0)","1","7","[CUDA memcpy DtoD]",5301,
19187.976304,0.009920,,,,,,,,,,2.250000,221.498551,"Device","Device","Tesla V100-DGXS-32GB (0)","1","7","[CUDA memcpy DtoD]",5305,
19187.990160,0.003232,,,,,,,,,,0.000977,0.295072,"Device","Device","Tesla V100-DGXS-32GB (0)","1","7","[CUDA memcpy DtoD]",5313,
19187.997328,0.007552,,,,,,,,,,1.125000,145.475743,"Device","Device","Tesla V100-DGXS-32GB (0)","1","7","[CUDA memcpy DtoD]",5317,
19188.007984,0.003072,,,,,,,,,,0.000488,0.155220,"Device","Device","Tesla V100-DGXS-32GB (0)","1","7","[CUDA memcpy DtoD]",5321,
19188.014160,0.005023,,,,,,,,,,0.562500,109.360224,"Device","Device","Tesla V100-DGXS-32GB (0)","1","7","[CUDA memcpy DtoD]",5325,
19188.022287,0.003040,,,,,,,,,,0.000488,0.156854,"Device","Device","Tesla V100-DGXS-32GB (0)","1","7","[CUDA memcpy DtoD]",5329,
19188.028431,0.004384,,,,,,,,,,0.281250,62.650138,"Device","Device","Tesla V100-DGXS-32GB (0)","1","7","[CUDA memcpy DtoD]",5333,
19188.035919,0.003072,,,,,,,,,,0.000244,0.077610,"Device","Device","Tesla V100-DGXS-32GB (0)","1","7","[CUDA memcpy DtoD]",5337,
19188.042095,0.003904,,,,,,,,,,0.140625,35.176512,"Device","Device","Tesla V100-DGXS-32GB (0)","1","7","[CUDA memcpy DtoD]",5341,
19188.049103,0.003296,,,,,,,,,,0.000244,0.072336,"Device","Device","Tesla V100-DGXS-32GB (0)","1","7","[CUDA memcpy DtoD]",5345,
19188.055503,0.003328,,,,,,,,,,0.006592,1.934285,"Device","Device","Tesla V100-DGXS-32GB (0)","1","7","[CUDA memcpy DtoD]",5349,
