"Start","Duration","Grid X","Grid Y","Grid Z","Block X","Block Y","Block Z","Registers Per Thread","Static SMem","Dynamic SMem","Size","Throughput","SrcMemType","DstMemType","Device","Context","Stream","Name","Correlation_ID","l2_write_transactions"
ms,ms,,,,,,,,KB,KB,MB,GB/s,,,,,,,,
14856.158149,0.004480,197,1,1,256,1,1,16,0.000000,0.000000,,,,,"Tesla V100-DGXS-32GB (0)","1","7","void cask_cudnn::computeOffsetsKernel<bool=0, bool=0>(cask_cudnn::ComputeOffsetsParams)",2415,15676
14895.024479,0.775060,12544,1,1,128,1,1,128,16.000000,0.000000,,,,,"Tesla V100-DGXS-32GB (0)","1","7","volta_scudnn_128x64_relu_medium_nn_v1",2416,12881976
14926.271204,1.006066,401408,1,1,64,1,1,22,0.000000,0.000000,,,,,"Tesla V100-DGXS-32GB (0)","1","7","void at::native::unrolled_elementwise_kernel<at::native::AddFunctor<float, float>, at::detail::Array<char*, int=3>, OffsetCalculator<int=2, unsigned int, bool=0>, OffsetCalculator<int=1, unsigned int, bool=0>, at::native::memory::LoadWithoutCast, at::native::memory::StoreWithoutCast>(int, float, float, at::native::AddFunctor<float, float>, char*, int=3, at::detail::Array<char*, int=3>)",2420,12845085
14944.649984,1.000882,401408,1,1,64,1,1,18,0.000000,0.000000,,,,,"Tesla V100-DGXS-32GB (0)","1","7","_ZN2at6native29vectorized_elementwise_kernelILi4EZZZNS0_84_GLOBAL__N__60_tmpxft_00003bf5_00000000_13_TensorCompare_compute_86_cpp1_ii_d0af11f728clamp_min_scalar_kernel_implERNS_14TensorIteratorEN3c106ScalarEENKUlvE_clEvENKUlvE6_clEvEUlfE_NS_6detail5ArrayIPcLi2EEEEEviT0_T1_",2426,12845084
14977.394448,0.007904,2,16,1,32,4,1,40,8.500000,0.000000,,,,,"Tesla V100-DGXS-32GB (0)","1","7","void cudnn::winograd::generateWinogradTilesKernel<int=0, float, float>(cudnn::winograd::GenerateWinogradTilesParams<float, float>)",2439,8212
14987.485217,5.572849,64,28,14,256,1,1,126,48.000000,0.000000,,,,,"Tesla V100-DGXS-32GB (0)","1","7","volta_scudnn_winograd_128x128_ldg1_ldg4_relu_tile148t_nt_v1",2441,12885073
15018.745574,1.004690,401408,1,1,64,1,1,22,0.000000,0.000000,,,,,"Tesla V100-DGXS-32GB (0)","1","7","void at::native::unrolled_elementwise_kernel<at::native::AddFunctor<float, float>, at::detail::Array<char*, int=3>, OffsetCalculator<int=2, unsigned int, bool=0>, OffsetCalculator<int=1, unsigned int, bool=0>, at::native::memory::LoadWithoutCast, at::native::memory::StoreWithoutCast>(int, float, float, at::native::AddFunctor<float, float>, char*, int=3, at::detail::Array<char*, int=3>)",2445,12845085
15040.702895,1.000882,401408,1,1,64,1,1,18,0.000000,0.000000,,,,,"Tesla V100-DGXS-32GB (0)","1","7","_ZN2at6native29vectorized_elementwise_kernelILi4EZZZNS0_84_GLOBAL__N__60_tmpxft_00003bf5_00000000_13_TensorCompare_compute_86_cpp1_ii_d0af11f728clamp_min_scalar_kernel_implERNS_14TensorIteratorEN3c106ScalarEENKUlvE_clEvENKUlvE6_clEvEUlfE_NS_6detail5ArrayIPcLi2EEEEEviT0_T1_",2451,12845085
15050.739522,0.913555,100352,1,1,256,1,1,23,0.000000,0.000000,,,,,"Tesla V100-DGXS-32GB (0)","1","7","void at::native::_GLOBAL__N__63_tmpxft_00007dfa_00000000_13_DilatedMaxPool2d_compute_86_cpp1_ii_6258b574::max_pool_forward_nchw<float, float>(int, float const *, int, int, int, int, int, int, int, int, int, int, int, int, int, int, at::native::_GLOBAL__N__63_tmpxft_00007dfa_00000000_13_DilatedMaxPool2d_compute_86_cpp1_ii_6258b574::max_pool_forward_nchw<float, float>*, long*)",2460,9633816
15080.280927,0.005152,4,16,1,32,4,1,40,8.500000,0.000000,,,,,"Tesla V100-DGXS-32GB (0)","1","7","void cudnn::winograd::generateWinogradTilesKernel<int=0, float, float>(cudnn::winograd::GenerateWinogradTilesParams<float, float>)",2472,16400
15089.385086,2.659162,128,14,7,256,1,1,126,48.000000,0.000000,,,,,"Tesla V100-DGXS-32GB (0)","1","7","volta_scudnn_winograd_128x128_ldg1_ldg4_relu_tile148t_nt_v1",2474,6422566
15101.446612,0.504824,200704,1,1,64,1,1,22,0.000000,0.000000,,,,,"Tesla V100-DGXS-32GB (0)","1","7","void at::native::unrolled_elementwise_kernel<at::native::AddFunctor<float, float>, at::detail::Array<char*, int=3>, OffsetCalculator<int=2, unsigned int, bool=0>, OffsetCalculator<int=1, unsigned int, bool=0>, at::native::memory::LoadWithoutCast, at::native::memory::StoreWithoutCast>(int, float, float, at::native::AddFunctor<float, float>, char*, int=3, at::detail::Array<char*, int=3>)",2478,6422557
15108.886314,0.502553,200704,1,1,64,1,1,18,0.000000,0.000000,,,,,"Tesla V100-DGXS-32GB (0)","1","7","_ZN2at6native29vectorized_elementwise_kernelILi4EZZZNS0_84_GLOBAL__N__60_tmpxft_00003bf5_00000000_13_TensorCompare_compute_86_cpp1_ii_d0af11f728clamp_min_scalar_kernel_implERNS_14TensorIteratorEN3c106ScalarEENKUlvE_clEvENKUlvE6_clEvEUlfE_NS_6detail5ArrayIPcLi2EEEEEviT0_T1_",2484,6422557
15120.236201,1.010706,98,128,1,256,1,1,64,22.125000,0.000000,,,,,"Tesla V100-DGXS-32GB (0)","1","7","void cudnn::winograd_nonfused::winogradForwardData4x4<float, float>(cudnn::winograd_nonfused::WinogradDataParams<float, float>)",2497,14450712
15128.042683,0.007999,4,16,1,32,8,1,32,9.000000,0.000000,,,,,"Tesla V100-DGXS-32GB (0)","1","7","void cudnn::winograd_nonfused::winogradForwardFilter4x4<float, float>(cudnn::winograd_nonfused::WinogradFilterParams<float, float>)",2498,73744
15134.793307,2.679354,784,1,36,256,1,1,57,16.000000,0.000000,,,,,"Tesla V100-DGXS-32GB (0)","1","7","volta_sgemm_32x128_nn",2506,14450722
15144.241270,0.851795,98,128,1,256,1,1,64,16.250000,0.000000,,,,,"Tesla V100-DGXS-32GB (0)","1","7","void cudnn::winograd_nonfused::winogradForwardOutput4x4<float, float>(cudnn::winograd_nonfused::WinogradOutputParams<float, float>)",2508,6422548
15152.179589,0.502201,200704,1,1,64,1,1,22,0.000000,0.000000,,,,,"Tesla V100-DGXS-32GB (0)","1","7","void at::native::unrolled_elementwise_kernel<at::native::AddFunctor<float, float>, at::detail::Array<char*, int=3>, OffsetCalculator<int=2, unsigned int, bool=0>, OffsetCalculator<int=1, unsigned int, bool=0>, at::native::memory::LoadWithoutCast, at::native::memory::StoreWithoutCast>(int, float, float, at::native::AddFunctor<float, float>, char*, int=3, at::detail::Array<char*, int=3>)",2513,6422557
15159.536733,0.501753,200704,1,1,64,1,1,18,0.000000,0.000000,,,,,"Tesla V100-DGXS-32GB (0)","1","7","_ZN2at6native29vectorized_elementwise_kernelILi4EZZZNS0_84_GLOBAL__N__60_tmpxft_00003bf5_00000000_13_TensorCompare_compute_86_cpp1_ii_d0af11f728clamp_min_scalar_kernel_implERNS_14TensorIteratorEN3c106ScalarEENKUlvE_clEvENKUlvE6_clEvEUlfE_NS_6detail5ArrayIPcLi2EEEEEviT0_T1_",2519,6422556
15166.946740,0.458522,50176,1,1,256,1,1,23,0.000000,0.000000,,,,,"Tesla V100-DGXS-32GB (0)","1","7","void at::native::_GLOBAL__N__63_tmpxft_00007dfa_00000000_13_DilatedMaxPool2d_compute_86_cpp1_ii_6258b574::max_pool_forward_nchw<float, float>(int, float const *, int, int, int, int, int, int, int, int, int, int, int, int, int, int, at::native::_GLOBAL__N__63_tmpxft_00007dfa_00000000_13_DilatedMaxPool2d_compute_86_cpp1_ii_6258b574::max_pool_forward_nchw<float, float>*, long*)",2528,4816920
15174.353995,0.266972,32,128,1,256,1,1,64,22.125000,0.000000,,,,,"Tesla V100-DGXS-32GB (0)","1","7","void cudnn::winograd_nonfused::winogradForwardData4x4<float, float>(cudnn::winograd_nonfused::WinogradDataParams<float, float>)",2540,3612699
15181.381543,0.010304,4,32,1,32,8,1,32,9.000000,0.000000,,,,,"Tesla V100-DGXS-32GB (0)","1","7","void cudnn::winograd_nonfused::winogradForwardFilter4x4<float, float>(cudnn::winograd_nonfused::WinogradFilterParams<float, float>)",2541,147476
15188.130248,1.337613,196,2,36,256,1,1,57,16.000000,0.000000,,,,,"Tesla V100-DGXS-32GB (0)","1","7","volta_sgemm_32x128_nn",2549,7225379
15196.289044,0.439066,32,256,1,256,1,1,64,16.250000,0.000000,,,,,"Tesla V100-DGXS-32GB (0)","1","7","void cudnn::winograd_nonfused::winogradForwardOutput4x4<float, float>(cudnn::winograd_nonfused::WinogradOutputParams<float, float>)",2551,3211284
15203.864681,0.253981,100352,1,1,64,1,1,22,0.000000,0.000000,,,,,"Tesla V100-DGXS-32GB (0)","1","7","void at::native::unrolled_elementwise_kernel<at::native::AddFunctor<float, float>, at::detail::Array<char*, int=3>, OffsetCalculator<int=2, unsigned int, bool=0>, OffsetCalculator<int=1, unsigned int, bool=0>, at::native::memory::LoadWithoutCast, at::native::memory::StoreWithoutCast>(int, float, float, at::native::AddFunctor<float, float>, char*, int=3, at::detail::Array<char*, int=3>)",2556,3211292
15210.991076,0.253149,100352,1,1,64,1,1,18,0.000000,0.000000,,,,,"Tesla V100-DGXS-32GB (0)","1","7","_ZN2at6native29vectorized_elementwise_kernelILi4EZZZNS0_84_GLOBAL__N__60_tmpxft_00003bf5_00000000_13_TensorCompare_compute_86_cpp1_ii_d0af11f728clamp_min_scalar_kernel_implERNS_14TensorIteratorEN3c106ScalarEENKUlvE_clEvENKUlvE6_clEvEUlfE_NS_6detail5ArrayIPcLi2EEEEEviT0_T1_",2562,3211292
15218.213374,0.502393,32,256,1,256,1,1,64,22.125000,0.000000,,,,,"Tesla V100-DGXS-32GB (0)","1","7","void cudnn::winograd_nonfused::winogradForwardData4x4<float, float>(cudnn::winograd_nonfused::WinogradDataParams<float, float>)",2575,7225371
15227.072160,0.016832,8,32,1,32,8,1,32,9.000000,0.000000,,,,,"Tesla V100-DGXS-32GB (0)","1","7","void cudnn::winograd_nonfused::winogradForwardFilter4x4<float, float>(cudnn::winograd_nonfused::WinogradFilterParams<float, float>)",2576,294940
15235.763013,2.548732,196,2,36,256,1,1,57,16.000000,0.000000,,,,,"Tesla V100-DGXS-32GB (0)","1","7","volta_sgemm_32x128_nn",2584,7225368
15245.128704,0.436955,32,256,1,256,1,1,64,16.250000,0.000000,,,,,"Tesla V100-DGXS-32GB (0)","1","7","void cudnn::winograd_nonfused::winogradForwardOutput4x4<float, float>(cudnn::winograd_nonfused::WinogradOutputParams<float, float>)",2586,3211293
15252.669238,0.254172,100352,1,1,64,1,1,22,0.000000,0.000000,,,,,"Tesla V100-DGXS-32GB (0)","1","7","void at::native::unrolled_elementwise_kernel<at::native::AddFunctor<float, float>, at::detail::Array<char*, int=3>, OffsetCalculator<int=2, unsigned int, bool=0>, OffsetCalculator<int=1, unsigned int, bool=0>, at::native::memory::LoadWithoutCast, at::native::memory::StoreWithoutCast>(int, float, float, at::native::AddFunctor<float, float>, char*, int=3, at::detail::Array<char*, int=3>)",2591,3211293
15259.812529,0.253276,100352,1,1,64,1,1,18,0.000000,0.000000,,,,,"Tesla V100-DGXS-32GB (0)","1","7","_ZN2at6native29vectorized_elementwise_kernelILi4EZZZNS0_84_GLOBAL__N__60_tmpxft_00003bf5_00000000_13_TensorCompare_compute_86_cpp1_ii_d0af11f728clamp_min_scalar_kernel_implERNS_14TensorIteratorEN3c106ScalarEENKUlvE_clEvENKUlvE6_clEvEUlfE_NS_6detail5ArrayIPcLi2EEEEEviT0_T1_",2597,3211292
15267.045226,0.511097,32,256,1,256,1,1,64,22.125000,0.000000,,,,,"Tesla V100-DGXS-32GB (0)","1","7","void cudnn::winograd_nonfused::winogradForwardData4x4<float, float>(cudnn::winograd_nonfused::WinogradDataParams<float, float>)",2610,7225372
15274.360419,0.017183,8,32,1,32,8,1,32,9.000000,0.000000,,,,,"Tesla V100-DGXS-32GB (0)","1","7","void cudnn::winograd_nonfused::winogradForwardFilter4x4<float, float>(cudnn::winograd_nonfused::WinogradFilterParams<float, float>)",2611,294936
15281.133251,2.552156,196,2,36,256,1,1,57,16.000000,0.000000,,,,,"Tesla V100-DGXS-32GB (0)","1","7","volta_sgemm_32x128_nn",2619,7225372
15290.538878,0.432282,32,256,1,256,1,1,64,16.250000,0.000000,,,,,"Tesla V100-DGXS-32GB (0)","1","7","void cudnn::winograd_nonfused::winogradForwardOutput4x4<float, float>(cudnn::winograd_nonfused::WinogradOutputParams<float, float>)",2621,3211292
15298.119474,0.252925,100352,1,1,64,1,1,22,0.000000,0.000000,,,,,"Tesla V100-DGXS-32GB (0)","1","7","void at::native::unrolled_elementwise_kernel<at::native::AddFunctor<float, float>, at::detail::Array<char*, int=3>, OffsetCalculator<int=2, unsigned int, bool=0>, OffsetCalculator<int=1, unsigned int, bool=0>, at::native::memory::LoadWithoutCast, at::native::memory::StoreWithoutCast>(int, float, float, at::native::AddFunctor<float, float>, char*, int=3, at::detail::Array<char*, int=3>)",2626,3211289
15305.303085,0.252828,100352,1,1,64,1,1,18,0.000000,0.000000,,,,,"Tesla V100-DGXS-32GB (0)","1","7","_ZN2at6native29vectorized_elementwise_kernelILi4EZZZNS0_84_GLOBAL__N__60_tmpxft_00003bf5_00000000_13_TensorCompare_compute_86_cpp1_ii_d0af11f728clamp_min_scalar_kernel_implERNS_14TensorIteratorEN3c106ScalarEENKUlvE_clEvENKUlvE6_clEvEUlfE_NS_6detail5ArrayIPcLi2EEEEEviT0_T1_",2632,3211288
15312.516071,0.230236,25088,1,1,256,1,1,23,0.000000,0.000000,,,,,"Tesla V100-DGXS-32GB (0)","1","7","void at::native::_GLOBAL__N__63_tmpxft_00007dfa_00000000_13_DilatedMaxPool2d_compute_86_cpp1_ii_6258b574::max_pool_forward_nchw<float, float>(int, float const *, int, int, int, int, int, int, int, int, int, int, int, int, int, int, at::native::_GLOBAL__N__63_tmpxft_00007dfa_00000000_13_DilatedMaxPool2d_compute_86_cpp1_ii_6258b574::max_pool_forward_nchw<float, float>*, long*)",2641,2408472
15319.753536,0.126558,8,256,1,256,1,1,64,22.125000,0.000000,,,,,"Tesla V100-DGXS-32GB (0)","1","7","void cudnn::winograd_nonfused::winogradForwardData4x4<float, float>(cudnn::winograd_nonfused::WinogradDataParams<float, float>)",2653,1806355
15326.371970,0.037184,8,64,1,32,8,1,32,9.000000,0.000000,,,,,"Tesla V100-DGXS-32GB (0)","1","7","void cudnn::winograd_nonfused::winogradForwardFilter4x4<float, float>(cudnn::winograd_nonfused::WinogradFilterParams<float, float>)",2654,589852
15332.868902,1.265326,49,4,36,256,1,1,57,16.000000,0.000000,,,,,"Tesla V100-DGXS-32GB (0)","1","7","volta_sgemm_32x128_nn",2662,3612700
15340.611896,0.262749,8,512,1,256,1,1,64,16.250000,0.000000,,,,,"Tesla V100-DGXS-32GB (0)","1","7","void cudnn::winograd_nonfused::winogradForwardOutput4x4<float, float>(cudnn::winograd_nonfused::WinogradOutputParams<float, float>)",2664,2395679
15347.649877,0.129918,50176,1,1,64,1,1,22,0.000000,0.000000,,,,,"Tesla V100-DGXS-32GB (0)","1","7","void at::native::unrolled_elementwise_kernel<at::native::AddFunctor<float, float>, at::detail::Array<char*, int=3>, OffsetCalculator<int=2, unsigned int, bool=0>, OffsetCalculator<int=1, unsigned int, bool=0>, at::native::memory::LoadWithoutCast, at::native::memory::StoreWithoutCast>(int, float, float, at::native::AddFunctor<float, float>, char*, int=3, at::detail::Array<char*, int=3>)",2669,1619455
15354.346454,0.128670,50176,1,1,64,1,1,18,0.000000,0.000000,,,,,"Tesla V100-DGXS-32GB (0)","1","7","_ZN2at6native29vectorized_elementwise_kernelILi4EZZZNS0_84_GLOBAL__N__60_tmpxft_00003bf5_00000000_13_TensorCompare_compute_86_cpp1_ii_d0af11f728clamp_min_scalar_kernel_implERNS_14TensorIteratorEN3c106ScalarEENKUlvE_clEvENKUlvE6_clEvEUlfE_NS_6detail5ArrayIPcLi2EEEEEviT0_T1_",2675,1605661
15361.105270,0.250717,8,512,1,256,1,1,64,22.125000,0.000000,,,,,"Tesla V100-DGXS-32GB (0)","1","7","void cudnn::winograd_nonfused::winogradForwardData4x4<float, float>(cudnn::winograd_nonfused::WinogradDataParams<float, float>)",2688,3612700
15367.881527,0.066878,16,64,1,32,8,1,32,9.000000,0.000000,,,,,"Tesla V100-DGXS-32GB (0)","1","7","void cudnn::winograd_nonfused::winogradForwardFilter4x4<float, float>(cudnn::winograd_nonfused::WinogradFilterParams<float, float>)",2689,1179672
15374.451257,2.465373,49,4,36,256,1,1,57,16.000000,0.000000,,,,,"Tesla V100-DGXS-32GB (0)","1","7","volta_sgemm_32x128_nn",2697,3612700
15383.494553,0.267805,8,512,1,256,1,1,64,16.250000,0.000000,,,,,"Tesla V100-DGXS-32GB (0)","1","7","void cudnn::winograd_nonfused::winogradForwardOutput4x4<float, float>(cudnn::winograd_nonfused::WinogradOutputParams<float, float>)",2699,2391545
15390.543157,0.131135,50176,1,1,64,1,1,22,0.000000,0.000000,,,,,"Tesla V100-DGXS-32GB (0)","1","7","void at::native::unrolled_elementwise_kernel<at::native::AddFunctor<float, float>, at::detail::Array<char*, int=3>, OffsetCalculator<int=2, unsigned int, bool=0>, OffsetCalculator<int=1, unsigned int, bool=0>, at::native::memory::LoadWithoutCast, at::native::memory::StoreWithoutCast>(int, float, float, at::native::AddFunctor<float, float>, char*, int=3, at::detail::Array<char*, int=3>)",2704,1620472
15397.326102,0.128638,50176,1,1,64,1,1,18,0.000000,0.000000,,,,,"Tesla V100-DGXS-32GB (0)","1","7","_ZN2at6native29vectorized_elementwise_kernelILi4EZZZNS0_84_GLOBAL__N__60_tmpxft_00003bf5_00000000_13_TensorCompare_compute_86_cpp1_ii_d0af11f728clamp_min_scalar_kernel_implERNS_14TensorIteratorEN3c106ScalarEENKUlvE_clEvENKUlvE6_clEvEUlfE_NS_6detail5ArrayIPcLi2EEEEEviT0_T1_",2710,1605653
15404.044023,0.246236,8,512,1,256,1,1,64,22.125000,0.000000,,,,,"Tesla V100-DGXS-32GB (0)","1","7","void cudnn::winograd_nonfused::winogradForwardData4x4<float, float>(cudnn::winograd_nonfused::WinogradDataParams<float, float>)",2723,3612695
15410.764503,0.067167,16,64,1,32,8,1,32,9.000000,0.000000,,,,,"Tesla V100-DGXS-32GB (0)","1","7","void cudnn::winograd_nonfused::winogradForwardFilter4x4<float, float>(cudnn::winograd_nonfused::WinogradFilterParams<float, float>)",2724,1179672
15417.310970,2.464702,49,4,36,256,1,1,57,16.000000,0.000000,,,,,"Tesla V100-DGXS-32GB (0)","1","7","volta_sgemm_32x128_nn",2732,3612701
15426.236860,0.263292,8,512,1,256,1,1,64,16.250000,0.000000,,,,,"Tesla V100-DGXS-32GB (0)","1","7","void cudnn::winograd_nonfused::winogradForwardOutput4x4<float, float>(cudnn::winograd_nonfused::WinogradOutputParams<float, float>)",2734,2404180
15433.273592,0.130175,50176,1,1,64,1,1,22,0.000000,0.000000,,,,,"Tesla V100-DGXS-32GB (0)","1","7","void at::native::unrolled_elementwise_kernel<at::native::AddFunctor<float, float>, at::detail::Array<char*, int=3>, OffsetCalculator<int=2, unsigned int, bool=0>, OffsetCalculator<int=1, unsigned int, bool=0>, at::native::memory::LoadWithoutCast, at::native::memory::StoreWithoutCast>(int, float, float, at::native::AddFunctor<float, float>, char*, int=3, at::detail::Array<char*, int=3>)",2739,1619762
15439.981690,0.128382,50176,1,1,64,1,1,18,0.000000,0.000000,,,,,"Tesla V100-DGXS-32GB (0)","1","7","_ZN2at6native29vectorized_elementwise_kernelILi4EZZZNS0_84_GLOBAL__N__60_tmpxft_00003bf5_00000000_13_TensorCompare_compute_86_cpp1_ii_d0af11f728clamp_min_scalar_kernel_implERNS_14TensorIteratorEN3c106ScalarEENKUlvE_clEvENKUlvE6_clEvEUlfE_NS_6detail5ArrayIPcLi2EEEEEviT0_T1_",2745,1605660
15446.751418,0.118494,12544,1,1,256,1,1,23,0.000000,0.000000,,,,,"Tesla V100-DGXS-32GB (0)","1","7","void at::native::_GLOBAL__N__63_tmpxft_00007dfa_00000000_13_DilatedMaxPool2d_compute_86_cpp1_ii_6258b574::max_pool_forward_nchw<float, float>(int, float const *, int, int, int, int, int, int, int, int, int, int, int, int, int, int, at::native::_GLOBAL__N__63_tmpxft_00007dfa_00000000_13_DilatedMaxPool2d_compute_86_cpp1_ii_6258b574::max_pool_forward_nchw<float, float>*, long*)",2754,1204245
15453.533945,0.073024,2,512,1,256,1,1,64,22.125000,0.000000,,,,,"Tesla V100-DGXS-32GB (0)","1","7","void cudnn::winograd_nonfused::winogradForwardData4x4<float, float>(cudnn::winograd_nonfused::WinogradDataParams<float, float>)",2766,1179675
15460.220379,0.069759,16,64,1,32,8,1,32,9.000000,0.000000,,,,,"Tesla V100-DGXS-32GB (0)","1","7","void cudnn::winograd_nonfused::winogradForwardFilter4x4<float, float>(cudnn::winograd_nonfused::WinogradFilterParams<float, float>)",2767,1179673
15466.774430,0.852564,8,8,36,64,1,1,126,8.250000,0.000000,,,,,"Tesla V100-DGXS-32GB (0)","1","7","volta_sgemm_64x64_nn",2775,1179677
15474.104438,0.076703,2,512,1,256,1,1,64,16.250000,0.000000,,,,,"Tesla V100-DGXS-32GB (0)","1","7","void cudnn::winograd_nonfused::winogradForwardOutput4x4<float, float>(cudnn::winograd_nonfused::WinogradOutputParams<float, float>)",2777,473858
15480.896118,0.035136,12544,1,1,64,1,1,22,0.000000,0.000000,,,,,"Tesla V100-DGXS-32GB (0)","1","7","void at::native::unrolled_elementwise_kernel<at::native::AddFunctor<float, float>, at::detail::Array<char*, int=3>, OffsetCalculator<int=2, unsigned int, bool=0>, OffsetCalculator<int=1, unsigned int, bool=0>, at::native::memory::LoadWithoutCast, at::native::memory::StoreWithoutCast>(int, float, float, at::native::AddFunctor<float, float>, char*, int=3, at::detail::Array<char*, int=3>)",2782,412122
15487.534616,0.034688,12544,1,1,64,1,1,18,0.000000,0.000000,,,,,"Tesla V100-DGXS-32GB (0)","1","7","_ZN2at6native29vectorized_elementwise_kernelILi4EZZZNS0_84_GLOBAL__N__60_tmpxft_00003bf5_00000000_13_TensorCompare_compute_86_cpp1_ii_d0af11f728clamp_min_scalar_kernel_implERNS_14TensorIteratorEN3c106ScalarEENKUlvE_clEvENKUlvE6_clEvEUlfE_NS_6detail5ArrayIPcLi2EEEEEviT0_T1_",2788,401436
15494.165082,0.071647,2,512,1,256,1,1,64,22.125000,0.000000,,,,,"Tesla V100-DGXS-32GB (0)","1","7","void cudnn::winograd_nonfused::winogradForwardData4x4<float, float>(cudnn::winograd_nonfused::WinogradDataParams<float, float>)",2801,1179676
15500.668126,0.068543,16,64,1,32,8,1,32,9.000000,0.000000,,,,,"Tesla V100-DGXS-32GB (0)","1","7","void cudnn::winograd_nonfused::winogradForwardFilter4x4<float, float>(cudnn::winograd_nonfused::WinogradFilterParams<float, float>)",2802,1179669
15507.140994,0.848788,8,8,36,64,1,1,126,8.250000,0.000000,,,,,"Tesla V100-DGXS-32GB (0)","1","7","volta_sgemm_64x64_nn",2810,1179673
15514.416635,0.072703,2,512,1,256,1,1,64,16.250000,0.000000,,,,,"Tesla V100-DGXS-32GB (0)","1","7","void cudnn::winograd_nonfused::winogradForwardOutput4x4<float, float>(cudnn::winograd_nonfused::WinogradOutputParams<float, float>)",2812,473857
15521.165276,0.035679,12544,1,1,64,1,1,22,0.000000,0.000000,,,,,"Tesla V100-DGXS-32GB (0)","1","7","void at::native::unrolled_elementwise_kernel<at::native::AddFunctor<float, float>, at::detail::Array<char*, int=3>, OffsetCalculator<int=2, unsigned int, bool=0>, OffsetCalculator<int=1, unsigned int, bool=0>, at::native::memory::LoadWithoutCast, at::native::memory::StoreWithoutCast>(int, float, float, at::native::AddFunctor<float, float>, char*, int=3, at::detail::Array<char*, int=3>)",2817,411964
15527.744863,0.034527,12544,1,1,64,1,1,18,0.000000,0.000000,,,,,"Tesla V100-DGXS-32GB (0)","1","7","_ZN2at6native29vectorized_elementwise_kernelILi4EZZZNS0_84_GLOBAL__N__60_tmpxft_00003bf5_00000000_13_TensorCompare_compute_86_cpp1_ii_d0af11f728clamp_min_scalar_kernel_implERNS_14TensorIteratorEN3c106ScalarEENKUlvE_clEvENKUlvE6_clEvEUlfE_NS_6detail5ArrayIPcLi2EEEEEviT0_T1_",2823,401436
15534.365889,0.073311,2,512,1,256,1,1,64,22.125000,0.000000,,,,,"Tesla V100-DGXS-32GB (0)","1","7","void cudnn::winograd_nonfused::winogradForwardData4x4<float, float>(cudnn::winograd_nonfused::WinogradDataParams<float, float>)",2836,1179671
15540.985027,0.067519,16,64,1,32,8,1,32,9.000000,0.000000,,,,,"Tesla V100-DGXS-32GB (0)","1","7","void cudnn::winograd_nonfused::winogradForwardFilter4x4<float, float>(cudnn::winograd_nonfused::WinogradFilterParams<float, float>)",2837,1179673
15547.458567,0.853844,8,8,36,64,1,1,126,8.250000,0.000000,,,,,"Tesla V100-DGXS-32GB (0)","1","7","volta_sgemm_64x64_nn",2845,1179673
15554.863199,0.071999,2,512,1,256,1,1,64,16.250000,0.000000,,,,,"Tesla V100-DGXS-32GB (0)","1","7","void cudnn::winograd_nonfused::winogradForwardOutput4x4<float, float>(cudnn::winograd_nonfused::WinogradOutputParams<float, float>)",2847,473361
15561.645471,0.035359,12544,1,1,64,1,1,22,0.000000,0.000000,,,,,"Tesla V100-DGXS-32GB (0)","1","7","void at::native::unrolled_elementwise_kernel<at::native::AddFunctor<float, float>, at::detail::Array<char*, int=3>, OffsetCalculator<int=2, unsigned int, bool=0>, OffsetCalculator<int=1, unsigned int, bool=0>, at::native::memory::LoadWithoutCast, at::native::memory::StoreWithoutCast>(int, float, float, at::native::AddFunctor<float, float>, char*, int=3, at::detail::Array<char*, int=3>)",2852,412122
15568.275745,0.034943,12544,1,1,64,1,1,18,0.000000,0.000000,,,,,"Tesla V100-DGXS-32GB (0)","1","7","_ZN2at6native29vectorized_elementwise_kernelILi4EZZZNS0_84_GLOBAL__N__60_tmpxft_00003bf5_00000000_13_TensorCompare_compute_86_cpp1_ii_d0af11f728clamp_min_scalar_kernel_implERNS_14TensorIteratorEN3c106ScalarEENKUlvE_clEvENKUlvE6_clEvEUlfE_NS_6detail5ArrayIPcLi2EEEEEviT0_T1_",2858,401428
15574.965410,0.036447,3136,1,1,256,1,1,23,0.000000,0.000000,,,,,"Tesla V100-DGXS-32GB (0)","1","7","void at::native::_GLOBAL__N__63_tmpxft_00007dfa_00000000_13_DilatedMaxPool2d_compute_86_cpp1_ii_6258b574::max_pool_forward_nchw<float, float>(int, float const *, int, int, int, int, int, int, int, int, int, int, int, int, int, int, at::native::_GLOBAL__N__63_tmpxft_00007dfa_00000000_13_DilatedMaxPool2d_compute_86_cpp1_ii_6258b574::max_pool_forward_nchw<float, float>*, long*)",2867,301081
15581.595364,0.098655,16384,1,1,32,8,1,40,0.000000,0.000000,,,,,"Tesla V100-DGXS-32GB (0)","1","7","void at::native::_GLOBAL__N__69_tmpxft_0000539c_00000000_13_AdaptiveAveragePooling_compute_86_cpp1_ii_eb1948c3::adaptive_average_pool<float>(float*, float, int, int, int, int, long, long, long)",2879,205120
15588.338148,0.008992,512,1,1,64,1,1,20,0.000000,0.000000,,,,,"Tesla V100-DGXS-32GB (0)","1","7","_ZN2at6native27unrolled_elementwise_kernelIZZZNS0_21copy_device_to_deviceERNS_14TensorIteratorEbENKUlvE1_clEvENKUlvE6_clEvEUlfE_NS_6detail5ArrayIPcLi2EEE16OffsetCalculatorILi1EjLb0EESC_NS0_6memory15LoadWithoutCastENSD_16StoreWithoutCastEEEviT_T0_T1_T2_T3_T4_",2886,17361
15590.726595,0.001696,,,,,,,,,,0.000122,0.070288,"Device",,"Tesla V100-DGXS-32GB (0)","1","7","[CUDA memset]",2895,
15594.938919,0.773557,32,1,5,256,1,1,134,42.000000,0.000000,,,,,"Tesla V100-DGXS-32GB (0)","1","7","volta_sgemm_128x32_sliced1x4_tn",2897,93012
15602.339870,0.004224,512,1,1,64,1,1,18,0.000000,0.000000,,,,,"Tesla V100-DGXS-32GB (0)","1","7","_ZN2at6native29vectorized_elementwise_kernelILi4EZZZNS0_84_GLOBAL__N__60_tmpxft_00003bf5_00000000_13_TensorCompare_compute_86_cpp1_ii_d0af11f728clamp_min_scalar_kernel_implERNS_14TensorIteratorEN3c106ScalarEENKUlvE_clEvENKUlvE6_clEvEUlfE_NS_6detail5ArrayIPcLi2EEEEEviT0_T1_",2905,16400
15609.043711,0.006176,512,1,1,256,1,1,46,0.000000,0.000000,,,,,"Tesla V100-DGXS-32GB (0)","1","7","void at::native::_GLOBAL__N__54_tmpxft_000083c5_00000000_13_Dropout_compute_86_cpp1_ii_dfc8fc1b::fused_dropout_kernel_vec<float, float, unsigned int, int=1, int=4>(at::cuda::detail::TensorInfo<float, unsigned int>, unsigned int, at::cuda::detail<bool, float>, float, float, at::cuda::detail<bool, float>, at::PhiloxCudaState)",2932,20496
15615.635586,0.005568,512,1,1,64,1,1,20,0.000000,0.000000,,,,,"Tesla V100-DGXS-32GB (0)","1","7","_ZN2at6native27unrolled_elementwise_kernelIZZZNS0_21copy_device_to_deviceERNS_14TensorIteratorEbENKUlvE1_clEvENKUlvE6_clEvEUlfE_NS_6detail5ArrayIPcLi2EEE16OffsetCalculatorILi1EjLb0EESC_NS0_6memory15LoadWithoutCastENSD_16StoreWithoutCastEEEviT_T0_T1_T2_T3_T4_",2939,16400
15617.995841,0.001375,,,,,,,,,,0.000122,0.086698,"Device",,"Tesla V100-DGXS-32GB (0)","1","7","[CUDA memset]",2948,
15622.228037,0.136574,32,1,5,256,1,1,134,42.000000,0.000000,,,,,"Tesla V100-DGXS-32GB (0)","1","7","volta_sgemm_128x32_sliced1x4_tn",2950,82116
15628.936134,0.004512,512,1,1,64,1,1,18,0.000000,0.000000,,,,,"Tesla V100-DGXS-32GB (0)","1","7","_ZN2at6native29vectorized_elementwise_kernelILi4EZZZNS0_84_GLOBAL__N__60_tmpxft_00003bf5_00000000_13_TensorCompare_compute_86_cpp1_ii_d0af11f728clamp_min_scalar_kernel_implERNS_14TensorIteratorEN3c106ScalarEENKUlvE_clEvENKUlvE6_clEvEUlfE_NS_6detail5ArrayIPcLi2EEEEEviT0_T1_",2958,16400
15635.888643,0.005728,512,1,1,256,1,1,46,0.000000,0.000000,,,,,"Tesla V100-DGXS-32GB (0)","1","7","void at::native::_GLOBAL__N__54_tmpxft_000083c5_00000000_13_Dropout_compute_86_cpp1_ii_dfc8fc1b::fused_dropout_kernel_vec<float, float, unsigned int, int=1, int=4>(at::cuda::detail::TensorInfo<float, unsigned int>, unsigned int, at::cuda::detail<bool, float>, float, float, at::cuda::detail<bool, float>, at::PhiloxCudaState)",2985,20496
15642.545029,0.004736,125,1,1,64,1,1,20,0.000000,0.000000,,,,,"Tesla V100-DGXS-32GB (0)","1","7","_ZN2at6native27unrolled_elementwise_kernelIZZZNS0_21copy_device_to_deviceERNS_14TensorIteratorEbENKUlvE1_clEvENKUlvE6_clEvEUlfE_NS_6detail5ArrayIPcLi2EEE16OffsetCalculatorILi1EjLb0EESC_NS0_6memory15LoadWithoutCastENSD_16StoreWithoutCastEEEviT_T0_T1_T2_T3_T4_",2992,4016
15649.109288,0.048799,16,1,5,256,1,1,82,26.000000,0.000000,,,,,"Tesla V100-DGXS-32GB (0)","1","7","volta_sgemm_64x32_sliced1x4_tn",3001,20029
15655.753418,0.006304,32,2,1,32,16,1,40,0.000000,0.000000,,,,,"Tesla V100-DGXS-32GB (0)","1","7","void splitKreduce_kernel<float, float, float, float, bool=1, bool=0, bool=0>(cublasSplitKParams<float>, float const *, float const *, float*, float const *, float const *, float const *, float const *, float*, void*, long, float*, int*)",3003,4016
15662.548682,0.010655,8,1,1,32,4,1,80,0.000000,0.000000,,,,,"Tesla V100-DGXS-32GB (0)","1","7","void _GLOBAL__N__54_tmpxft_00008025_00000000_13_SoftMax_compute_86_cpp1_ii_a3310042::softmax_warp_forward<float, float, float, int=10, bool=1>(float*, float const *, int, int, int)",3022,4016
15669.184748,0.005888,1,1,1,32,1,1,34,0.250000,0.000000,,,,,"Tesla V100-DGXS-32GB (0)","1","7","void at::native::_GLOBAL__N__51_tmpxft_0000087b_00000000_13_Loss_compute_86_cpp1_ii_5c69dde6::nll_loss_forward_reduce_cuda_kernel_2d<float, float, long>(float*, float, float, long*, float, bool, int, int, int, long)",3041,18
17692.480544,0.002913,1,1,1,64,1,1,16,0.000000,0.000000,,,,,"Tesla V100-DGXS-32GB (0)","1","7","void at::native::vectorized_elementwise_kernel<int=4, at::native::FillFunctor<float>, at::detail::Array<char*, int=1>>(int, float, at::native::FillFunctor<float>)",3285,17
17701.858523,0.003008,125,1,1,64,1,1,16,0.000000,0.000000,,,,,"Tesla V100-DGXS-32GB (0)","1","7","void at::native::vectorized_elementwise_kernel<int=4, at::native::FillFunctor<float>, at::detail::Array<char*, int=1>>(int, float, at::native::FillFunctor<float>)",3300,4016
17710.781149,0.004736,1,1,1,32,1,1,32,0.000000,0.000000,,,,,"Tesla V100-DGXS-32GB (0)","1","7","void at::native::_GLOBAL__N__51_tmpxft_0000087b_00000000_13_Loss_compute_86_cpp1_ii_5c69dde6::nll_loss_backward_reduce_cuda_kernel_2d<float, long>(float*, float, long*, float, float, bool, int, int, int, long)",3305,48
17719.704127,0.012032,8,1,1,32,4,1,109,0.000000,0.000000,,,,,"Tesla V100-DGXS-32GB (0)","1","7","void _GLOBAL__N__54_tmpxft_00008025_00000000_13_SoftMax_compute_86_cpp1_ii_a3310042::softmax_warp_backward<float, float, float, int=10, bool=1>(float*, float const *, float const , int, int, int)",3316,4016
17723.057231,0.001344,,,,,,,,,,0.000122,0.088697,"Device",,"Tesla V100-DGXS-32GB (0)","1","7","[CUDA memset]",3328,
17728.770462,0.058144,32,1,4,256,1,1,134,41.000000,0.000000,,,,,"Tesla V100-DGXS-32GB (0)","1","7","volta_sgemm_128x32_sliced1x4_nn",3330,65685
17737.753631,0.037120,32,32,1,256,1,1,57,16.000000,0.000000,,,,,"Tesla V100-DGXS-32GB (0)","1","7","volta_sgemm_128x32_nt",3340,512016
17746.731008,0.011712,2,1,1,32,4,1,50,0.015625,0.000000,,,,,"Tesla V100-DGXS-32GB (0)","1","7","_ZN2at6native13reduce_kernelILi128ELi4ENS0_8ReduceOpIfNS0_14func_wrapper_tIfZNS0_11sum_functorIfffEclERNS_14TensorIteratorEEUlffE_EEjfLi4EEEEEvT1_",3351,516
17755.757920,0.003968,4,1,1,64,1,1,20,0.000000,0.000000,,,,,"Tesla V100-DGXS-32GB (0)","1","7","void at::native::vectorized_elementwise_kernel<int=4, at::native::AddFunctor<float, float>, at::detail::Array<char*, int=3>>(int, float, float)",3358,141
17764.716610,0.003487,4,1,1,64,1,1,16,0.000000,0.000000,,,,,"Tesla V100-DGXS-32GB (0)","1","7","void at::native::vectorized_elementwise_kernel<int=4, at::native::MulScalarFunctor<float, float>, at::detail::Array<char*, int=2>>(int, float, float)",3364,141
17773.749634,0.062815,16000,1,1,64,1,1,20,0.000000,0.000000,,,,,"Tesla V100-DGXS-32GB (0)","1","7","void at::native::vectorized_elementwise_kernel<int=4, at::native::AddFunctor<float, float>, at::detail::Array<char*, int=3>>(int, float, float)",3374,512044
17782.792737,0.043264,16000,1,1,64,1,1,16,0.000000,0.000000,,,,,"Tesla V100-DGXS-32GB (0)","1","7","void at::native::vectorized_elementwise_kernel<int=4, at::native::MulScalarFunctor<float, float>, at::detail::Array<char*, int=2>>(int, float, float)",3380,512020
17791.689124,0.362970,8,1,1,544,1,1,96,41.101562,0.000000,,,,,"Tesla V100-DGXS-32GB (0)","1","16","ncclKernel_AllReduce_RING_LL_Sum_float(ncclWorkElem)",3400,1421319
17801.176701,0.007008,512,1,1,64,1,1,21,0.000000,0.000000,,,,,"Tesla V100-DGXS-32GB (0)","1","7","_ZN2at6native29vectorized_elementwise_kernelILi4EZNS0_78_GLOBAL__N__54_tmpxft_000083c5_00000000_13_Dropout_compute_86_cpp1_ii_dfc8fc1b19masked_scale_kernelIffEEvRNS_6TensorERKS4_S7_T0_EUlfbE_NS_6detail5ArrayIPcLi3EEEEEviS8_T1_",3436,47479
17810.174494,0.006720,512,1,1,64,1,1,20,0.000000,0.000000,,,,,"Tesla V100-DGXS-32GB (0)","1","7","_ZN2at6native29vectorized_elementwise_kernelILi4EZNS0_21threshold_kernel_implIfEEvRNS_18TensorIteratorBaseET_S5_EUlffE_NS_6detail5ArrayIPcLi3EEEEEviT0_T1_",3444,43689
17813.449839,0.001344,,,,,,,,,,0.000122,0.088697,"Device",,"Tesla V100-DGXS-32GB (0)","1","7","[CUDA memset]",3456,
17819.135935,0.121566,32,1,5,256,1,1,134,41.000000,0.000000,,,,,"Tesla V100-DGXS-32GB (0)","1","7","volta_sgemm_128x32_sliced1x4_nn",3458,100720
17828.150751,0.115614,32,64,1,128,1,1,122,12.000000,0.000000,,,,,"Tesla V100-DGXS-32GB (0)","1","7","volta_sgemm_128x64_nt",3468,2097170
17837.255262,0.010976,8,1,1,32,4,1,50,0.015625,0.000000,,,,,"Tesla V100-DGXS-32GB (0)","1","7","_ZN2at6native13reduce_kernelILi128ELi4ENS0_8ReduceOpIfNS0_14func_wrapper_tIfZNS0_11sum_functorIfffEclERNS_14TensorIteratorEEUlffE_EEjfLi4EEEEEvT1_",3479,2064
17846.243199,0.003776,16,1,1,64,1,1,20,0.000000,0.000000,,,,,"Tesla V100-DGXS-32GB (0)","1","7","void at::native::vectorized_elementwise_kernel<int=4, at::native::AddFunctor<float, float>, at::detail::Array<char*, int=3>>(int, float, float)",3486,528
17855.204832,0.003392,16,1,1,64,1,1,16,0.000000,0.000000,,,,,"Tesla V100-DGXS-32GB (0)","1","7","void at::native::vectorized_elementwise_kernel<int=4, at::native::MulScalarFunctor<float, float>, at::detail::Array<char*, int=2>>(int, float, float)",3492,528
17864.229888,0.246397,65536,1,1,64,1,1,20,0.000000,0.000000,,,,,"Tesla V100-DGXS-32GB (0)","1","7","void at::native::vectorized_elementwise_kernel<int=4, at::native::AddFunctor<float, float>, at::detail::Array<char*, int=3>>(int, float, float)",3502,2097183
17873.574332,0.167165,65536,1,1,64,1,1,16,0.000000,0.000000,,,,,"Tesla V100-DGXS-32GB (0)","1","7","void at::native::vectorized_elementwise_kernel<int=4, at::native::MulScalarFunctor<float, float>, at::detail::Array<char*, int=2>>(int, float, float)",3508,2097172
17882.643836,1.434507,8,1,1,544,1,1,96,41.101562,0.000000,,,,,"Tesla V100-DGXS-32GB (0)","1","16","ncclKernel_AllReduce_RING_LL_Sum_float(ncclWorkElem)",3522,5364323
17896.184892,0.007296,512,1,1,64,1,1,21,0.000000,0.000000,,,,,"Tesla V100-DGXS-32GB (0)","1","7","_ZN2at6native29vectorized_elementwise_kernelILi4EZNS0_78_GLOBAL__N__54_tmpxft_000083c5_00000000_13_Dropout_compute_86_cpp1_ii_dfc8fc1b19masked_scale_kernelIffEEvRNS_6TensorERKS4_S7_T0_EUlfbE_NS_6detail5ArrayIPcLi3EEEEEviS8_T1_",3558,47991
17906.471818,0.006048,512,1,1,64,1,1,20,0.000000,0.000000,,,,,"Tesla V100-DGXS-32GB (0)","1","7","_ZN2at6native29vectorized_elementwise_kernelILi4EZNS0_21threshold_kernel_implIfEEvRNS_18TensorIteratorBaseET_S5_EUlffE_NS_6detail5ArrayIPcLi3EEEEEviT0_T1_",3566,43519
17910.197205,0.001408,,,,,,,,,,0.000748,0.518577,"Device",,"Tesla V100-DGXS-32GB (0)","1","7","[CUDA memset]",3578,
17916.724505,0.604183,196,1,2,256,1,1,134,41.000000,0.000000,,,,,"Tesla V100-DGXS-32GB (0)","1","7","volta_sgemm_128x32_sliced1x4_nn",3580,217665
17927.442081,0.604791,196,64,1,128,1,1,122,12.000000,0.000000,,,,,"Tesla V100-DGXS-32GB (0)","1","7","volta_sgemm_128x64_nt",3592,12845085
17938.295720,0.010975,8,1,1,32,4,1,50,0.015625,0.000000,,,,,"Tesla V100-DGXS-32GB (0)","1","7","_ZN2at6native13reduce_kernelILi128ELi4ENS0_8ReduceOpIfNS0_14func_wrapper_tIfZNS0_11sum_functorIfffEclERNS_14TensorIteratorEEUlffE_EEjfLi4EEEEEvT1_",3603,2064
17948.687252,0.003744,16,1,1,64,1,1,20,0.000000,0.000000,,,,,"Tesla V100-DGXS-32GB (0)","1","7","void at::native::vectorized_elementwise_kernel<int=4, at::native::AddFunctor<float, float>, at::detail::Array<char*, int=3>>(int, float, float)",3610,528
17959.019234,0.003392,16,1,1,64,1,1,16,0.000000,0.000000,,,,,"Tesla V100-DGXS-32GB (0)","1","7","void at::native::vectorized_elementwise_kernel<int=4, at::native::MulScalarFunctor<float, float>, at::detail::Array<char*, int=2>>(int, float, float)",3616,528
17969.237969,1.483435,401408,1,1,64,1,1,20,0.000000,0.000000,,,,,"Tesla V100-DGXS-32GB (0)","1","7","void at::native::vectorized_elementwise_kernel<int=4, at::native::AddFunctor<float, float>, at::detail::Array<char*, int=3>>(int, float, float)",3626,12845096
17980.995755,1.000914,401408,1,1,64,1,1,16,0.000000,0.000000,,,,,"Tesla V100-DGXS-32GB (0)","1","7","void at::native::vectorized_elementwise_kernel<int=4, at::native::MulScalarFunctor<float, float>, at::detail::Array<char*, int=2>>(int, float, float)",3632,12845084
17992.045166,9.326108,8,1,1,544,1,1,96,41.101562,0.000000,,,,,"Tesla V100-DGXS-32GB (0)","1","16","ncclKernel_AllReduce_RING_LL_Sum_float(ncclWorkElem)",3646,39965274
18011.932373,0.009631,3136,1,1,64,1,1,16,0.000000,0.000000,,,,,"Tesla V100-DGXS-32GB (0)","1","7","void at::native::vectorized_elementwise_kernel<int=4, at::native::FillFunctor<float>, at::detail::Array<char*, int=1>>(int, float, at::native::FillFunctor<float>)",3686,187130
18022.128900,0.075039,16384,1,1,32,8,1,31,0.000000,0.000000,,,,,"Tesla V100-DGXS-32GB (0)","1","7","void at::native::_GLOBAL__N__69_tmpxft_0000539c_00000000_13_AdaptiveAveragePooling_compute_86_cpp1_ii_eb1948c3::atomic_adaptive_average_gradinput<float>(float*, float, int, int, int, int)",3691,225521
18032.467634,0.023968,12544,1,1,64,1,1,16,0.000000,0.000000,,,,,"Tesla V100-DGXS-32GB (0)","1","7","void at::native::vectorized_elementwise_kernel<int=4, at::native::FillFunctor<float>, at::detail::Array<char*, int=1>>(int, float, at::native::FillFunctor<float>)",3701,401434
18042.691393,0.088287,1,32,512,256,1,1,32,0.000000,0.000000,,,,,"Tesla V100-DGXS-32GB (0)","1","7","void at::native::_GLOBAL__N__63_tmpxft_00007dfa_00000000_13_DilatedMaxPool2d_compute_86_cpp1_ii_6258b574::max_pool_backward_nchw<float, float>(int, float const *, long const *, int, int, int, int, int, int, int, int, int, int, int, int, int, int, at::native::_GLOBAL__N__63_tmpxft_00007dfa_00000000_13_DilatedMaxPool2d_compute_86_cpp1_ii_6258b574::max_pool_backward_nchw<float, float>*)",3708,481386
18053.092206,0.049439,12544,1,1,64,1,1,20,0.000000,0.000000,,,,,"Tesla V100-DGXS-32GB (0)","1","7","_ZN2at6native29vectorized_elementwise_kernelILi4EZNS0_21threshold_kernel_implIfEEvRNS_18TensorIteratorBaseET_S5_EUlffE_NS_6detail5ArrayIPcLi3EEEEEviT0_T1_",3716,404996
18063.417660,0.057023,32,1,1,32,16,1,28,0.015625,0.000000,,,,,"Tesla V100-DGXS-32GB (0)","1","7","_ZN2at6native13reduce_kernelILi512ELi1ENS0_8ReduceOpIfNS0_14func_wrapper_tIfZNS0_11sum_functorIfffEclERNS_14TensorIteratorEEUlffE_EEjfLi4EEEEEvT1_",3730,536
18073.757161,0.003392,2,1,1,64,1,1,20,0.000000,0.000000,,,,,"Tesla V100-DGXS-32GB (0)","1","7","void at::native::vectorized_elementwise_kernel<int=4, at::native::AddFunctor<float, float>, at::detail::Array<char*, int=3>>(int, float, float)",3739,80
18083.956217,0.003200,2,1,1,64,1,1,16,0.000000,0.000000,,,,,"Tesla V100-DGXS-32GB (0)","1","7","void at::native::vectorized_elementwise_kernel<int=4, at::native::MulScalarFunctor<float, float>, at::detail::Array<char*, int=2>>(int, float, float)",3745,80
18094.305958,0.071647,2,512,1,256,1,1,64,22.125000,0.000000,,,,,"Tesla V100-DGXS-32GB (0)","1","7","void cudnn::winograd_nonfused::winogradForwardData4x4<float, float>(cudnn::winograd_nonfused::WinogradDataParams<float, float>)",3761,1179668
18104.603573,0.065790,16,64,1,32,8,1,32,9.000000,0.000000,,,,,"Tesla V100-DGXS-32GB (0)","1","7","void cudnn::winograd_nonfused::winogradForwardFilter4x4<float, float>(cudnn::winograd_nonfused::WinogradFilterParams<float, float>)",3762,1179676
18114.769732,0.843444,8,8,36,64,1,1,126,8.000000,0.000000,,,,,"Tesla V100-DGXS-32GB (0)","1","7","volta_sgemm_64x64_nt",3770,1179676
18125.740521,0.077023,2,512,1,256,1,1,64,16.250000,0.000000,,,,,"Tesla V100-DGXS-32GB (0)","1","7","void cudnn::winograd_nonfused::winogradForwardOutput4x4<float, float>(cudnn::winograd_nonfused::WinogradOutputParams<float, float>)",3772,477872
18136.094006,0.075999,32,32,1,256,1,1,64,24.125000,0.000000,,,,,"Tesla V100-DGXS-32GB (0)","1","7","void cudnn::winograd_nonfused::winogradWgradData4x4<float, float>(cudnn::winograd_nonfused::WinogradDataParams<float, float>)",3786,1186760
18146.305606,0.072767,32,32,1,256,1,1,64,16.500000,0.000000,,,,,"Tesla V100-DGXS-32GB (0)","1","7","void cudnn::winograd_nonfused::winogradWgradDelta4x4<float, float>(cudnn::winograd_nonfused::WinogradDeltaParams<float, float>)",3787,1179667
18156.512789,0.838389,8,8,36,64,1,1,126,8.000000,0.000000,,,,,"Tesla V100-DGXS-32GB (0)","1","7","volta_sgemm_64x64_nt",3795,1179677
18167.399419,0.070719,16,64,1,32,8,1,62,9.000000,0.000000,,,,,"Tesla V100-DGXS-32GB (0)","1","7","void cudnn::winograd_nonfused::winogradWgradOutput4x4<float, float>(cudnn::winograd_nonfused::WinogradWgradOutputParams<float, float>)",3797,294932
18177.737513,0.039423,9216,1,1,64,1,1,20,0.000000,0.000000,,,,,"Tesla V100-DGXS-32GB (0)","1","7","void at::native::vectorized_elementwise_kernel<int=4, at::native::AddFunctor<float, float>, at::detail::Array<char*, int=3>>(int, float, float)",3805,294935
18187.952920,0.026144,9216,1,1,64,1,1,16,0.000000,0.000000,,,,,"Tesla V100-DGXS-32GB (0)","1","7","void at::native::vectorized_elementwise_kernel<int=4, at::native::MulScalarFunctor<float, float>, at::detail::Array<char*, int=2>>(int, float, float)",3811,294940
18198.266342,0.050943,12544,1,1,64,1,1,20,0.000000,0.000000,,,,,"Tesla V100-DGXS-32GB (0)","1","7","_ZN2at6native29vectorized_elementwise_kernelILi4EZNS0_21threshold_kernel_implIfEEvRNS_18TensorIteratorBaseET_S5_EUlffE_NS_6detail5ArrayIPcLi3EEEEEviT0_T1_",3820,401437
18208.508629,0.055071,32,1,1,32,16,1,28,0.015625,0.000000,,,,,"Tesla V100-DGXS-32GB (0)","1","7","_ZN2at6native13reduce_kernelILi512ELi1ENS0_8ReduceOpIfNS0_14func_wrapper_tIfZNS0_11sum_functorIfffEclERNS_14TensorIteratorEEUlffE_EEjfLi4EEEEEvT1_",3834,536
18218.861634,0.003456,2,1,1,64,1,1,20,0.000000,0.000000,,,,,"Tesla V100-DGXS-32GB (0)","1","7","void at::native::vectorized_elementwise_kernel<int=4, at::native::AddFunctor<float, float>, at::detail::Array<char*, int=3>>(int, float, float)",3843,80
18229.068754,0.003200,2,1,1,64,1,1,16,0.000000,0.000000,,,,,"Tesla V100-DGXS-32GB (0)","1","7","void at::native::vectorized_elementwise_kernel<int=4, at::native::MulScalarFunctor<float, float>, at::detail::Array<char*, int=2>>(int, float, float)",3849,80
18239.469151,0.070942,2,512,1,256,1,1,64,22.125000,0.000000,,,,,"Tesla V100-DGXS-32GB (0)","1","7","void cudnn::winograd_nonfused::winogradForwardData4x4<float, float>(cudnn::winograd_nonfused::WinogradDataParams<float, float>)",3865,1179665
18249.726830,0.064702,16,64,1,32,8,1,32,9.000000,0.000000,,,,,"Tesla V100-DGXS-32GB (0)","1","7","void cudnn::winograd_nonfused::winogradForwardFilter4x4<float, float>(cudnn::winograd_nonfused::WinogradFilterParams<float, float>)",3866,1179676
18259.867134,0.838900,8,8,36,64,1,1,126,8.000000,0.000000,,,,,"Tesla V100-DGXS-32GB (0)","1","7","volta_sgemm_64x64_nt",3874,1179669
18270.917921,0.072127,2,512,1,256,1,1,64,16.250000,0.000000,,,,,"Tesla V100-DGXS-32GB (0)","1","7","void cudnn::winograd_nonfused::winogradForwardOutput4x4<float, float>(cudnn::winograd_nonfused::WinogradOutputParams<float, float>)",3876,476266
18281.246287,0.074559,32,32,1,256,1,1,64,24.125000,0.000000,,,,,"Tesla V100-DGXS-32GB (0)","1","7","void cudnn::winograd_nonfused::winogradWgradData4x4<float, float>(cudnn::winograd_nonfused::WinogradDataParams<float, float>)",3890,1188123
18291.555933,0.074047,32,32,1,256,1,1,64,16.500000,0.000000,,,,,"Tesla V100-DGXS-32GB (0)","1","7","void cudnn::winograd_nonfused::winogradWgradDelta4x4<float, float>(cudnn::winograd_nonfused::WinogradDeltaParams<float, float>)",3891,1179675
18301.727757,0.839092,8,8,36,64,1,1,126,8.000000,0.000000,,,,,"Tesla V100-DGXS-32GB (0)","1","7","volta_sgemm_64x64_nt",3899,1179677
18312.708658,0.067454,16,64,1,32,8,1,62,9.000000,0.000000,,,,,"Tesla V100-DGXS-32GB (0)","1","7","void cudnn::winograd_nonfused::winogradWgradOutput4x4<float, float>(cudnn::winograd_nonfused::WinogradWgradOutputParams<float, float>)",3901,294932
18323.090335,0.039007,9216,1,1,64,1,1,20,0.000000,0.000000,,,,,"Tesla V100-DGXS-32GB (0)","1","7","void at::native::vectorized_elementwise_kernel<int=4, at::native::AddFunctor<float, float>, at::detail::Array<char*, int=3>>(int, float, float)",3909,294935
18333.470796,0.026815,9216,1,1,64,1,1,16,0.000000,0.000000,,,,,"Tesla V100-DGXS-32GB (0)","1","7","void at::native::vectorized_elementwise_kernel<int=4, at::native::MulScalarFunctor<float, float>, at::detail::Array<char*, int=2>>(int, float, float)",3915,294932
18343.787193,0.051135,12544,1,1,64,1,1,20,0.000000,0.000000,,,,,"Tesla V100-DGXS-32GB (0)","1","7","_ZN2at6native29vectorized_elementwise_kernelILi4EZNS0_21threshold_kernel_implIfEEvRNS_18TensorIteratorBaseET_S5_EUlffE_NS_6detail5ArrayIPcLi3EEEEEviT0_T1_",3924,401429
18354.095815,0.056320,32,1,1,32,16,1,28,0.015625,0.000000,,,,,"Tesla V100-DGXS-32GB (0)","1","7","_ZN2at6native13reduce_kernelILi512ELi1ENS0_8ReduceOpIfNS0_14func_wrapper_tIfZNS0_11sum_functorIfffEclERNS_14TensorIteratorEEUlffE_EEjfLi4EEEEEvT1_",3938,532
18364.372566,0.003456,2,1,1,64,1,1,20,0.000000,0.000000,,,,,"Tesla V100-DGXS-32GB (0)","1","7","void at::native::vectorized_elementwise_kernel<int=4, at::native::AddFunctor<float, float>, at::detail::Array<char*, int=3>>(int, float, float)",3947,80
18374.711332,0.003200,2,1,1,64,1,1,16,0.000000,0.000000,,,,,"Tesla V100-DGXS-32GB (0)","1","7","void at::native::vectorized_elementwise_kernel<int=4, at::native::MulScalarFunctor<float, float>, at::detail::Array<char*, int=2>>(int, float, float)",3953,80
18385.046481,0.072095,2,512,1,256,1,1,64,22.125000,0.000000,,,,,"Tesla V100-DGXS-32GB (0)","1","7","void cudnn::winograd_nonfused::winogradForwardData4x4<float, float>(cudnn::winograd_nonfused::WinogradDataParams<float, float>)",3969,1179668
18395.296800,0.069087,16,64,1,32,8,1,32,9.000000,0.000000,,,,,"Tesla V100-DGXS-32GB (0)","1","7","void cudnn::winograd_nonfused::winogradForwardFilter4x4<float, float>(cudnn::winograd_nonfused::WinogradFilterParams<float, float>)",3970,1179673
18405.455952,0.841108,8,8,36,64,1,1,126,8.000000,0.000000,,,,,"Tesla V100-DGXS-32GB (0)","1","7","volta_sgemm_64x64_nt",3978,1179668
18416.479412,0.072767,2,512,1,256,1,1,64,16.250000,0.000000,,,,,"Tesla V100-DGXS-32GB (0)","1","7","void cudnn::winograd_nonfused::winogradForwardOutput4x4<float, float>(cudnn::winograd_nonfused::WinogradOutputParams<float, float>)",3980,474298
18426.741187,0.073406,32,32,1,256,1,1,64,24.125000,0.000000,,,,,"Tesla V100-DGXS-32GB (0)","1","7","void cudnn::winograd_nonfused::winogradWgradData4x4<float, float>(cudnn::winograd_nonfused::WinogradDataParams<float, float>)",3994,1187158
18437.005105,0.071967,32,32,1,256,1,1,64,16.500000,0.000000,,,,,"Tesla V100-DGXS-32GB (0)","1","7","void cudnn::winograd_nonfused::winogradWgradDelta4x4<float, float>(cudnn::winograd_nonfused::WinogradDeltaParams<float, float>)",3995,1179676
18447.149602,0.838644,8,8,36,64,1,1,126,8.000000,0.000000,,,,,"Tesla V100-DGXS-32GB (0)","1","7","volta_sgemm_64x64_nt",4003,1179677
18458.158758,0.069471,16,64,1,32,8,1,62,9.000000,0.000000,,,,,"Tesla V100-DGXS-32GB (0)","1","7","void cudnn::winograd_nonfused::winogradWgradOutput4x4<float, float>(cudnn::winograd_nonfused::WinogradWgradOutputParams<float, float>)",4005,294932
18468.490580,0.038559,9216,1,1,64,1,1,20,0.000000,0.000000,,,,,"Tesla V100-DGXS-32GB (0)","1","7","void at::native::vectorized_elementwise_kernel<int=4, at::native::AddFunctor<float, float>, at::detail::Array<char*, int=3>>(int, float, float)",4013,294931
18478.872993,0.026495,9216,1,1,64,1,1,16,0.000000,0.000000,,,,,"Tesla V100-DGXS-32GB (0)","1","7","void at::native::vectorized_elementwise_kernel<int=4, at::native::MulScalarFunctor<float, float>, at::detail::Array<char*, int=2>>(int, float, float)",4019,294933
18488.943762,0.602359,8,1,1,544,1,1,96,41.101562,0.000000,,,,,"Tesla V100-DGXS-32GB (0)","1","16","ncclKernel_AllReduce_RING_LL_Sum_float(ncclWorkElem)",4033,2322001
18499.842231,0.086463,50176,1,1,64,1,1,16,0.000000,0.000000,,,,,"Tesla V100-DGXS-32GB (0)","1","7","void at::native::vectorized_elementwise_kernel<int=4, at::native::FillFunctor<float>, at::detail::Array<char*, int=1>>(int, float, at::native::FillFunctor<float>)",4069,1717807
18510.102022,0.307228,4,32,512,256,1,1,32,0.000000,0.000000,,,,,"Tesla V100-DGXS-32GB (0)","1","7","void at::native::_GLOBAL__N__63_tmpxft_00007dfa_00000000_13_DilatedMaxPool2d_compute_86_cpp1_ii_6258b574::max_pool_backward_nchw<float, float>(int, float const *, long const *, int, int, int, int, int, int, int, int, int, int, int, int, int, int, at::native::_GLOBAL__N__63_tmpxft_00007dfa_00000000_13_DilatedMaxPool2d_compute_86_cpp1_ii_6258b574::max_pool_backward_nchw<float, float>*)",4076,1605660
18520.686064,0.189182,50176,1,1,64,1,1,20,0.000000,0.000000,,,,,"Tesla V100-DGXS-32GB (0)","1","7","_ZN2at6native29vectorized_elementwise_kernelILi4EZNS0_21threshold_kernel_implIfEEvRNS_18TensorIteratorBaseET_S5_EUlffE_NS_6detail5ArrayIPcLi3EEEEEviT0_T1_",4084,1605657
18531.129084,0.079039,512,1,1,32,16,1,28,0.015625,2.000000,,,,,"Tesla V100-DGXS-32GB (0)","1","7","_ZN2at6native13reduce_kernelILi512ELi1ENS0_8ReduceOpIfNS0_14func_wrapper_tIfZNS0_11sum_functorIfffEclERNS_14TensorIteratorEEUlffE_EEjfLi4EEEEEvT1_",4097,535
18541.581352,0.003425,2,1,1,64,1,1,20,0.000000,0.000000,,,,,"Tesla V100-DGXS-32GB (0)","1","7","void at::native::vectorized_elementwise_kernel<int=4, at::native::AddFunctor<float, float>, at::detail::Array<char*, int=3>>(int, float, float)",4106,80
18551.923446,0.003232,2,1,1,64,1,1,16,0.000000,0.000000,,,,,"Tesla V100-DGXS-32GB (0)","1","7","void at::native::vectorized_elementwise_kernel<int=4, at::native::MulScalarFunctor<float, float>, at::detail::Array<char*, int=2>>(int, float, float)",4112,80
18562.215876,0.243997,8,512,1,256,1,1,64,22.125000,0.000000,,,,,"Tesla V100-DGXS-32GB (0)","1","7","void cudnn::winograd_nonfused::winogradForwardData4x4<float, float>(cudnn::winograd_nonfused::WinogradDataParams<float, float>)",4128,3612703
18572.643409,0.067551,16,64,1,32,8,1,32,9.000000,0.000000,,,,,"Tesla V100-DGXS-32GB (0)","1","7","void cudnn::winograd_nonfused::winogradForwardFilter4x4<float, float>(cudnn::winograd_nonfused::WinogradFilterParams<float, float>)",4129,1179673
18582.910047,2.350815,49,4,36,256,1,1,57,16.000000,0.000000,,,,,"Tesla V100-DGXS-32GB (0)","1","7","volta_sgemm_32x128_nt",4137,3612701
18595.439118,0.263836,8,512,1,256,1,1,64,16.250000,0.000000,,,,,"Tesla V100-DGXS-32GB (0)","1","7","void cudnn::winograd_nonfused::winogradForwardOutput4x4<float, float>(cudnn::winograd_nonfused::WinogradOutputParams<float, float>)",4139,2410759
18606.019128,0.238717,128,32,1,256,1,1,64,24.125000,0.000000,,,,,"Tesla V100-DGXS-32GB (0)","1","7","void cudnn::winograd_nonfused::winogradWgradData4x4<float, float>(cudnn::winograd_nonfused::WinogradDataParams<float, float>)",4153,3622839
18616.429637,0.246204,128,32,1,256,1,1,64,16.500000,0.000000,,,,,"Tesla V100-DGXS-32GB (0)","1","7","void cudnn::winograd_nonfused::winogradWgradDelta4x4<float, float>(cudnn::winograd_nonfused::WinogradDeltaParams<float, float>)",4154,3612695
18626.666260,2.522716,8,8,36,64,1,1,126,8.000000,0.000000,,,,,"Tesla V100-DGXS-32GB (0)","1","7","volta_sgemm_64x64_nt",4162,1179677
18639.408767,0.070175,16,64,1,32,8,1,62,9.000000,0.000000,,,,,"Tesla V100-DGXS-32GB (0)","1","7","void cudnn::winograd_nonfused::winogradWgradOutput4x4<float, float>(cudnn::winograd_nonfused::WinogradWgradOutputParams<float, float>)",4164,294932
18649.809804,0.038687,9216,1,1,64,1,1,20,0.000000,0.000000,,,,,"Tesla V100-DGXS-32GB (0)","1","7","void at::native::vectorized_elementwise_kernel<int=4, at::native::AddFunctor<float, float>, at::detail::Array<char*, int=3>>(int, float, float)",4172,294931
18660.102778,0.026624,9216,1,1,64,1,1,16,0.000000,0.000000,,,,,"Tesla V100-DGXS-32GB (0)","1","7","void at::native::vectorized_elementwise_kernel<int=4, at::native::MulScalarFunctor<float, float>, at::detail::Array<char*, int=2>>(int, float, float)",4178,294933
18670.460231,0.189694,50176,1,1,64,1,1,20,0.000000,0.000000,,,,,"Tesla V100-DGXS-32GB (0)","1","7","_ZN2at6native29vectorized_elementwise_kernelILi4EZNS0_21threshold_kernel_implIfEEvRNS_18TensorIteratorBaseET_S5_EUlffE_NS_6detail5ArrayIPcLi3EEEEEviT0_T1_",4187,1605657
18680.863796,0.080031,512,1,1,32,16,1,28,0.015625,2.000000,,,,,"Tesla V100-DGXS-32GB (0)","1","7","_ZN2at6native13reduce_kernelILi512ELi1ENS0_8ReduceOpIfNS0_14func_wrapper_tIfZNS0_11sum_functorIfffEclERNS_14TensorIteratorEEUlffE_EEjfLi4EEEEEvT1_",4200,542
18691.205346,0.003680,2,1,1,64,1,1,20,0.000000,0.000000,,,,,"Tesla V100-DGXS-32GB (0)","1","7","void at::native::vectorized_elementwise_kernel<int=4, at::native::AddFunctor<float, float>, at::detail::Array<char*, int=3>>(int, float, float)",4209,80
18701.102550,0.003200,2,1,1,64,1,1,16,0.000000,0.000000,,,,,"Tesla V100-DGXS-32GB (0)","1","7","void at::native::vectorized_elementwise_kernel<int=4, at::native::MulScalarFunctor<float, float>, at::detail::Array<char*, int=2>>(int, float, float)",4215,80
18711.516834,0.244444,8,512,1,256,1,1,64,22.125000,0.000000,,,,,"Tesla V100-DGXS-32GB (0)","1","7","void cudnn::winograd_nonfused::winogradForwardData4x4<float, float>(cudnn::winograd_nonfused::WinogradDataParams<float, float>)",4231,3612699
18721.940367,0.065567,16,64,1,32,8,1,32,9.000000,0.000000,,,,,"Tesla V100-DGXS-32GB (0)","1","7","void cudnn::winograd_nonfused::winogradForwardFilter4x4<float, float>(cudnn::winograd_nonfused::WinogradFilterParams<float, float>)",4232,1179672
18732.104222,2.345119,49,4,36,256,1,1,57,16.000000,0.000000,,,,,"Tesla V100-DGXS-32GB (0)","1","7","volta_sgemm_32x128_nt",4240,3612701
18744.647757,0.265820,8,512,1,256,1,1,64,16.250000,0.000000,,,,,"Tesla V100-DGXS-32GB (0)","1","7","void cudnn::winograd_nonfused::winogradForwardOutput4x4<float, float>(cudnn::winograd_nonfused::WinogradOutputParams<float, float>)",4242,2395334
18755.181912,0.236349,128,32,1,256,1,1,64,24.125000,0.000000,,,,,"Tesla V100-DGXS-32GB (0)","1","7","void cudnn::winograd_nonfused::winogradWgradData4x4<float, float>(cudnn::winograd_nonfused::WinogradDataParams<float, float>)",4256,3622849
18765.584389,0.241244,128,32,1,256,1,1,64,16.500000,0.000000,,,,,"Tesla V100-DGXS-32GB (0)","1","7","void cudnn::winograd_nonfused::winogradWgradDelta4x4<float, float>(cudnn::winograd_nonfused::WinogradDeltaParams<float, float>)",4257,3612695
18775.968177,2.521597,8,8,36,64,1,1,126,8.000000,0.000000,,,,,"Tesla V100-DGXS-32GB (0)","1","7","volta_sgemm_64x64_nt",4265,1179673
18788.611039,0.068126,16,64,1,32,8,1,62,9.000000,0.000000,,,,,"Tesla V100-DGXS-32GB (0)","1","7","void cudnn::winograd_nonfused::winogradWgradOutput4x4<float, float>(cudnn::winograd_nonfused::WinogradWgradOutputParams<float, float>)",4267,294932
18798.937292,0.039391,9216,1,1,64,1,1,20,0.000000,0.000000,,,,,"Tesla V100-DGXS-32GB (0)","1","7","void at::native::vectorized_elementwise_kernel<int=4, at::native::AddFunctor<float, float>, at::detail::Array<char*, int=3>>(int, float, float)",4275,294940
18809.152699,0.027424,9216,1,1,64,1,1,16,0.000000,0.000000,,,,,"Tesla V100-DGXS-32GB (0)","1","7","void at::native::vectorized_elementwise_kernel<int=4, at::native::MulScalarFunctor<float, float>, at::detail::Array<char*, int=2>>(int, float, float)",4281,294940
18819.460809,0.190238,50176,1,1,64,1,1,20,0.000000,0.000000,,,,,"Tesla V100-DGXS-32GB (0)","1","7","_ZN2at6native29vectorized_elementwise_kernelILi4EZNS0_21threshold_kernel_implIfEEvRNS_18TensorIteratorBaseET_S5_EUlffE_NS_6detail5ArrayIPcLi3EEEEEviT0_T1_",4290,1605652
18830.024148,0.079263,512,1,1,32,16,1,28,0.015625,2.000000,,,,,"Tesla V100-DGXS-32GB (0)","1","7","_ZN2at6native13reduce_kernelILi512ELi1ENS0_8ReduceOpIfNS0_14func_wrapper_tIfZNS0_11sum_functorIfffEclERNS_14TensorIteratorEEUlffE_EEjfLi4EEEEEvT1_",4303,534
18840.356674,0.003423,2,1,1,64,1,1,20,0.000000,0.000000,,,,,"Tesla V100-DGXS-32GB (0)","1","7","void at::native::vectorized_elementwise_kernel<int=4, at::native::AddFunctor<float, float>, at::detail::Array<char*, int=3>>(int, float, float)",4312,80
18850.564977,0.003424,2,1,1,64,1,1,16,0.000000,0.000000,,,,,"Tesla V100-DGXS-32GB (0)","1","7","void at::native::vectorized_elementwise_kernel<int=4, at::native::MulScalarFunctor<float, float>, at::detail::Array<char*, int=2>>(int, float, float)",4318,80
18860.826752,0.241564,8,512,1,256,1,1,64,22.125000,0.000000,,,,,"Tesla V100-DGXS-32GB (0)","1","7","void cudnn::winograd_nonfused::winogradForwardData4x4<float, float>(cudnn::winograd_nonfused::WinogradDataParams<float, float>)",4334,3612700
18871.294603,0.032896,8,64,1,32,8,1,32,9.000000,0.000000,,,,,"Tesla V100-DGXS-32GB (0)","1","7","void cudnn::winograd_nonfused::winogradForwardFilter4x4<float, float>(cudnn::winograd_nonfused::WinogradFilterParams<float, float>)",4335,589852
18881.419580,1.195471,49,2,36,256,1,1,57,16.000000,0.000000,,,,,"Tesla V100-DGXS-32GB (0)","1","7","volta_sgemm_32x128_nt",4343,1806364
18892.849274,0.142686,8,256,1,256,1,1,64,16.250000,0.000000,,,,,"Tesla V100-DGXS-32GB (0)","1","7","void cudnn::winograd_nonfused::winogradForwardOutput4x4<float, float>(cudnn::winograd_nonfused::WinogradOutputParams<float, float>)",4345,1194217
18903.269383,0.122142,64,32,1,256,1,1,64,24.125000,0.000000,,,,,"Tesla V100-DGXS-32GB (0)","1","7","void cudnn::winograd_nonfused::winogradWgradData4x4<float, float>(cudnn::winograd_nonfused::WinogradDataParams<float, float>)",4359,1816205
18913.554805,0.242077,128,32,1,256,1,1,64,16.500000,0.000000,,,,,"Tesla V100-DGXS-32GB (0)","1","7","void cudnn::winograd_nonfused::winogradWgradDelta4x4<float, float>(cudnn::winograd_nonfused::WinogradDeltaParams<float, float>)",4360,3612696
18923.912739,1.279021,4,8,36,64,1,1,126,8.000000,0.000000,,,,,"Tesla V100-DGXS-32GB (0)","1","7","volta_sgemm_64x64_nt",4368,589853
18935.365344,0.037792,8,64,1,32,8,1,62,9.000000,0.000000,,,,,"Tesla V100-DGXS-32GB (0)","1","7","void cudnn::winograd_nonfused::winogradWgradOutput4x4<float, float>(cudnn::winograd_nonfused::WinogradWgradOutputParams<float, float>)",4370,147476
18945.870124,0.020479,4608,1,1,64,1,1,20,0.000000,0.000000,,,,,"Tesla V100-DGXS-32GB (0)","1","7","void at::native::vectorized_elementwise_kernel<int=4, at::native::AddFunctor<float, float>, at::detail::Array<char*, int=3>>(int, float, float)",4378,147483
18956.117051,0.013151,4608,1,1,64,1,1,16,0.000000,0.000000,,,,,"Tesla V100-DGXS-32GB (0)","1","7","void at::native::vectorized_elementwise_kernel<int=4, at::native::MulScalarFunctor<float, float>, at::detail::Array<char*, int=2>>(int, float, float)",4384,147473
18966.364361,0.169278,100352,1,1,64,1,1,16,0.000000,0.000000,,,,,"Tesla V100-DGXS-32GB (0)","1","7","void at::native::vectorized_elementwise_kernel<int=4, at::native::FillFunctor<float>, at::detail::Array<char*, int=1>>(int, float, at::native::FillFunctor<float>)",4395,3211293
18976.833653,0.580952,13,32,256,256,1,1,32,0.000000,0.000000,,,,,"Tesla V100-DGXS-32GB (0)","1","7","void at::native::_GLOBAL__N__63_tmpxft_00007dfa_00000000_13_DilatedMaxPool2d_compute_86_cpp1_ii_6258b574::max_pool_backward_nchw<float, float>(int, float const *, long const *, int, int, int, int, int, int, int, int, int, int, int, int, int, int, at::native::_GLOBAL__N__63_tmpxft_00007dfa_00000000_13_DilatedMaxPool2d_compute_86_cpp1_ii_6258b574::max_pool_backward_nchw<float, float>*)",4402,3211293
18987.569917,0.373915,100352,1,1,64,1,1,20,0.000000,0.000000,,,,,"Tesla V100-DGXS-32GB (0)","1","7","_ZN2at6native29vectorized_elementwise_kernelILi4EZNS0_21threshold_kernel_implIfEEvRNS_18TensorIteratorBaseET_S5_EUlffE_NS_6detail5ArrayIPcLi3EEEEEviT0_T1_",4410,3211285
18998.350468,0.138398,256,1,1,32,16,1,28,0.015625,2.000000,,,,,"Tesla V100-DGXS-32GB (0)","1","7","_ZN2at6native13reduce_kernelILi512ELi1ENS0_8ReduceOpIfNS0_14func_wrapper_tIfZNS0_11sum_functorIfffEclERNS_14TensorIteratorEEUlffE_EEjfLi4EEEEEvT1_",4423,276
19008.697170,0.003456,1,1,1,64,1,1,20,0.000000,0.000000,,,,,"Tesla V100-DGXS-32GB (0)","1","7","void at::native::vectorized_elementwise_kernel<int=4, at::native::AddFunctor<float, float>, at::detail::Array<char*, int=3>>(int, float, float)",4432,48
19019.031007,0.003200,1,1,1,64,1,1,16,0.000000,0.000000,,,,,"Tesla V100-DGXS-32GB (0)","1","7","void at::native::vectorized_elementwise_kernel<int=4, at::native::MulScalarFunctor<float, float>, at::detail::Array<char*, int=2>>(int, float, float)",4438,48
19029.338126,0.498329,32,256,1,256,1,1,64,22.125000,0.000000,,,,,"Tesla V100-DGXS-32GB (0)","1","7","void cudnn::winograd_nonfused::winogradForwardData4x4<float, float>(cudnn::winograd_nonfused::WinogradDataParams<float, float>)",4454,7225377
19040.009079,0.018303,8,32,1,32,8,1,32,9.000000,0.000000,,,,,"Tesla V100-DGXS-32GB (0)","1","7","void cudnn::winograd_nonfused::winogradForwardFilter4x4<float, float>(cudnn::winograd_nonfused::WinogradFilterParams<float, float>)",4455,294941
19050.108744,2.402909,196,2,36,256,1,1,57,16.000000,0.000000,,,,,"Tesla V100-DGXS-32GB (0)","1","7","volta_sgemm_32x128_nt",4463,7225369
19062.692757,0.444378,32,256,1,256,1,1,64,16.250000,0.000000,,,,,"Tesla V100-DGXS-32GB (0)","1","7","void cudnn::winograd_nonfused::winogradForwardOutput4x4<float, float>(cudnn::winograd_nonfused::WinogradOutputParams<float, float>)",4465,3211288
19073.435485,0.504025,224,32,1,256,1,1,64,24.125000,0.000000,,,,,"Tesla V100-DGXS-32GB (0)","1","7","void cudnn::winograd_nonfused::winogradWgradData4x4<float, float>(cudnn::winograd_nonfused::WinogradDataParams<float, float>)",4479,7225371
19084.174245,0.509721,224,32,1,256,1,1,64,16.500000,0.000000,,,,,"Tesla V100-DGXS-32GB (0)","1","7","void cudnn::winograd_nonfused::winogradWgradDelta4x4<float, float>(cudnn::winograd_nonfused::WinogradDeltaParams<float, float>)",4480,7225372
19094.759855,2.536828,4,4,36,64,1,1,126,8.000000,0.000000,,,,,"Tesla V100-DGXS-32GB (0)","1","7","volta_sgemm_64x64_nt",4488,294941
19107.442492,0.020639,8,32,1,32,8,1,62,9.000000,0.000000,,,,,"Tesla V100-DGXS-32GB (0)","1","7","void cudnn::winograd_nonfused::winogradWgradOutput4x4<float, float>(cudnn::winograd_nonfused::WinogradWgradOutputParams<float, float>)",4490,73748
19117.749225,0.009440,2304,1,1,64,1,1,20,0.000000,0.000000,,,,,"Tesla V100-DGXS-32GB (0)","1","7","void at::native::vectorized_elementwise_kernel<int=4, at::native::AddFunctor<float, float>, at::detail::Array<char*, int=3>>(int, float, float)",4498,73744
19127.940345,0.007136,2304,1,1,64,1,1,16,0.000000,0.000000,,,,,"Tesla V100-DGXS-32GB (0)","1","7","void at::native::vectorized_elementwise_kernel<int=4, at::native::MulScalarFunctor<float, float>, at::detail::Array<char*, int=2>>(int, float, float)",4504,73753
19138.156393,0.375770,100352,1,1,64,1,1,20,0.000000,0.000000,,,,,"Tesla V100-DGXS-32GB (0)","1","7","_ZN2at6native29vectorized_elementwise_kernelILi4EZNS0_21threshold_kernel_implIfEEvRNS_18TensorIteratorBaseET_S5_EUlffE_NS_6detail5ArrayIPcLi3EEEEEviT0_T1_",4513,3211290
19148.884465,0.138718,256,1,1,32,16,1,28,0.015625,2.000000,,,,,"Tesla V100-DGXS-32GB (0)","1","7","_ZN2at6native13reduce_kernelILi512ELi1ENS0_8ReduceOpIfNS0_14func_wrapper_tIfZNS0_11sum_functorIfffEclERNS_14TensorIteratorEEUlffE_EEjfLi4EEEEEvT1_",4526,276
19159.278941,0.003393,1,1,1,64,1,1,20,0.000000,0.000000,,,,,"Tesla V100-DGXS-32GB (0)","1","7","void at::native::vectorized_elementwise_kernel<int=4, at::native::AddFunctor<float, float>, at::detail::Array<char*, int=3>>(int, float, float)",4535,48
19169.611179,0.003264,1,1,1,64,1,1,16,0.000000,0.000000,,,,,"Tesla V100-DGXS-32GB (0)","1","7","void at::native::vectorized_elementwise_kernel<int=4, at::native::MulScalarFunctor<float, float>, at::detail::Array<char*, int=2>>(int, float, float)",4541,48
19179.895545,0.499066,32,256,1,256,1,1,64,22.125000,0.000000,,,,,"Tesla V100-DGXS-32GB (0)","1","7","void cudnn::winograd_nonfused::winogradForwardData4x4<float, float>(cudnn::winograd_nonfused::WinogradDataParams<float, float>)",4557,7225372
19190.610114,0.018080,8,32,1,32,8,1,32,9.000000,0.000000,,,,,"Tesla V100-DGXS-32GB (0)","1","7","void cudnn::winograd_nonfused::winogradForwardFilter4x4<float, float>(cudnn::winograd_nonfused::WinogradFilterParams<float, float>)",4558,294937
19200.783986,2.406206,196,2,36,256,1,1,57,16.000000,0.000000,,,,,"Tesla V100-DGXS-32GB (0)","1","7","volta_sgemm_32x128_nt",4566,7225367
19213.383423,0.435194,32,256,1,256,1,1,64,16.250000,0.000000,,,,,"Tesla V100-DGXS-32GB (0)","1","7","void cudnn::winograd_nonfused::winogradForwardOutput4x4<float, float>(cudnn::winograd_nonfused::WinogradOutputParams<float, float>)",4568,3211288
19224.174566,0.503417,224,32,1,256,1,1,64,24.125000,0.000000,,,,,"Tesla V100-DGXS-32GB (0)","1","7","void cudnn::winograd_nonfused::winogradWgradData4x4<float, float>(cudnn::winograd_nonfused::WinogradDataParams<float, float>)",4582,7225372
19234.828687,0.508665,224,32,1,256,1,1,64,16.500000,0.000000,,,,,"Tesla V100-DGXS-32GB (0)","1","7","void cudnn::winograd_nonfused::winogradWgradDelta4x4<float, float>(cudnn::winograd_nonfused::WinogradDeltaParams<float, float>)",4583,7225370
19245.454425,2.538492,4,4,36,64,1,1,126,8.000000,0.000000,,,,,"Tesla V100-DGXS-32GB (0)","1","7","volta_sgemm_64x64_nt",4591,294937
19258.099398,0.019744,8,32,1,32,8,1,62,9.000000,0.000000,,,,,"Tesla V100-DGXS-32GB (0)","1","7","void cudnn::winograd_nonfused::winogradWgradOutput4x4<float, float>(cudnn::winograd_nonfused::WinogradWgradOutputParams<float, float>)",4593,73748
19268.458803,0.010528,2304,1,1,64,1,1,20,0.000000,0.000000,,,,,"Tesla V100-DGXS-32GB (0)","1","7","void at::native::vectorized_elementwise_kernel<int=4, at::native::AddFunctor<float, float>, at::detail::Array<char*, int=3>>(int, float, float)",4601,73744
19278.837152,0.007136,2304,1,1,64,1,1,16,0.000000,0.000000,,,,,"Tesla V100-DGXS-32GB (0)","1","7","void at::native::vectorized_elementwise_kernel<int=4, at::native::MulScalarFunctor<float, float>, at::detail::Array<char*, int=2>>(int, float, float)",4607,73753
19288.893810,0.603032,8,1,1,544,1,1,96,41.101562,0.000000,,,,,"Tesla V100-DGXS-32GB (0)","1","16","ncclKernel_AllReduce_RING_LL_Sum_float(ncclWorkElem)",4621,2315591
19299.974293,0.375611,100352,1,1,64,1,1,20,0.000000,0.000000,,,,,"Tesla V100-DGXS-32GB (0)","1","7","_ZN2at6native29vectorized_elementwise_kernelILi4EZNS0_21threshold_kernel_implIfEEvRNS_18TensorIteratorBaseET_S5_EUlffE_NS_6detail5ArrayIPcLi3EEEEEviT0_T1_",4655,3240536
19310.657438,0.138782,256,1,1,32,16,1,28,0.015625,2.000000,,,,,"Tesla V100-DGXS-32GB (0)","1","7","_ZN2at6native13reduce_kernelILi512ELi1ENS0_8ReduceOpIfNS0_14func_wrapper_tIfZNS0_11sum_functorIfffEclERNS_14TensorIteratorEEUlffE_EEjfLi4EEEEEvT1_",4668,276
19321.172041,0.003360,1,1,1,64,1,1,20,0.000000,0.000000,,,,,"Tesla V100-DGXS-32GB (0)","1","7","void at::native::vectorized_elementwise_kernel<int=4, at::native::AddFunctor<float, float>, at::detail::Array<char*, int=3>>(int, float, float)",4677,48
19331.413400,0.003168,1,1,1,64,1,1,16,0.000000,0.000000,,,,,"Tesla V100-DGXS-32GB (0)","1","7","void at::native::vectorized_elementwise_kernel<int=4, at::native::MulScalarFunctor<float, float>, at::detail::Array<char*, int=2>>(int, float, float)",4683,48
19341.775205,0.497849,32,256,1,256,1,1,64,22.125000,0.000000,,,,,"Tesla V100-DGXS-32GB (0)","1","7","void cudnn::winograd_nonfused::winogradForwardData4x4<float, float>(cudnn::winograd_nonfused::WinogradDataParams<float, float>)",4699,7225363
19352.538477,0.011808,4,32,1,32,8,1,32,9.000000,0.000000,,,,,"Tesla V100-DGXS-32GB (0)","1","7","void cudnn::winograd_nonfused::winogradForwardFilter4x4<float, float>(cudnn::winograd_nonfused::WinogradFilterParams<float, float>)",4700,147474
19362.742556,1.203247,98,2,36,64,1,1,126,8.000000,0.000000,,,,,"Tesla V100-DGXS-32GB (0)","1","7","volta_sgemm_64x64_nt",4708,3612703
19374.167643,0.237596,32,128,1,256,1,1,64,16.250000,0.000000,,,,,"Tesla V100-DGXS-32GB (0)","1","7","void cudnn::winograd_nonfused::winogradForwardOutput4x4<float, float>(cudnn::winograd_nonfused::WinogradOutputParams<float, float>)",4710,1605657
19384.844547,0.239485,112,32,1,256,1,1,64,24.125000,0.000000,,,,,"Tesla V100-DGXS-32GB (0)","1","7","void cudnn::winograd_nonfused::winogradWgradData4x4<float, float>(cudnn::winograd_nonfused::WinogradDataParams<float, float>)",4724,3612699
19395.324335,0.509337,224,32,1,256,1,1,64,16.500000,0.000000,,,,,"Tesla V100-DGXS-32GB (0)","1","7","void cudnn::winograd_nonfused::winogradWgradDelta4x4<float, float>(cudnn::winograd_nonfused::WinogradDeltaParams<float, float>)",4725,7225371
19406.032951,1.292398,4,2,36,256,1,1,57,16.000000,0.000000,,,,,"Tesla V100-DGXS-32GB (0)","1","7","volta_sgemm_32x128_nt",4733,147476
19417.543508,0.011232,4,32,1,32,8,1,62,9.000000,0.000000,,,,,"Tesla V100-DGXS-32GB (0)","1","7","void cudnn::winograd_nonfused::winogradWgradOutput4x4<float, float>(cudnn::winograd_nonfused::WinogradWgradOutputParams<float, float>)",4735,36880
19427.818883,0.006655,1152,1,1,64,1,1,20,0.000000,0.000000,,,,,"Tesla V100-DGXS-32GB (0)","1","7","void at::native::vectorized_elementwise_kernel<int=4, at::native::AddFunctor<float, float>, at::detail::Array<char*, int=3>>(int, float, float)",4743,36882
19438.157648,0.005312,1152,1,1,64,1,1,16,0.000000,0.000000,,,,,"Tesla V100-DGXS-32GB (0)","1","7","void at::native::vectorized_elementwise_kernel<int=4, at::native::MulScalarFunctor<float, float>, at::detail::Array<char*, int=2>>(int, float, float)",4749,36880
19448.430143,0.335323,200704,1,1,64,1,1,16,0.000000,0.000000,,,,,"Tesla V100-DGXS-32GB (0)","1","7","void at::native::vectorized_elementwise_kernel<int=4, at::native::FillFunctor<float>, at::detail::Array<char*, int=1>>(int, float, at::native::FillFunctor<float>)",4760,6422571
19459.133703,1.141136,49,32,128,256,1,1,32,0.000000,0.000000,,,,,"Tesla V100-DGXS-32GB (0)","1","7","void at::native::_GLOBAL__N__63_tmpxft_00007dfa_00000000_13_DilatedMaxPool2d_compute_86_cpp1_ii_6258b574::max_pool_backward_nchw<float, float>(int, float const *, long const *, int, int, int, int, int, int, int, int, int, int, int, int, int, int, at::native::_GLOBAL__N__63_tmpxft_00007dfa_00000000_13_DilatedMaxPool2d_compute_86_cpp1_ii_6258b574::max_pool_backward_nchw<float, float>*)",4767,6422557
19470.626596,0.744982,200704,1,1,64,1,1,20,0.000000,0.000000,,,,,"Tesla V100-DGXS-32GB (0)","1","7","_ZN2at6native29vectorized_elementwise_kernelILi4EZNS0_21threshold_kernel_implIfEEvRNS_18TensorIteratorBaseET_S5_EUlffE_NS_6detail5ArrayIPcLi3EEEEEviT0_T1_",4775,6422548
19475.049702,0.001408,,,,,,,,,,0.000488,0.338663,"Device",,"Tesla V100-DGXS-32GB (0)","1","7","[CUDA memset]",4790,
19481.667400,0.268764,128,4,1,32,16,1,28,0.015625,2.000000,,,,,"Tesla V100-DGXS-32GB (0)","1","7","_ZN2at6native13reduce_kernelILi512ELi1ENS0_8ReduceOpIfNS0_14func_wrapper_tIfZNS0_11sum_functorIfffEclERNS_14TensorIteratorEEUlffE_EEjfLi4EEEEEvT1_",4792,1235
19492.304785,0.003457,1,1,1,64,1,1,20,0.000000,0.000000,,,,,"Tesla V100-DGXS-32GB (0)","1","7","void at::native::vectorized_elementwise_kernel<int=4, at::native::AddFunctor<float, float>, at::detail::Array<char*, int=3>>(int, float, float)",4801,32
19502.555137,0.003455,1,1,1,64,1,1,16,0.000000,0.000000,,,,,"Tesla V100-DGXS-32GB (0)","1","7","void at::native::vectorized_elementwise_kernel<int=4, at::native::MulScalarFunctor<float, float>, at::detail::Array<char*, int=2>>(int, float, float)",4807,32
19512.955437,1.008146,98,128,1,256,1,1,64,22.125000,0.000000,,,,,"Tesla V100-DGXS-32GB (0)","1","7","void cudnn::winograd_nonfused::winogradForwardData4x4<float, float>(cudnn::winograd_nonfused::WinogradDataParams<float, float>)",4823,14450730
19524.238285,0.008064,4,16,1,32,8,1,32,9.000000,0.000000,,,,,"Tesla V100-DGXS-32GB (0)","1","7","void cudnn::winograd_nonfused::winogradForwardFilter4x4<float, float>(cudnn::winograd_nonfused::WinogradFilterParams<float, float>)",4824,73744
19534.395198,2.509852,784,1,36,256,1,1,57,16.000000,0.000000,,,,,"Tesla V100-DGXS-32GB (0)","1","7","volta_sgemm_32x128_nt",4832,14450725
19547.129577,0.849492,98,128,1,256,1,1,64,16.250000,0.000000,,,,,"Tesla V100-DGXS-32GB (0)","1","7","void cudnn::winograd_nonfused::winogradForwardOutput4x4<float, float>(cudnn::winograd_nonfused::WinogradOutputParams<float, float>)",4834,6422548
19558.443113,0.971442,392,32,1,256,1,1,64,24.125000,0.000000,,,,,"Tesla V100-DGXS-32GB (0)","1","7","void cudnn::winograd_nonfused::winogradWgradData4x4<float, float>(cudnn::winograd_nonfused::WinogradDataParams<float, float>)",4848,14450716
19569.629514,0.987955,392,32,1,256,1,1,64,16.500000,0.000000,,,,,"Tesla V100-DGXS-32GB (0)","1","7","void cudnn::winograd_nonfused::winogradWgradDelta4x4<float, float>(cudnn::winograd_nonfused::WinogradDeltaParams<float, float>)",4849,14450712
19580.735277,5.025049,2,2,36,64,1,1,126,8.000000,0.000000,,,,,"Tesla V100-DGXS-32GB (0)","1","7","volta_sgemm_64x64_nt",4857,73748
19595.960470,0.007360,4,16,1,32,8,1,62,9.000000,0.000000,,,,,"Tesla V100-DGXS-32GB (0)","1","7","void cudnn::winograd_nonfused::winogradWgradOutput4x4<float, float>(cudnn::winograd_nonfused::WinogradWgradOutputParams<float, float>)",4859,18448
19606.311811,0.005056,576,1,1,64,1,1,20,0.000000,0.000000,,,,,"Tesla V100-DGXS-32GB (0)","1","7","void at::native::vectorized_elementwise_kernel<int=4, at::native::AddFunctor<float, float>, at::detail::Array<char*, int=3>>(int, float, float)",4867,18448
19616.690576,0.004096,576,1,1,64,1,1,16,0.000000,0.000000,,,,,"Tesla V100-DGXS-32GB (0)","1","7","void at::native::vectorized_elementwise_kernel<int=4, at::native::MulScalarFunctor<float, float>, at::detail::Array<char*, int=2>>(int, float, float)",4873,18448
19626.912351,0.743638,200704,1,1,64,1,1,20,0.000000,0.000000,,,,,"Tesla V100-DGXS-32GB (0)","1","7","_ZN2at6native29vectorized_elementwise_kernelILi4EZNS0_21threshold_kernel_implIfEEvRNS_18TensorIteratorBaseET_S5_EUlffE_NS_6detail5ArrayIPcLi3EEEEEviT0_T1_",4882,6422567
19631.322177,0.001376,,,,,,,,,,0.000488,0.346539,"Device",,"Tesla V100-DGXS-32GB (0)","1","7","[CUDA memset]",4897,
19638.025506,0.269180,128,4,1,32,16,1,28,0.015625,2.000000,,,,,"Tesla V100-DGXS-32GB (0)","1","7","_ZN2at6native13reduce_kernelILi512ELi1ENS0_8ReduceOpIfNS0_14func_wrapper_tIfZNS0_11sum_functorIfffEclERNS_14TensorIteratorEEUlffE_EEjfLi4EEEEEvT1_",4899,1239
19648.580172,0.003360,1,1,1,64,1,1,20,0.000000,0.000000,,,,,"Tesla V100-DGXS-32GB (0)","1","7","void at::native::vectorized_elementwise_kernel<int=4, at::native::AddFunctor<float, float>, at::detail::Array<char*, int=3>>(int, float, float)",4908,32
19659.075864,0.003136,1,1,1,64,1,1,16,0.000000,0.000000,,,,,"Tesla V100-DGXS-32GB (0)","1","7","void at::native::vectorized_elementwise_kernel<int=4, at::native::MulScalarFunctor<float, float>, at::detail::Array<char*, int=2>>(int, float, float)",4914,32
19669.476901,0.007200,2,32,1,32,4,1,40,8.500000,0.000000,,,,,"Tesla V100-DGXS-32GB (0)","1","7","void cudnn::winograd::generateWinogradTilesKernel<int=0, float, float>(cudnn::winograd::GenerateWinogradTilesParams<float, float>)",4930,16400
19679.659861,2.609082,64,14,7,256,1,1,126,48.000000,0.000000,,,,,"Tesla V100-DGXS-32GB (0)","1","7","volta_scudnn_winograd_128x128_ldg1_ldg4_relu_tile148t_nt_v1",4932,3211285
19692.633405,0.469881,196,32,1,256,1,1,64,24.125000,0.000000,,,,,"Tesla V100-DGXS-32GB (0)","1","7","void cudnn::winograd_nonfused::winogradWgradData4x4<float, float>(cudnn::winograd_nonfused::WinogradDataParams<float, float>)",4945,7225368
19703.316998,0.984945,392,32,1,256,1,1,64,16.500000,0.000000,,,,,"Tesla V100-DGXS-32GB (0)","1","7","void cudnn::winograd_nonfused::winogradWgradDelta4x4<float, float>(cudnn::winograd_nonfused::WinogradDeltaParams<float, float>)",4946,14450708
19712.027786,2.924279,1,2,36,64,1,1,126,8.000000,0.000000,,,,,"Tesla V100-DGXS-32GB (0)","1","7","volta_sgemm_64x64_nt",4954,36884
19722.083164,0.005504,2,16,1,32,8,1,62,9.000000,0.000000,,,,,"Tesla V100-DGXS-32GB (0)","1","7","void cudnn::winograd_nonfused::winogradWgradOutput4x4<float, float>(cudnn::winograd_nonfused::WinogradWgradOutputParams<float, float>)",4956,9232
19728.659198,0.004321,288,1,1,64,1,1,20,0.000000,0.000000,,,,,"Tesla V100-DGXS-32GB (0)","1","7","void at::native::vectorized_elementwise_kernel<int=4, at::native::AddFunctor<float, float>, at::detail::Array<char*, int=3>>(int, float, float)",4964,9232
19735.196226,0.003808,288,1,1,64,1,1,16,0.000000,0.000000,,,,,"Tesla V100-DGXS-32GB (0)","1","7","void at::native::vectorized_elementwise_kernel<int=4, at::native::MulScalarFunctor<float, float>, at::detail::Array<char*, int=2>>(int, float, float)",4970,9232
19741.776677,0.667766,401408,1,1,64,1,1,16,0.000000,0.000000,,,,,"Tesla V100-DGXS-32GB (0)","1","7","void at::native::vectorized_elementwise_kernel<int=4, at::native::FillFunctor<float>, at::detail::Array<char*, int=1>>(int, float, at::native::FillFunctor<float>)",4981,12845107
19748.921152,2.273951,196,32,64,256,1,1,32,0.000000,0.000000,,,,,"Tesla V100-DGXS-32GB (0)","1","7","void at::native::_GLOBAL__N__63_tmpxft_00007dfa_00000000_13_DilatedMaxPool2d_compute_86_cpp1_ii_6258b574::max_pool_backward_nchw<float, float>(int, float const *, long const *, int, int, int, int, int, int, int, int, int, int, int, int, int, int, at::native::_GLOBAL__N__63_tmpxft_00007dfa_00000000_13_DilatedMaxPool2d_compute_86_cpp1_ii_6258b574::max_pool_backward_nchw<float, float>*)",4988,12845085
19757.726275,1.485227,401408,1,1,64,1,1,20,0.000000,0.000000,,,,,"Tesla V100-DGXS-32GB (0)","1","7","_ZN2at6native29vectorized_elementwise_kernelILi4EZNS0_21threshold_kernel_implIfEEvRNS_18TensorIteratorBaseET_S5_EUlffE_NS_6detail5ArrayIPcLi3EEEEEviT0_T1_",4996,12845076
19761.555661,0.001344,,,,,,,,,,0.000244,0.177395,"Device",,"Tesla V100-DGXS-32GB (0)","1","7","[CUDA memset]",5011,
19765.815985,0.510168,64,13,1,32,16,1,28,0.015625,2.000000,,,,,"Tesla V100-DGXS-32GB (0)","1","7","_ZN2at6native13reduce_kernelILi512ELi1ENS0_8ReduceOpIfNS0_14func_wrapper_tIfZNS0_11sum_functorIfffEclERNS_14TensorIteratorEEUlffE_EEjfLi4EEEEEvT1_",5013,1951
19772.912268,0.003328,1,1,1,64,1,1,20,0.000000,0.000000,,,,,"Tesla V100-DGXS-32GB (0)","1","7","void at::native::vectorized_elementwise_kernel<int=4, at::native::AddFunctor<float, float>, at::detail::Array<char*, int=3>>(int, float, float)",5022,24
19779.467567,0.003168,1,1,1,64,1,1,16,0.000000,0.000000,,,,,"Tesla V100-DGXS-32GB (0)","1","7","void at::native::vectorized_elementwise_kernel<int=4, at::native::MulScalarFunctor<float, float>, at::detail::Array<char*, int=2>>(int, float, float)",5028,24
19786.120177,0.004224,2,16,1,32,4,1,40,8.500000,0.000000,,,,,"Tesla V100-DGXS-32GB (0)","1","7","void cudnn::winograd::generateWinogradTilesKernel<int=0, float, float>(cudnn::winograd::GenerateWinogradTilesParams<float, float>)",5044,8208
19792.529494,5.572465,64,28,14,256,1,1,126,48.000000,0.000000,,,,,"Tesla V100-DGXS-32GB (0)","1","7","volta_scudnn_winograd_128x128_ldg1_ldg4_relu_tile148t_nt_v1",5046,12845154
19804.727305,0.004448,1,224,1,256,1,1,16,0.000000,0.000000,,,,,"Tesla V100-DGXS-32GB (0)","1","7","cask_cudnn::computeWgradSplitKOffsetsKernel(cask_cudnn::ComputeSplitKOffsetsParams)",5059,1249
19811.339404,0.004000,2,1,1,256,1,1,24,0.000000,0.000000,,,,,"Tesla V100-DGXS-32GB (0)","1","7","cask_cudnn::computeWgradBOffsetsKernel(cask_cudnn::ComputeWgradBOffsetsParams)",5060,81
19813.638055,0.001344,,,,,,,,,,0.000172,0.124731,"Device",,"Tesla V100-DGXS-32GB (0)","1","7","[CUDA memset]",5062,
19817.770893,11.217665,5,1,224,128,1,1,160,32.000000,0.000000,,,,,"Tesla V100-DGXS-32GB (0)","1","7","volta_scudnn_128x64_stridedB_splitK_xregs_large_nn_v1",5063,1033542
19835.428467,0.003808,144,1,1,64,1,1,20,0.000000,0.000000,,,,,"Tesla V100-DGXS-32GB (0)","1","7","void at::native::vectorized_elementwise_kernel<int=4, at::native::AddFunctor<float, float>, at::detail::Array<char*, int=3>>(int, float, float)",5070,4624
19841.858104,0.003456,144,1,1,64,1,1,16,0.000000,0.000000,,,,,"Tesla V100-DGXS-32GB (0)","1","7","void at::native::vectorized_elementwise_kernel<int=4, at::native::MulScalarFunctor<float, float>, at::detail::Array<char*, int=2>>(int, float, float)",5076,4624
19848.415387,1.481163,401408,1,1,64,1,1,20,0.000000,0.000000,,,,,"Tesla V100-DGXS-32GB (0)","1","7","_ZN2at6native29vectorized_elementwise_kernelILi4EZNS0_21threshold_kernel_implIfEEvRNS_18TensorIteratorBaseET_S5_EUlffE_NS_6detail5ArrayIPcLi3EEEEEviT0_T1_",5085,12845096
19852.118119,0.001376,,,,,,,,,,0.000244,0.173269,"Device",,"Tesla V100-DGXS-32GB (0)","1","7","[CUDA memset]",5100,
19856.363851,0.508409,64,13,1,32,16,1,28,0.015625,2.000000,,,,,"Tesla V100-DGXS-32GB (0)","1","7","_ZN2at6native13reduce_kernelILi512ELi1ENS0_8ReduceOpIfNS0_14func_wrapper_tIfZNS0_11sum_functorIfffEclERNS_14TensorIteratorEEUlffE_EEjfLi4EEEEEvT1_",5102,1943
19863.394407,0.003328,1,1,1,64,1,1,20,0.000000,0.000000,,,,,"Tesla V100-DGXS-32GB (0)","1","7","void at::native::vectorized_elementwise_kernel<int=4, at::native::AddFunctor<float, float>, at::detail::Array<char*, int=3>>(int, float, float)",5111,24
19869.943882,0.003137,1,1,1,64,1,1,16,0.000000,0.000000,,,,,"Tesla V100-DGXS-32GB (0)","1","7","void at::native::vectorized_elementwise_kernel<int=4, at::native::MulScalarFunctor<float, float>, at::detail::Array<char*, int=2>>(int, float, float)",5117,24
19876.677195,1.456044,1,2,3136,8,8,1,80,2.250000,0.000000,,,,,"Tesla V100-DGXS-32GB (0)","1","7","void wgrad_alg0_engine<float, int=128, int=5, int=5, int=3, int=3, int=3, bool=0, int=512>(int, int, int, float const *, int, float*, float const *, kernel_grad_params, __int64, int, float, int, int, int, int)",5136,3110960
19884.698330,0.003424,7,1,1,64,1,1,20,0.000000,0.000000,,,,,"Tesla V100-DGXS-32GB (0)","1","7","void at::native::vectorized_elementwise_kernel<int=4, at::native::AddFunctor<float, float>, at::detail::Array<char*, int=3>>(int, float, float)",5144,232
19891.249565,0.003264,7,1,1,64,1,1,16,0.000000,0.000000,,,,,"Tesla V100-DGXS-32GB (0)","1","7","void at::native::vectorized_elementwise_kernel<int=4, at::native::MulScalarFunctor<float, float>, at::detail::Array<char*, int=2>>(int, float, float)",5150,232
19897.795296,0.101279,8,1,1,640,1,1,96,41.101562,0.000000,,,,,"Tesla V100-DGXS-32GB (0)","1","16","ncclKernel_AllReduce_RING_LL_Sum_float(ncclWorkElem)",5164,264587
19900.189662,0.003681,,,,,,,,,,0.003815,1.012032,"Device","Device","Tesla V100-DGXS-32GB (0)","1","7","[CUDA memcpy DtoD]",5205,
19900.213982,0.047648,,,,,,,,,,15.625000,320.239864,"Device","Device","Tesla V100-DGXS-32GB (0)","1","7","[CUDA memcpy DtoD]",5209,
19900.265565,0.003840,,,,,,,,,,0.015625,3.973643,"Device","Device","Tesla V100-DGXS-32GB (0)","1","7","[CUDA memcpy DtoD]",5217,
19900.273342,0.175325,,,,,,,,,,64.000000,356.480821,"Device","Device","Tesla V100-DGXS-32GB (0)","1","7","[CUDA memcpy DtoD]",5221,
19900.452603,0.003808,,,,,,,,,,0.015625,4.007035,"Device","Device","Tesla V100-DGXS-32GB (0)","1","7","[CUDA memcpy DtoD]",5229,
19900.459547,1.049009,,,,,,,,,,392.000000,364.927756,"Device","Device","Tesla V100-DGXS-32GB (0)","1","7","[CUDA memcpy DtoD]",5233,
19901.512492,0.003520,,,,,,,,,,0.001953,0.541860,"Device","Device","Tesla V100-DGXS-32GB (0)","1","7","[CUDA memcpy DtoD]",5241,
19901.520012,0.028127,,,,,,,,,,9.000000,312.477779,"Device","Device","Tesla V100-DGXS-32GB (0)","1","7","[CUDA memcpy DtoD]",5245,
19901.552108,0.003327,,,,,,,,,,0.001953,0.573294,"Device","Device","Tesla V100-DGXS-32GB (0)","1","7","[CUDA memcpy DtoD]",5249,
19901.558571,0.028544,,,,,,,,,,9.000000,307.912784,"Device","Device","Tesla V100-DGXS-32GB (0)","1","7","[CUDA memcpy DtoD]",5253,
19901.591083,0.003360,,,,,,,,,,0.001953,0.567663,"Device","Device","Tesla V100-DGXS-32GB (0)","1","7","[CUDA memcpy DtoD]",5257,
19901.598379,0.028223,,,,,,,,,,9.000000,311.414892,"Device","Device","Tesla V100-DGXS-32GB (0)","1","7","[CUDA memcpy DtoD]",5261,
19901.630538,0.003616,,,,,,,,,,0.001953,0.527475,"Device","Device","Tesla V100-DGXS-32GB (0)","1","7","[CUDA memcpy DtoD]",5269,
19901.637258,0.027776,,,,,,,,,,9.000000,316.426501,"Device","Device","Tesla V100-DGXS-32GB (0)","1","7","[CUDA memcpy DtoD]",5273,
19901.669002,0.003360,,,,,,,,,,0.001953,0.567663,"Device","Device","Tesla V100-DGXS-32GB (0)","1","7","[CUDA memcpy DtoD]",5277,
19901.676330,0.027999,,,,,,,,,,9.000000,313.906300,"Device","Device","Tesla V100-DGXS-32GB (0)","1","7","[CUDA memcpy DtoD]",5281,
19901.708265,0.003424,,,,,,,,,,0.001953,0.557053,"Device","Device","Tesla V100-DGXS-32GB (0)","1","7","[CUDA memcpy DtoD]",5285,
19901.715145,0.016160,,,,,,,,,,4.500000,271.938815,"Device","Device","Tesla V100-DGXS-32GB (0)","1","7","[CUDA memcpy DtoD]",5289,
19901.735273,0.003264,,,,,,,,,,0.000977,0.292180,"Device","Device","Tesla V100-DGXS-32GB (0)","1","7","[CUDA memcpy DtoD]",5293,
19901.750568,0.010081,,,,,,,,,,2.250000,217.961078,"Device","Device","Tesla V100-DGXS-32GB (0)","1","7","[CUDA memcpy DtoD]",5297,
19901.764712,0.003360,,,,,,,,,,0.000977,0.283832,"Device","Device","Tesla V100-DGXS-32GB (0)","1","7","[CUDA memcpy DtoD]",5301,
19901.771176,0.009952,,,,,,,,,,2.250000,220.786337,"Device","Device","Tesla V100-DGXS-32GB (0)","1","7","[CUDA memcpy DtoD]",5305,
19901.784232,0.003232,,,,,,,,,,0.000977,0.295072,"Device","Device","Tesla V100-DGXS-32GB (0)","1","7","[CUDA memcpy DtoD]",5313,
19901.791400,0.007008,,,,,,,,,,1.125000,156.768381,"Device","Device","Tesla V100-DGXS-32GB (0)","1","7","[CUDA memcpy DtoD]",5317,
19901.801544,0.003072,,,,,,,,,,0.000488,0.155220,"Device","Device","Tesla V100-DGXS-32GB (0)","1","7","[CUDA memcpy DtoD]",5321,
19901.807752,0.005120,,,,,,,,,,0.562500,107.288361,"Device","Device","Tesla V100-DGXS-32GB (0)","1","7","[CUDA memcpy DtoD]",5325,
19901.816008,0.003039,,,,,,,,,,0.000488,0.156906,"Device","Device","Tesla V100-DGXS-32GB (0)","1","7","[CUDA memcpy DtoD]",5329,
19901.822152,0.004479,,,,,,,,,,0.281250,61.321322,"Device","Device","Tesla V100-DGXS-32GB (0)","1","7","[CUDA memcpy DtoD]",5333,
19901.829768,0.003071,,,,,,,,,,0.000244,0.077635,"Device","Device","Tesla V100-DGXS-32GB (0)","1","7","[CUDA memcpy DtoD]",5337,
19901.835943,0.004064,,,,,,,,,,0.140625,33.791610,"Device","Device","Tesla V100-DGXS-32GB (0)","1","7","[CUDA memcpy DtoD]",5341,
19901.843143,0.003040,,,,,,,,,,0.000244,0.078427,"Device","Device","Tesla V100-DGXS-32GB (0)","1","7","[CUDA memcpy DtoD]",5345,
19901.849319,0.003296,,,,,,,,,,0.006592,1.953065,"Device","Device","Tesla V100-DGXS-32GB (0)","1","7","[CUDA memcpy DtoD]",5349,
