"Start","Duration","Grid X","Grid Y","Grid Z","Block X","Block Y","Block Z","Registers Per Thread","Static SMem","Dynamic SMem","Size","Throughput","SrcMemType","DstMemType","Device","Context","Stream","Name","Correlation_ID","l2_tex_read_hit_rate","l2_tex_read_transactions","l2_tex_write_hit_rate","l2_tex_write_transactions"
ms,ms,,,,,,,,KB,KB,MB,GB/s,,,,,,,,%,,%,
16123.978227,0.003759,197,1,1,256,1,1,16,0.000000,0.000000,,,,,"Tesla V100-DGXS-32GB (0)","1","7","void cask_cudnn::computeOffsetsKernel<bool=0, bool=0>(cask_cudnn::ComputeOffsetsParams)",2415,0.000000,0,100.000000,10978
16662.500446,0.760880,12544,1,1,128,1,1,128,16.000000,0.000000,,,,,"Tesla V100-DGXS-32GB (0)","1","7","volta_scudnn_128x64_relu_medium_nn_v1",2416,71.827629,2891244,0.000000,12845056
17184.468364,1.000843,401408,1,1,64,1,1,22,0.000000,0.000000,,,,,"Tesla V100-DGXS-32GB (0)","1","7","void at::native::unrolled_elementwise_kernel<at::native::AddFunctor<float, float>, at::detail::Array<char*, int=3>, OffsetCalculator<int=2, unsigned int, bool=0>, OffsetCalculator<int=1, unsigned int, bool=0>, at::native::memory::LoadWithoutCast, at::native::memory::StoreWithoutCast>(int, float, float, at::native::AddFunctor<float, float>, char*, int=3, at::detail::Array<char*, int=3>)",2420,0.055874,12852147,99.288504,12845056
17720.242824,1.000075,401408,1,1,64,1,1,18,0.000000,0.000000,,,,,"Tesla V100-DGXS-32GB (0)","1","7","_ZN2at6native29vectorized_elementwise_kernelILi4EZZZNS0_84_GLOBAL__N__60_tmpxft_00003bf5_00000000_13_TensorCompare_compute_86_cpp1_ii_d0af11f728clamp_min_scalar_kernel_implERNS_14TensorIteratorEN3c106ScalarEENKUlvE_clEvENKUlvE6_clEvEUlfE_NS_6detail5ArrayIPcLi2EEEEEviT0_T1_",2426,0.000000,12845056,97.309813,12845056
18237.323286,0.003711,2,16,1,32,4,1,40,8.500000,0.000000,,,,,"Tesla V100-DGXS-32GB (0)","1","7","void cudnn::winograd::generateWinogradTilesKernel<int=0, float, float>(cudnn::winograd::GenerateWinogradTilesParams<float, float>)",2439,100.000000,5120,100.000000,8192
18729.166412,5.583788,64,28,14,256,1,1,126,48.000000,0.000000,,,,,"Tesla V100-DGXS-32GB (0)","1","7","volta_scudnn_winograd_128x128_ldg1_ldg4_relu_tile148t_nt_v1",2441,79.748372,163874985,0.000280,12845056
19264.849132,1.001227,401408,1,1,64,1,1,22,0.000000,0.000000,,,,,"Tesla V100-DGXS-32GB (0)","1","7","void at::native::unrolled_elementwise_kernel<at::native::AddFunctor<float, float>, at::detail::Array<char*, int=3>, OffsetCalculator<int=2, unsigned int, bool=0>, OffsetCalculator<int=1, unsigned int, bool=0>, at::native::memory::LoadWithoutCast, at::native::memory::StoreWithoutCast>(int, float, float, at::native::AddFunctor<float, float>, char*, int=3, at::detail::Array<char*, int=3>)",2445,0.056565,12852388,99.263405,12845056
19793.495421,1.000486,401408,1,1,64,1,1,18,0.000000,0.000000,,,,,"Tesla V100-DGXS-32GB (0)","1","7","_ZN2at6native29vectorized_elementwise_kernelILi4EZZZNS0_84_GLOBAL__N__60_tmpxft_00003bf5_00000000_13_TensorCompare_compute_86_cpp1_ii_d0af11f728clamp_min_scalar_kernel_implERNS_14TensorIteratorEN3c106ScalarEENKUlvE_clEvENKUlvE6_clEvEUlfE_NS_6detail5ArrayIPcLi2EEEEEviT0_T1_",2451,0.000000,12845056,97.354842,12845056
20362.910712,0.927879,100352,1,1,256,1,1,23,0.000000,0.000000,,,,,"Tesla V100-DGXS-32GB (0)","1","7","void at::native::_GLOBAL__N__63_tmpxft_00007dfa_00000000_13_DilatedMaxPool2d_compute_86_cpp1_ii_6258b574::max_pool_forward_nchw<float, float>(int, float const *, int, int, int, int, int, int, int, int, int, int, int, int, int, int, at::native::_GLOBAL__N__63_tmpxft_00007dfa_00000000_13_DilatedMaxPool2d_compute_86_cpp1_ii_6258b574::max_pool_forward_nchw<float, float>*, long*)",2460,10.809825,14400936,0.000000,9633792
20910.457516,0.003800,4,16,1,32,4,1,40,8.500000,0.000000,,,,,"Tesla V100-DGXS-32GB (0)","1","7","void cudnn::winograd::generateWinogradTilesKernel<int=0, float, float>(cudnn::winograd::GenerateWinogradTilesParams<float, float>)",2472,44.111328,10240,100.000000,16384
21428.862836,2.663964,128,14,7,256,1,1,126,48.000000,0.000000,,,,,"Tesla V100-DGXS-32GB (0)","1","7","volta_scudnn_winograd_128x128_ldg1_ldg4_relu_tile148t_nt_v1",2474,90.257427,80682021,0.000125,6422528
21975.727403,0.502901,200704,1,1,64,1,1,22,0.000000,0.000000,,,,,"Tesla V100-DGXS-32GB (0)","1","7","void at::native::unrolled_elementwise_kernel<at::native::AddFunctor<float, float>, at::detail::Array<char*, int=3>, OffsetCalculator<int=2, unsigned int, bool=0>, OffsetCalculator<int=1, unsigned int, bool=0>, at::native::memory::LoadWithoutCast, at::native::memory::StoreWithoutCast>(int, float, float, at::native::AddFunctor<float, float>, char*, int=3, at::detail::Array<char*, int=3>)",2478,0.114730,6429887,94.945978,6422528
22516.325866,0.502101,200704,1,1,64,1,1,18,0.000000,0.000000,,,,,"Tesla V100-DGXS-32GB (0)","1","7","_ZN2at6native29vectorized_elementwise_kernelILi4EZZZNS0_84_GLOBAL__N__60_tmpxft_00003bf5_00000000_13_TensorCompare_compute_86_cpp1_ii_d0af11f728clamp_min_scalar_kernel_implERNS_14TensorIteratorEN3c106ScalarEENKUlvE_clEvENKUlvE6_clEvEUlfE_NS_6detail5ArrayIPcLi2EEEEEviT0_T1_",2484,0.000000,6422528,97.070748,6422528
23048.803730,0.998987,98,128,1,256,1,1,64,22.125000,0.000000,,,,,"Tesla V100-DGXS-32GB (0)","1","7","void cudnn::winograd_nonfused::winogradForwardData4x4<float, float>(cudnn::winograd_nonfused::WinogradDataParams<float, float>)",2497,67.014005,14510164,0.000000,14450688
23621.439717,0.006762,4,16,1,32,8,1,32,9.000000,0.000000,,,,,"Tesla V100-DGXS-32GB (0)","1","7","void cudnn::winograd_nonfused::winogradForwardFilter4x4<float, float>(cudnn::winograd_nonfused::WinogradFilterParams<float, float>)",2498,0.000000,18432,81.380208,73728
24143.301144,2.676948,784,1,36,256,1,1,57,16.000000,0.000000,,,,,"Tesla V100-DGXS-32GB (0)","1","7","volta_sgemm_32x128_nn",2506,74.501205,56972226,0.000000,14450688
24713.375441,0.867418,98,128,1,256,1,1,64,16.250000,0.000000,,,,,"Tesla V100-DGXS-32GB (0)","1","7","void cudnn::winograd_nonfused::winogradForwardOutput4x4<float, float>(cudnn::winograd_nonfused::WinogradOutputParams<float, float>)",2508,0.000000,14450688,48.922605,6422528
25254.147623,0.503136,200704,1,1,64,1,1,22,0.000000,0.000000,,,,,"Tesla V100-DGXS-32GB (0)","1","7","void at::native::unrolled_elementwise_kernel<at::native::AddFunctor<float, float>, at::detail::Array<char*, int=3>, OffsetCalculator<int=2, unsigned int, bool=0>, OffsetCalculator<int=1, unsigned int, bool=0>, at::native::memory::LoadWithoutCast, at::native::memory::StoreWithoutCast>(int, float, float, at::native::AddFunctor<float, float>, char*, int=3, at::detail::Array<char*, int=3>)",2513,0.117354,6430132,99.289501,6422528
25796.166876,0.502203,200704,1,1,64,1,1,18,0.000000,0.000000,,,,,"Tesla V100-DGXS-32GB (0)","1","7","_ZN2at6native29vectorized_elementwise_kernelILi4EZZZNS0_84_GLOBAL__N__60_tmpxft_00003bf5_00000000_13_TensorCompare_compute_86_cpp1_ii_d0af11f728clamp_min_scalar_kernel_implERNS_14TensorIteratorEN3c106ScalarEENKUlvE_clEvENKUlvE6_clEvEUlfE_NS_6detail5ArrayIPcLi2EEEEEviT0_T1_",2519,0.000000,6422528,97.333511,6422528
26341.546177,0.463735,50176,1,1,256,1,1,23,0.000000,0.000000,,,,,"Tesla V100-DGXS-32GB (0)","1","7","void at::native::_GLOBAL__N__63_tmpxft_00007dfa_00000000_13_DilatedMaxPool2d_compute_86_cpp1_ii_6258b574::max_pool_forward_nchw<float, float>(int, float const *, int, int, int, int, int, int, int, int, int, int, int, int, int, int, at::native::_GLOBAL__N__63_tmpxft_00007dfa_00000000_13_DilatedMaxPool2d_compute_86_cpp1_ii_6258b574::max_pool_forward_nchw<float, float>*, long*)",2528,6.724864,6878712,0.000000,4816896
26875.970851,0.262802,32,128,1,256,1,1,64,22.125000,0.000000,,,,,"Tesla V100-DGXS-32GB (0)","1","7","void cudnn::winograd_nonfused::winogradForwardData4x4<float, float>(cudnn::winograd_nonfused::WinogradDataParams<float, float>)",2540,61.166805,3602830,0.000000,3612672
27403.376116,0.009604,4,32,1,32,8,1,32,9.000000,0.000000,,,,,"Tesla V100-DGXS-32GB (0)","1","7","void cudnn::winograd_nonfused::winogradForwardFilter4x4<float, float>(cudnn::winograd_nonfused::WinogradFilterParams<float, float>)",2541,0.000000,36864,14.455838,147456
27925.718831,1.336369,196,2,36,256,1,1,57,16.000000,0.000000,,,,,"Tesla V100-DGXS-32GB (0)","1","7","volta_sgemm_32x128_nn",2549,82.026095,30400105,0.000000,7225344
28470.607629,0.445800,32,256,1,256,1,1,64,16.250000,0.000000,,,,,"Tesla V100-DGXS-32GB (0)","1","7","void cudnn::winograd_nonfused::winogradForwardOutput4x4<float, float>(cudnn::winograd_nonfused::WinogradOutputParams<float, float>)",2551,0.000000,7225344,61.418619,3211264
29005.956671,0.253954,100352,1,1,64,1,1,22,0.000000,0.000000,,,,,"Tesla V100-DGXS-32GB (0)","1","7","void at::native::unrolled_elementwise_kernel<at::native::AddFunctor<float, float>, at::detail::Array<char*, int=3>, OffsetCalculator<int=2, unsigned int, bool=0>, OffsetCalculator<int=1, unsigned int, bool=0>, at::native::memory::LoadWithoutCast, at::native::memory::StoreWithoutCast>(int, float, float, at::native::AddFunctor<float, float>, char*, int=3, at::detail::Array<char*, int=3>)",2556,0.237325,3218789,99.331852,3211264
29536.541706,0.253128,100352,1,1,64,1,1,18,0.000000,0.000000,,,,,"Tesla V100-DGXS-32GB (0)","1","7","_ZN2at6native29vectorized_elementwise_kernelILi4EZZZNS0_84_GLOBAL__N__60_tmpxft_00003bf5_00000000_13_TensorCompare_compute_86_cpp1_ii_d0af11f728clamp_min_scalar_kernel_implERNS_14TensorIteratorEN3c106ScalarEENKUlvE_clEvENKUlvE6_clEvEUlfE_NS_6detail5ArrayIPcLi2EEEEEviT0_T1_",2562,0.000000,3211264,91.699343,3211264
30073.257556,0.507168,32,256,1,256,1,1,64,22.125000,0.000000,,,,,"Tesla V100-DGXS-32GB (0)","1","7","void cudnn::winograd_nonfused::winogradForwardData4x4<float, float>(cudnn::winograd_nonfused::WinogradDataParams<float, float>)",2575,62.104823,7201935,0.000000,7225344
30613.367181,0.016388,8,32,1,32,8,1,32,9.000000,0.000000,,,,,"Tesla V100-DGXS-32GB (0)","1","7","void cudnn::winograd_nonfused::winogradForwardFilter4x4<float, float>(cudnn::winograd_nonfused::WinogradFilterParams<float, float>)",2576,0.000000,73728,5.120171,294912
31131.512675,2.558890,196,2,36,256,1,1,57,16.000000,0.000000,,,,,"Tesla V100-DGXS-32GB (0)","1","7","volta_sgemm_32x128_nn",2584,79.391778,69198075,0.000000,7225344
31683.829885,0.440216,32,256,1,256,1,1,64,16.250000,0.000000,,,,,"Tesla V100-DGXS-32GB (0)","1","7","void cudnn::winograd_nonfused::winogradForwardOutput4x4<float, float>(cudnn::winograd_nonfused::WinogradOutputParams<float, float>)",2586,0.000000,7225344,61.915184,3211264
32217.518086,0.254588,100352,1,1,64,1,1,22,0.000000,0.000000,,,,,"Tesla V100-DGXS-32GB (0)","1","7","void at::native::unrolled_elementwise_kernel<at::native::AddFunctor<float, float>, at::detail::Array<char*, int=3>, OffsetCalculator<int=2, unsigned int, bool=0>, OffsetCalculator<int=1, unsigned int, bool=0>, at::native::memory::LoadWithoutCast, at::native::memory::StoreWithoutCast>(int, float, float, at::native::AddFunctor<float, float>, char*, int=3, at::detail::Array<char*, int=3>)",2591,0.234082,3218528,99.278789,3211264
32748.095473,0.252936,100352,1,1,64,1,1,18,0.000000,0.000000,,,,,"Tesla V100-DGXS-32GB (0)","1","7","_ZN2at6native29vectorized_elementwise_kernelILi4EZZZNS0_84_GLOBAL__N__60_tmpxft_00003bf5_00000000_13_TensorCompare_compute_86_cpp1_ii_d0af11f728clamp_min_scalar_kernel_implERNS_14TensorIteratorEN3c106ScalarEENKUlvE_clEvENKUlvE6_clEvEUlfE_NS_6detail5ArrayIPcLi2EEEEEviT0_T1_",2597,0.000000,3211264,97.103072,3211264
33279.013867,0.514613,32,256,1,256,1,1,64,22.125000,0.000000,,,,,"Tesla V100-DGXS-32GB (0)","1","7","void cudnn::winograd_nonfused::winogradForwardData4x4<float, float>(cudnn::winograd_nonfused::WinogradDataParams<float, float>)",2610,61.298801,7201671,0.000000,7225344
33816.216316,0.016724,8,32,1,32,8,1,32,9.000000,0.000000,,,,,"Tesla V100-DGXS-32GB (0)","1","7","void cudnn::winograd_nonfused::winogradForwardFilter4x4<float, float>(cudnn::winograd_nonfused::WinogradFilterParams<float, float>)",2611,0.000000,73728,0.000000,294912
34332.347227,2.556298,196,2,36,256,1,1,57,16.000000,0.000000,,,,,"Tesla V100-DGXS-32GB (0)","1","7","volta_sgemm_32x128_nn",2619,79.536054,69146299,0.000000,7225344
34877.041124,0.442400,32,256,1,256,1,1,64,16.250000,0.000000,,,,,"Tesla V100-DGXS-32GB (0)","1","7","void cudnn::winograd_nonfused::winogradForwardOutput4x4<float, float>(cudnn::winograd_nonfused::WinogradOutputParams<float, float>)",2621,0.000000,7225344,61.888216,3211264
35401.343512,0.254205,100352,1,1,64,1,1,22,0.000000,0.000000,,,,,"Tesla V100-DGXS-32GB (0)","1","7","void at::native::unrolled_elementwise_kernel<at::native::AddFunctor<float, float>, at::detail::Array<char*, int=3>, OffsetCalculator<int=2, unsigned int, bool=0>, OffsetCalculator<int=1, unsigned int, bool=0>, at::native::memory::LoadWithoutCast, at::native::memory::StoreWithoutCast>(int, float, float, at::native::AddFunctor<float, float>, char*, int=3, at::detail::Array<char*, int=3>)",2626,0.232248,3218543,99.275550,3211264
35931.391775,0.252819,100352,1,1,64,1,1,18,0.000000,0.000000,,,,,"Tesla V100-DGXS-32GB (0)","1","7","_ZN2at6native29vectorized_elementwise_kernelILi4EZZZNS0_84_GLOBAL__N__60_tmpxft_00003bf5_00000000_13_TensorCompare_compute_86_cpp1_ii_d0af11f728clamp_min_scalar_kernel_implERNS_14TensorIteratorEN3c106ScalarEENKUlvE_clEvENKUlvE6_clEvEUlfE_NS_6detail5ArrayIPcLi2EEEEEviT0_T1_",2632,0.000000,3211264,92.347063,3211264
36472.553408,0.233043,25088,1,1,256,1,1,23,0.000000,0.000000,,,,,"Tesla V100-DGXS-32GB (0)","1","7","void at::native::_GLOBAL__N__63_tmpxft_00007dfa_00000000_13_DilatedMaxPool2d_compute_86_cpp1_ii_6258b574::max_pool_forward_nchw<float, float>(int, float const *, int, int, int, int, int, int, int, int, int, int, int, int, int, int, at::native::_GLOBAL__N__63_tmpxft_00007dfa_00000000_13_DilatedMaxPool2d_compute_86_cpp1_ii_6258b574::max_pool_forward_nchw<float, float>*, long*)",2641,16.190695,3354649,0.000000,2408448
36999.743006,0.130307,8,256,1,256,1,1,64,22.125000,0.000000,,,,,"Tesla V100-DGXS-32GB (0)","1","7","void cudnn::winograd_nonfused::winogradForwardData4x4<float, float>(cudnn::winograd_nonfused::WinogradDataParams<float, float>)",2653,52.114664,1436753,27.136258,1806336
37527.994051,0.035750,8,64,1,32,8,1,32,9.000000,0.000000,,,,,"Tesla V100-DGXS-32GB (0)","1","7","void cudnn::winograd_nonfused::winogradForwardFilter4x4<float, float>(cudnn::winograd_nonfused::WinogradFilterParams<float, float>)",2654,0.000000,147456,0.006782,589824
38039.716713,1.269109,49,4,36,256,1,1,57,16.000000,0.000000,,,,,"Tesla V100-DGXS-32GB (0)","1","7","volta_sgemm_32x128_nn",2662,93.943859,35716372,0.000000,3612672
38572.235598,0.260360,8,512,1,256,1,1,64,16.250000,0.000000,,,,,"Tesla V100-DGXS-32GB (0)","1","7","void cudnn::winograd_nonfused::winogradForwardOutput4x4<float, float>(cudnn::winograd_nonfused::WinogradOutputParams<float, float>)",2664,0.000000,3612672,54.930430,2064384
39098.197643,0.129630,50176,1,1,64,1,1,22,0.000000,0.000000,,,,,"Tesla V100-DGXS-32GB (0)","1","7","void at::native::unrolled_elementwise_kernel<at::native::AddFunctor<float, float>, at::detail::Array<char*, int=3>, OffsetCalculator<int=2, unsigned int, bool=0>, OffsetCalculator<int=1, unsigned int, bool=0>, at::native::memory::LoadWithoutCast, at::native::memory::StoreWithoutCast>(int, float, float, at::native::AddFunctor<float, float>, char*, int=3, at::detail::Array<char*, int=3>)",2669,0.567703,1615282,99.242915,1605632
39618.030473,0.128633,50176,1,1,64,1,1,18,0.000000,0.000000,,,,,"Tesla V100-DGXS-32GB (0)","1","7","_ZN2at6native29vectorized_elementwise_kernelILi4EZZZNS0_84_GLOBAL__N__60_tmpxft_00003bf5_00000000_13_TensorCompare_compute_86_cpp1_ii_d0af11f728clamp_min_scalar_kernel_implERNS_14TensorIteratorEN3c106ScalarEENKUlvE_clEvENKUlvE6_clEvEUlfE_NS_6detail5ArrayIPcLi2EEEEEviT0_T1_",2675,0.000000,1605632,90.624751,1605632
40147.023880,0.248104,8,512,1,256,1,1,64,22.125000,0.000000,,,,,"Tesla V100-DGXS-32GB (0)","1","7","void cudnn::winograd_nonfused::winogradForwardData4x4<float, float>(cudnn::winograd_nonfused::WinogradDataParams<float, float>)",2688,52.560587,2869772,27.216863,3612672
40676.485261,0.067874,16,64,1,32,8,1,32,9.000000,0.000000,,,,,"Tesla V100-DGXS-32GB (0)","1","7","void cudnn::winograd_nonfused::winogradForwardFilter4x4<float, float>(cudnn::winograd_nonfused::WinogradFilterParams<float, float>)",2689,0.000000,294912,0.049506,1179648
41207.826481,2.476846,49,4,36,256,1,1,57,16.000000,0.000000,,,,,"Tesla V100-DGXS-32GB (0)","1","7","volta_sgemm_32x128_nn",2697,91.122825,71530456,0.000000,3612672
41745.847447,0.269777,8,512,1,256,1,1,64,16.250000,0.000000,,,,,"Tesla V100-DGXS-32GB (0)","1","7","void cudnn::winograd_nonfused::winogradForwardOutput4x4<float, float>(cudnn::winograd_nonfused::WinogradOutputParams<float, float>)",2699,0.000000,3612672,54.941183,2064384
42270.909219,0.129491,50176,1,1,64,1,1,22,0.000000,0.000000,,,,,"Tesla V100-DGXS-32GB (0)","1","7","void at::native::unrolled_elementwise_kernel<at::native::AddFunctor<float, float>, at::detail::Array<char*, int=3>, OffsetCalculator<int=2, unsigned int, bool=0>, OffsetCalculator<int=1, unsigned int, bool=0>, at::native::memory::LoadWithoutCast, at::native::memory::StoreWithoutCast>(int, float, float, at::native::AddFunctor<float, float>, char*, int=3, at::detail::Array<char*, int=3>)",2704,0.573996,1614821,94.740015,1605632
42790.222236,0.128083,50176,1,1,64,1,1,18,0.000000,0.000000,,,,,"Tesla V100-DGXS-32GB (0)","1","7","_ZN2at6native29vectorized_elementwise_kernelILi4EZZZNS0_84_GLOBAL__N__60_tmpxft_00003bf5_00000000_13_TensorCompare_compute_86_cpp1_ii_d0af11f728clamp_min_scalar_kernel_implERNS_14TensorIteratorEN3c106ScalarEENKUlvE_clEvENKUlvE6_clEvEUlfE_NS_6detail5ArrayIPcLi2EEEEEviT0_T1_",2710,0.000000,1605632,92.046995,1605632
43308.042819,0.245389,8,512,1,256,1,1,64,22.125000,0.000000,,,,,"Tesla V100-DGXS-32GB (0)","1","7","void cudnn::winograd_nonfused::winogradForwardData4x4<float, float>(cudnn::winograd_nonfused::WinogradDataParams<float, float>)",2723,54.585794,2871771,26.828065,3612672
43842.529474,0.068487,16,64,1,32,8,1,32,9.000000,0.000000,,,,,"Tesla V100-DGXS-32GB (0)","1","7","void cudnn::winograd_nonfused::winogradForwardFilter4x4<float, float>(cudnn::winograd_nonfused::WinogradFilterParams<float, float>)",2724,0.000000,294912,0.000000,1179648
44357.737298,2.474886,49,4,36,256,1,1,57,16.000000,0.000000,,,,,"Tesla V100-DGXS-32GB (0)","1","7","volta_sgemm_32x128_nn",2732,88.114077,71812933,0.000000,3612672
44883.269413,0.260130,8,512,1,256,1,1,64,16.250000,0.000000,,,,,"Tesla V100-DGXS-32GB (0)","1","7","void cudnn::winograd_nonfused::winogradForwardOutput4x4<float, float>(cudnn::winograd_nonfused::WinogradOutputParams<float, float>)",2734,0.000000,3612672,54.181296,2064384
45420.133160,0.130004,50176,1,1,64,1,1,22,0.000000,0.000000,,,,,"Tesla V100-DGXS-32GB (0)","1","7","void at::native::unrolled_elementwise_kernel<at::native::AddFunctor<float, float>, at::detail::Array<char*, int=3>, OffsetCalculator<int=2, unsigned int, bool=0>, OffsetCalculator<int=1, unsigned int, bool=0>, at::native::memory::LoadWithoutCast, at::native::memory::StoreWithoutCast>(int, float, float, at::native::AddFunctor<float, float>, char*, int=3, at::detail::Array<char*, int=3>)",2739,0.564664,1615120,99.260852,1605632
45951.328755,0.128483,50176,1,1,64,1,1,18,0.000000,0.000000,,,,,"Tesla V100-DGXS-32GB (0)","1","7","_ZN2at6native29vectorized_elementwise_kernelILi4EZZZNS0_84_GLOBAL__N__60_tmpxft_00003bf5_00000000_13_TensorCompare_compute_86_cpp1_ii_d0af11f728clamp_min_scalar_kernel_implERNS_14TensorIteratorEN3c106ScalarEENKUlvE_clEvENKUlvE6_clEvEUlfE_NS_6detail5ArrayIPcLi2EEEEEviT0_T1_",2745,0.000000,1605632,97.430794,1605632
46469.490344,0.119215,12544,1,1,256,1,1,23,0.000000,0.000000,,,,,"Tesla V100-DGXS-32GB (0)","1","7","void at::native::_GLOBAL__N__63_tmpxft_00007dfa_00000000_13_DilatedMaxPool2d_compute_86_cpp1_ii_6258b574::max_pool_forward_nchw<float, float>(int, float const *, int, int, int, int, int, int, int, int, int, int, int, int, int, int, at::native::_GLOBAL__N__63_tmpxft_00007dfa_00000000_13_DilatedMaxPool2d_compute_86_cpp1_ii_6258b574::max_pool_forward_nchw<float, float>*, long*)",2754,22.555598,1703014,0.000000,1204224
46985.846460,0.074726,2,512,1,256,1,1,64,22.125000,0.000000,,,,,"Tesla V100-DGXS-32GB (0)","1","7","void cudnn::winograd_nonfused::winogradForwardData4x4<float, float>(cudnn::winograd_nonfused::WinogradDataParams<float, float>)",2766,19.255866,411485,0.002035,1179648
47506.530253,0.068428,16,64,1,32,8,1,32,9.000000,0.000000,,,,,"Tesla V100-DGXS-32GB (0)","1","7","void cudnn::winograd_nonfused::winogradForwardFilter4x4<float, float>(cudnn::winograd_nonfused::WinogradFilterParams<float, float>)",2767,0.000000,294912,0.003730,1179648
48021.319251,0.852723,8,8,36,64,1,1,126,8.250000,0.000000,,,,,"Tesla V100-DGXS-32GB (0)","1","7","volta_sgemm_64x64_nn",2775,75.874942,18170659,0.000000,1179648
48545.008871,0.074820,2,512,1,256,1,1,64,16.250000,0.000000,,,,,"Tesla V100-DGXS-32GB (0)","1","7","void cudnn::winograd_nonfused::winogradForwardOutput4x4<float, float>(cudnn::winograd_nonfused::WinogradOutputParams<float, float>)",2777,0.000000,1179648,49.776568,458752
49061.485684,0.036574,12544,1,1,64,1,1,22,0.000000,0.000000,,,,,"Tesla V100-DGXS-32GB (0)","1","7","void at::native::unrolled_elementwise_kernel<at::native::AddFunctor<float, float>, at::detail::Array<char*, int=3>, OffsetCalculator<int=2, unsigned int, bool=0>, OffsetCalculator<int=1, unsigned int, bool=0>, at::native::memory::LoadWithoutCast, at::native::memory::StoreWithoutCast>(int, float, float, at::native::AddFunctor<float, float>, char*, int=3, at::detail::Array<char*, int=3>)",2782,1.196930,406373,99.337333,401408
49584.815707,0.034915,12544,1,1,64,1,1,18,0.000000,0.000000,,,,,"Tesla V100-DGXS-32GB (0)","1","7","_ZN2at6native29vectorized_elementwise_kernelILi4EZZZNS0_84_GLOBAL__N__60_tmpxft_00003bf5_00000000_13_TensorCompare_compute_86_cpp1_ii_d0af11f728clamp_min_scalar_kernel_implERNS_14TensorIteratorEN3c106ScalarEENKUlvE_clEvENKUlvE6_clEvEUlfE_NS_6detail5ArrayIPcLi2EEEEEviT0_T1_",2788,0.000000,401408,97.853555,401408
50104.076567,0.074988,2,512,1,256,1,1,64,22.125000,0.000000,,,,,"Tesla V100-DGXS-32GB (0)","1","7","void cudnn::winograd_nonfused::winogradForwardData4x4<float, float>(cudnn::winograd_nonfused::WinogradDataParams<float, float>)",2801,19.414402,411545,0.008138,1179648
50600.227563,0.068017,16,64,1,32,8,1,32,9.000000,0.000000,,,,,"Tesla V100-DGXS-32GB (0)","1","7","void cudnn::winograd_nonfused::winogradForwardFilter4x4<float, float>(cudnn::winograd_nonfused::WinogradFilterParams<float, float>)",2802,0.000000,294912,0.010512,1179648
51099.883817,0.854611,8,8,36,64,1,1,126,8.250000,0.000000,,,,,"Tesla V100-DGXS-32GB (0)","1","7","volta_sgemm_64x64_nn",2810,74.946294,18191724,0.000000,1179648
51614.232806,0.075796,2,512,1,256,1,1,64,16.250000,0.000000,,,,,"Tesla V100-DGXS-32GB (0)","1","7","void cudnn::winograd_nonfused::winogradForwardOutput4x4<float, float>(cudnn::winograd_nonfused::WinogradOutputParams<float, float>)",2812,0.000000,1179648,49.902998,458752
52111.121812,0.036616,12544,1,1,64,1,1,22,0.000000,0.000000,,,,,"Tesla V100-DGXS-32GB (0)","1","7","void at::native::unrolled_elementwise_kernel<at::native::AddFunctor<float, float>, at::detail::Array<char*, int=3>, OffsetCalculator<int=2, unsigned int, bool=0>, OffsetCalculator<int=1, unsigned int, bool=0>, at::native::memory::LoadWithoutCast, at::native::memory::StoreWithoutCast>(int, float, float, at::native::AddFunctor<float, float>, char*, int=3, at::detail::Array<char*, int=3>)",2817,1.196236,406358,99.482820,401408
52609.499860,0.034974,12544,1,1,64,1,1,18,0.000000,0.000000,,,,,"Tesla V100-DGXS-32GB (0)","1","7","_ZN2at6native29vectorized_elementwise_kernelILi4EZZZNS0_84_GLOBAL__N__60_tmpxft_00003bf5_00000000_13_TensorCompare_compute_86_cpp1_ii_d0af11f728clamp_min_scalar_kernel_implERNS_14TensorIteratorEN3c106ScalarEENKUlvE_clEvENKUlvE6_clEvEUlfE_NS_6detail5ArrayIPcLi2EEEEEviT0_T1_",2823,0.000000,401408,85.245934,401408
53099.340787,0.074892,2,512,1,256,1,1,64,22.125000,0.000000,,,,,"Tesla V100-DGXS-32GB (0)","1","7","void cudnn::winograd_nonfused::winogradForwardData4x4<float, float>(cudnn::winograd_nonfused::WinogradDataParams<float, float>)",2836,19.464278,411333,0.017632,1179648
53595.727900,0.068471,16,64,1,32,8,1,32,9.000000,0.000000,,,,,"Tesla V100-DGXS-32GB (0)","1","7","void cudnn::winograd_nonfused::winogradForwardFilter4x4<float, float>(cudnn::winograd_nonfused::WinogradFilterParams<float, float>)",2837,0.000000,294912,0.018311,1179648
54096.518174,0.854651,8,8,36,64,1,1,126,8.250000,0.000000,,,,,"Tesla V100-DGXS-32GB (0)","1","7","volta_sgemm_64x64_nn",2845,75.982353,18157611,0.000000,1179648
54608.107435,0.073051,2,512,1,256,1,1,64,16.250000,0.000000,,,,,"Tesla V100-DGXS-32GB (0)","1","7","void cudnn::winograd_nonfused::winogradForwardOutput4x4<float, float>(cudnn::winograd_nonfused::WinogradOutputParams<float, float>)",2847,0.000000,1179648,49.603054,458752
55118.896610,0.036467,12544,1,1,64,1,1,22,0.000000,0.000000,,,,,"Tesla V100-DGXS-32GB (0)","1","7","void at::native::unrolled_elementwise_kernel<at::native::AddFunctor<float, float>, at::detail::Array<char*, int=3>, OffsetCalculator<int=2, unsigned int, bool=0>, OffsetCalculator<int=1, unsigned int, bool=0>, at::native::memory::LoadWithoutCast, at::native::memory::StoreWithoutCast>(int, float, float, at::native::AddFunctor<float, float>, char*, int=3, at::detail::Array<char*, int=3>)",2852,1.207179,406402,99.424027,401408
55625.148871,0.035070,12544,1,1,64,1,1,18,0.000000,0.000000,,,,,"Tesla V100-DGXS-32GB (0)","1","7","_ZN2at6native29vectorized_elementwise_kernelILi4EZZZNS0_84_GLOBAL__N__60_tmpxft_00003bf5_00000000_13_TensorCompare_compute_86_cpp1_ii_d0af11f728clamp_min_scalar_kernel_implERNS_14TensorIteratorEN3c106ScalarEENKUlvE_clEvENKUlvE6_clEvEUlfE_NS_6detail5ArrayIPcLi2EEEEEviT0_T1_",2858,0.000000,401408,97.323422,401408
56124.375547,0.035688,3136,1,1,256,1,1,23,0.000000,0.000000,,,,,"Tesla V100-DGXS-32GB (0)","1","7","void at::native::_GLOBAL__N__63_tmpxft_00007dfa_00000000_13_DilatedMaxPool2d_compute_86_cpp1_ii_6258b574::max_pool_forward_nchw<float, float>(int, float const *, int, int, int, int, int, int, int, int, int, int, int, int, int, int, at::native::_GLOBAL__N__63_tmpxft_00007dfa_00000000_13_DilatedMaxPool2d_compute_86_cpp1_ii_6258b574::max_pool_forward_nchw<float, float>*, long*)",2867,35.264932,423863,0.000000,301056
56624.226414,0.101850,16384,1,1,32,8,1,40,0.000000,0.000000,,,,,"Tesla V100-DGXS-32GB (0)","1","7","void at::native::_GLOBAL__N__69_tmpxft_0000539c_00000000_13_AdaptiveAveragePooling_compute_86_cpp1_ii_eb1948c3::adaptive_average_pool<float>(float*, float, int, int, int, int, long, long, long)",2879,44.410605,114592,82.229054,200704
57119.515248,0.005327,512,1,1,64,1,1,20,0.000000,0.000000,,,,,"Tesla V100-DGXS-32GB (0)","1","7","_ZN2at6native27unrolled_elementwise_kernelIZZZNS0_21copy_device_to_deviceERNS_14TensorIteratorEbENKUlvE1_clEvENKUlvE6_clEvEUlfE_NS_6detail5ArrayIPcLi2EEE16OffsetCalculatorILi1EjLb0EESC_NS0_6memory15LoadWithoutCastENSD_16StoreWithoutCastEEEviT_T0_T1_T2_T3_T4_",2886,100.000000,2560,0.000000,16384
57604.142735,0.002176,,,,,,,,,,0.000122,0.054784,"Device",,"Tesla V100-DGXS-32GB (0)","1","7","[CUDA memset]",2895,,,,
57625.444453,0.757602,32,1,5,256,1,1,134,42.000000,0.000000,,,,,"Tesla V100-DGXS-32GB (0)","1","7","volta_sgemm_128x32_sliced1x4_tn",2897,32.523041,17406312,100.000000,82080
58127.248374,0.003994,512,1,1,64,1,1,18,0.000000,0.000000,,,,,"Tesla V100-DGXS-32GB (0)","1","7","_ZN2at6native29vectorized_elementwise_kernelILi4EZZZNS0_84_GLOBAL__N__60_tmpxft_00003bf5_00000000_13_TensorCompare_compute_86_cpp1_ii_d0af11f728clamp_min_scalar_kernel_implERNS_14TensorIteratorEN3c106ScalarEENKUlvE_clEvENKUlvE6_clEvEUlfE_NS_6detail5ArrayIPcLi2EEEEEviT0_T1_",2905,100.000000,16384,100.000000,16384
58655.705706,0.006511,512,1,1,256,1,1,46,0.000000,0.000000,,,,,"Tesla V100-DGXS-32GB (0)","1","7","void at::native::_GLOBAL__N__54_tmpxft_000083c5_00000000_13_Dropout_compute_86_cpp1_ii_dfc8fc1b::fused_dropout_kernel_vec<float, float, unsigned int, int=1, int=4>(at::cuda::detail::TensorInfo<float, unsigned int>, unsigned int, at::cuda::detail<bool, float>, float, float, at::cuda::detail<bool, float>, at::PhiloxCudaState)",2932,0.000000,16384,58.164062,20480
59152.741831,0.005317,512,1,1,64,1,1,20,0.000000,0.000000,,,,,"Tesla V100-DGXS-32GB (0)","1","7","_ZN2at6native27unrolled_elementwise_kernelIZZZNS0_21copy_device_to_deviceERNS_14TensorIteratorEbENKUlvE1_clEvENKUlvE6_clEvEUlfE_NS_6detail5ArrayIPcLi2EEE16OffsetCalculatorILi1EjLb0EESC_NS0_6memory15LoadWithoutCastENSD_16StoreWithoutCastEEEviT_T0_T1_T2_T3_T4_",2939,100.000000,2560,0.000000,16384
59631.520650,0.002432,,,,,,,,,,0.000122,0.049017,"Device",,"Tesla V100-DGXS-32GB (0)","1","7","[CUDA memset]",2948,,,,
59652.956193,0.137960,32,1,5,256,1,1,134,42.000000,0.000000,,,,,"Tesla V100-DGXS-32GB (0)","1","7","volta_sgemm_128x32_sliced1x4_tn",2950,31.903536,2859100,100.000000,82080
60158.276214,0.003973,512,1,1,64,1,1,18,0.000000,0.000000,,,,,"Tesla V100-DGXS-32GB (0)","1","7","_ZN2at6native29vectorized_elementwise_kernelILi4EZZZNS0_84_GLOBAL__N__60_tmpxft_00003bf5_00000000_13_TensorCompare_compute_86_cpp1_ii_d0af11f728clamp_min_scalar_kernel_implERNS_14TensorIteratorEN3c106ScalarEENKUlvE_clEvENKUlvE6_clEvEUlfE_NS_6detail5ArrayIPcLi2EEEEEviT0_T1_",2958,100.000000,16384,100.000000,16384
60661.700299,0.005386,512,1,1,256,1,1,46,0.000000,0.000000,,,,,"Tesla V100-DGXS-32GB (0)","1","7","void at::native::_GLOBAL__N__54_tmpxft_000083c5_00000000_13_Dropout_compute_86_cpp1_ii_dfc8fc1b::fused_dropout_kernel_vec<float, float, unsigned int, int=1, int=4>(at::cuda::detail::TensorInfo<float, unsigned int>, unsigned int, at::cuda::detail<bool, float>, float, float, at::cuda::detail<bool, float>, at::PhiloxCudaState)",2985,100.000000,16384,100.000000,20480
61151.449341,0.004474,125,1,1,64,1,1,20,0.000000,0.000000,,,,,"Tesla V100-DGXS-32GB (0)","1","7","_ZN2at6native27unrolled_elementwise_kernelIZZZNS0_21copy_device_to_deviceERNS_14TensorIteratorEbENKUlvE1_clEvENKUlvE6_clEvEUlfE_NS_6detail5ArrayIPcLi2EEE16OffsetCalculatorILi1EjLb0EESC_NS0_6memory15LoadWithoutCastENSD_16StoreWithoutCastEEEviT_T0_T1_T2_T3_T4_",2992,100.000000,4000,0.000000,4000
61648.861063,0.047400,16,1,5,256,1,1,82,26.000000,0.000000,,,,,"Tesla V100-DGXS-32GB (0)","1","7","volta_sgemm_64x32_sliced1x4_tn",3001,39.213307,787702,38.265000,20000
62141.368747,0.004176,32,2,1,32,16,1,40,0.000000,0.000000,,,,,"Tesla V100-DGXS-32GB (0)","1","7","void splitKreduce_kernel<float, float, float, float, bool=1, bool=0, bool=0>(cublasSplitKParams<float>, float const *, float const *, float*, float const *, float const *, float const *, float const *, float*, void*, long, float*, int*)",3003,100.000000,24000,100.000000,4000
62634.717797,0.005343,8,1,1,32,4,1,80,0.000000,0.000000,,,,,"Tesla V100-DGXS-32GB (0)","1","7","void _GLOBAL__N__54_tmpxft_00008025_00000000_13_SoftMax_compute_86_cpp1_ii_a3310042::softmax_warp_forward<float, float, float, int=10, bool=1>(float*, float const *, int, int, int)",3022,100.000000,4000,100.000000,4000
63205.854801,0.003808,1,1,1,32,1,1,34,0.250000,0.000000,,,,,"Tesla V100-DGXS-32GB (0)","1","7","void at::native::_GLOBAL__N__51_tmpxft_0000087b_00000000_13_Loss_compute_86_cpp1_ii_5c69dde6::nll_loss_forward_reduce_cuda_kernel_2d<float, float, long>(float*, float, float, long*, float, bool, int, int, int, long)",3041,20.000000,40,100.000000,2
65816.145441,0.003712,,,,,,,,,,0.000004,0.001004,"Device","Pageable","Tesla V100-DGXS-32GB (0)","1","7","[CUDA memcpy DtoH]",3279,,,,
65816.472016,0.001888,,,,,,,,,,0.000004,0.001973,"Device","Pageable","Tesla V100-DGXS-32GB (0)","1","7","[CUDA memcpy DtoH]",3286,,,,
65844.665896,0.002821,1,1,1,64,1,1,16,0.000000,0.000000,,,,,"Tesla V100-DGXS-32GB (0)","1","7","void at::native::vectorized_elementwise_kernel<int=4, at::native::FillFunctor<float>, at::detail::Array<char*, int=1>>(int, float, at::native::FillFunctor<float>)",3299,0.000000,0,100.000000,1
66447.893752,0.003047,125,1,1,64,1,1,16,0.000000,0.000000,,,,,"Tesla V100-DGXS-32GB (0)","1","7","void at::native::vectorized_elementwise_kernel<int=4, at::native::FillFunctor<float>, at::detail::Array<char*, int=1>>(int, float, at::native::FillFunctor<float>)",3314,0.000000,0,100.000000,4000
67063.786615,0.003607,1,1,1,32,1,1,32,0.000000,0.000000,,,,,"Tesla V100-DGXS-32GB (0)","1","7","void at::native::_GLOBAL__N__51_tmpxft_0000087b_00000000_13_Loss_compute_86_cpp1_ii_5c69dde6::nll_loss_backward_reduce_cuda_kernel_2d<float, long>(float*, float, long*, float, float, bool, int, int, int, long)",3319,0.000000,10,0.000000,32
67595.301987,0.006135,8,1,1,32,4,1,109,0.000000,0.000000,,,,,"Tesla V100-DGXS-32GB (0)","1","7","void _GLOBAL__N__54_tmpxft_00008025_00000000_13_SoftMax_compute_86_cpp1_ii_a3310042::softmax_warp_backward<float, float, float, int=10, bool=1>(float*, float const *, float const , int, int, int)",3330,100.000000,8000,37.400000,4000
68088.286107,0.002112,,,,,,,,,,0.000122,0.056444,"Device",,"Tesla V100-DGXS-32GB (0)","1","7","[CUDA memset]",3342,,,,
68109.451972,0.050674,32,1,4,256,1,1,134,41.000000,0.000000,,,,,"Tesla V100-DGXS-32GB (0)","1","7","volta_sgemm_128x32_sliced1x4_nn",3344,26.155765,701570,75.158382,65664
68623.647939,0.035214,32,32,1,256,1,1,57,16.000000,0.000000,,,,,"Tesla V100-DGXS-32GB (0)","1","7","volta_sgemm_128x32_nt",3354,97.651841,568488,2.939062,512000
69145.941797,0.007029,2,1,1,32,4,1,50,0.015625,0.000000,,,,,"Tesla V100-DGXS-32GB (0)","1","7","_ZN2at6native13reduce_kernelILi128ELi4ENS0_8ReduceOpIfNS0_14func_wrapper_tIfZNS0_11sum_functorIfffEclERNS_14TensorIteratorEEUlffE_EEjfLi4EEEEEvT1_",3365,100.000000,4000,100.000000,500
69638.352506,0.003104,4,1,1,64,1,1,20,0.000000,0.000000,,,,,"Tesla V100-DGXS-32GB (0)","1","7","void at::native::vectorized_elementwise_kernel<int=4, at::native::AddFunctor<float, float>, at::detail::Array<char*, int=3>>(int, float, float)",3372,50.000000,250,100.000000,125
70149.754823,0.003639,4,1,1,64,1,1,16,0.000000,0.000000,,,,,"Tesla V100-DGXS-32GB (0)","1","7","void at::native::vectorized_elementwise_kernel<int=4, at::native::MulScalarFunctor<float, float>, at::detail::Array<char*, int=2>>(int, float, float)",3378,0.000000,125,74.400000,125
70677.171332,0.064499,16000,1,1,64,1,1,20,0.000000,0.000000,,,,,"Tesla V100-DGXS-32GB (0)","1","7","void at::native::vectorized_elementwise_kernel<int=4, at::native::AddFunctor<float, float>, at::detail::Array<char*, int=3>>(int, float, float)",3388,0.000000,1024000,33.780469,512000
71178.181923,0.043240,16000,1,1,64,1,1,16,0.000000,0.000000,,,,,"Tesla V100-DGXS-32GB (0)","1","7","void at::native::vectorized_elementwise_kernel<int=4, at::native::MulScalarFunctor<float, float>, at::detail::Array<char*, int=2>>(int, float, float)",3394,0.000000,512000,13.082227,512000
71701.768707,0.004090,512,1,1,64,1,1,21,0.000000,0.000000,,,,,"Tesla V100-DGXS-32GB (0)","1","7","_ZN2at6native29vectorized_elementwise_kernelILi4EZNS0_78_GLOBAL__N__54_tmpxft_000083c5_00000000_13_Dropout_compute_86_cpp1_ii_dfc8fc1b19masked_scale_kernelIffEEvRNS_6TensorERKS4_S7_T0_EUlfbE_NS_6detail5ArrayIPcLi3EEEEEviS8_T1_",3450,20.000000,20480,0.000000,16384
72211.156503,0.004088,512,1,1,64,1,1,20,0.000000,0.000000,,,,,"Tesla V100-DGXS-32GB (0)","1","7","_ZN2at6native29vectorized_elementwise_kernelILi4EZNS0_21threshold_kernel_implIfEEvRNS_18TensorIteratorBaseET_S5_EUlffE_NS_6detail5ArrayIPcLi3EEEEEviT0_T1_",3458,0.000000,32768,100.000000,16384
72703.449367,0.002400,,,,,,,,,,0.000122,0.049671,"Device",,"Tesla V100-DGXS-32GB (0)","1","7","[CUDA memset]",3470,,,,
72724.888621,0.122340,32,1,5,256,1,1,134,41.000000,0.000000,,,,,"Tesla V100-DGXS-32GB (0)","1","7","volta_sgemm_128x32_sliced1x4_nn",3472,21.215659,2710102,80.038986,82080
73210.690737,0.106938,32,64,1,128,1,1,122,12.000000,0.000000,,,,,"Tesla V100-DGXS-32GB (0)","1","7","volta_sgemm_128x64_nt",3482,94.464751,1489364,0.426483,2097152
73724.330951,0.007248,8,1,1,32,4,1,50,0.015625,0.000000,,,,,"Tesla V100-DGXS-32GB (0)","1","7","_ZN2at6native13reduce_kernelILi128ELi4ENS0_8ReduceOpIfNS0_14func_wrapper_tIfZNS0_11sum_functorIfffEclERNS_14TensorIteratorEEUlffE_EEjfLi4EEEEEvT1_",3493,0.000000,16384,100.000000,2048
74233.196495,0.003176,16,1,1,64,1,1,20,0.000000,0.000000,,,,,"Tesla V100-DGXS-32GB (0)","1","7","void at::native::vectorized_elementwise_kernel<int=4, at::native::AddFunctor<float, float>, at::detail::Array<char*, int=3>>(int, float, float)",3500,0.000000,1024,100.000000,512
74730.499138,0.003450,16,1,1,64,1,1,16,0.000000,0.000000,,,,,"Tesla V100-DGXS-32GB (0)","1","7","void at::native::vectorized_elementwise_kernel<int=4, at::native::MulScalarFunctor<float, float>, at::detail::Array<char*, int=2>>(int, float, float)",3506,0.000000,512,53.125000,512
75229.373926,0.249856,65536,1,1,64,1,1,20,0.000000,0.000000,,,,,"Tesla V100-DGXS-32GB (0)","1","7","void at::native::vectorized_elementwise_kernel<int=4, at::native::AddFunctor<float, float>, at::detail::Array<char*, int=3>>(int, float, float)",3516,0.000000,4194304,35.584259,2097152
75733.860268,0.166695,65536,1,1,64,1,1,16,0.000000,0.000000,,,,,"Tesla V100-DGXS-32GB (0)","1","7","void at::native::vectorized_elementwise_kernel<int=4, at::native::MulScalarFunctor<float, float>, at::detail::Array<char*, int=2>>(int, float, float)",3522,0.000000,2097152,0.000000,2097152
76223.768599,0.004074,512,1,1,64,1,1,21,0.000000,0.000000,,,,,"Tesla V100-DGXS-32GB (0)","1","7","_ZN2at6native29vectorized_elementwise_kernelILi4EZNS0_78_GLOBAL__N__54_tmpxft_000083c5_00000000_13_Dropout_compute_86_cpp1_ii_dfc8fc1b19masked_scale_kernelIffEEvRNS_6TensorERKS4_S7_T0_EUlfbE_NS_6detail5ArrayIPcLi3EEEEEviS8_T1_",3572,100.000000,20480,0.000000,16384
76709.877059,0.004104,512,1,1,64,1,1,20,0.000000,0.000000,,,,,"Tesla V100-DGXS-32GB (0)","1","7","_ZN2at6native29vectorized_elementwise_kernelILi4EZNS0_21threshold_kernel_implIfEEvRNS_18TensorIteratorBaseET_S5_EUlffE_NS_6detail5ArrayIPcLi3EEEEEviT0_T1_",3580,0.000000,32768,100.000000,16384
77195.874613,0.002272,,,,,,,,,,0.000748,0.321372,"Device",,"Tesla V100-DGXS-32GB (0)","1","7","[CUDA memset]",3592,,,,
77216.973509,0.606721,196,1,2,256,1,1,134,41.000000,0.000000,,,,,"Tesla V100-DGXS-32GB (0)","1","7","volta_sgemm_128x32_sliced1x4_nn",3594,19.578871,16158240,50.093488,201096
77706.547425,0.615053,196,64,1,128,1,1,122,12.000000,0.000000,,,,,"Tesla V100-DGXS-32GB (0)","1","7","volta_sgemm_128x64_nt",3606,98.288708,9406696,0.000000,12845056
78223.764641,0.007159,8,1,1,32,4,1,50,0.015625,0.000000,,,,,"Tesla V100-DGXS-32GB (0)","1","7","_ZN2at6native13reduce_kernelILi128ELi4ENS0_8ReduceOpIfNS0_14func_wrapper_tIfZNS0_11sum_functorIfffEclERNS_14TensorIteratorEEUlffE_EEjfLi4EEEEEvT1_",3617,0.000000,16384,100.000000,2048
78722.258167,0.003098,16,1,1,64,1,1,20,0.000000,0.000000,,,,,"Tesla V100-DGXS-32GB (0)","1","7","void at::native::vectorized_elementwise_kernel<int=4, at::native::AddFunctor<float, float>, at::detail::Array<char*, int=3>>(int, float, float)",3624,100.000000,1024,100.000000,512
79210.392989,0.003472,16,1,1,64,1,1,16,0.000000,0.000000,,,,,"Tesla V100-DGXS-32GB (0)","1","7","void at::native::vectorized_elementwise_kernel<int=4, at::native::MulScalarFunctor<float, float>, at::detail::Array<char*, int=2>>(int, float, float)",3630,0.000000,512,0.000000,512
79708.745179,1.509107,401408,1,1,64,1,1,20,0.000000,0.000000,,,,,"Tesla V100-DGXS-32GB (0)","1","7","void at::native::vectorized_elementwise_kernel<int=4, at::native::AddFunctor<float, float>, at::detail::Array<char*, int=3>>(int, float, float)",3640,0.000000,25690112,33.752566,12845056
80214.507552,1.013548,401408,1,1,64,1,1,16,0.000000,0.000000,,,,,"Tesla V100-DGXS-32GB (0)","1","7","void at::native::vectorized_elementwise_kernel<int=4, at::native::MulScalarFunctor<float, float>, at::detail::Array<char*, int=2>>(int, float, float)",3646,0.000000,12845056,0.000000,12845056
80826.009387,0.008292,3136,1,1,64,1,1,16,0.000000,0.000000,,,,,"Tesla V100-DGXS-32GB (0)","1","7","void at::native::vectorized_elementwise_kernel<int=4, at::native::FillFunctor<float>, at::detail::Array<char*, int=1>>(int, float, at::native::FillFunctor<float>)",3700,0.000000,0,30.556441,100352
81349.956661,0.074012,16384,1,1,32,8,1,31,0.000000,0.000000,,,,,"Tesla V100-DGXS-32GB (0)","1","7","void at::native::_GLOBAL__N__69_tmpxft_0000539c_00000000_13_AdaptiveAveragePooling_compute_86_cpp1_ii_eb1948c3::atomic_adaptive_average_gradinput<float>(float*, float, int, int, int, int)",3705,43.936800,114494,0.000000,0
81852.094323,0.023902,12544,1,1,64,1,1,16,0.000000,0.000000,,,,,"Tesla V100-DGXS-32GB (0)","1","7","void at::native::vectorized_elementwise_kernel<int=4, at::native::FillFunctor<float>, at::detail::Array<char*, int=1>>(int, float, at::native::FillFunctor<float>)",3715,0.000000,0,0.000000,401408
82360.029418,0.087267,1,32,512,256,1,1,32,0.000000,0.000000,,,,,"Tesla V100-DGXS-32GB (0)","1","7","void at::native::_GLOBAL__N__63_tmpxft_00007dfa_00000000_13_DilatedMaxPool2d_compute_86_cpp1_ii_6258b574::max_pool_backward_nchw<float, float>(int, float const *, long const *, int, int, int, int, int, int, int, int, int, int, int, int, int, int, at::native::_GLOBAL__N__63_tmpxft_00007dfa_00000000_13_DilatedMaxPool2d_compute_86_cpp1_ii_6258b574::max_pool_backward_nchw<float, float>*)",3722,31.844227,327579,50.433132,458752
82838.529496,0.052557,12544,1,1,64,1,1,20,0.000000,0.000000,,,,,"Tesla V100-DGXS-32GB (0)","1","7","_ZN2at6native29vectorized_elementwise_kernelILi4EZNS0_21threshold_kernel_implIfEEvRNS_18TensorIteratorBaseET_S5_EUlffE_NS_6detail5ArrayIPcLi3EEEEEviT0_T1_",3730,0.000000,802816,0.000000,401408
83340.920809,0.052194,32,1,1,32,16,1,28,0.015625,0.000000,,,,,"Tesla V100-DGXS-32GB (0)","1","7","_ZN2at6native13reduce_kernelILi512ELi1ENS0_8ReduceOpIfNS0_14func_wrapper_tIfZNS0_11sum_functorIfffEclERNS_14TensorIteratorEEUlffE_EEjfLi4EEEEEvT1_",3744,13.919508,401530,96.875000,512
83920.207448,0.003072,2,1,1,64,1,1,20,0.000000,0.000000,,,,,"Tesla V100-DGXS-32GB (0)","1","7","void at::native::vectorized_elementwise_kernel<int=4, at::native::AddFunctor<float, float>, at::detail::Array<char*, int=3>>(int, float, float)",3753,0.000000,128,100.000000,64
84490.481457,0.003480,2,1,1,64,1,1,16,0.000000,0.000000,,,,,"Tesla V100-DGXS-32GB (0)","1","7","void at::native::vectorized_elementwise_kernel<int=4, at::native::MulScalarFunctor<float, float>, at::detail::Array<char*, int=2>>(int, float, float)",3759,0.000000,64,25.000000,64
84986.055261,0.074545,2,512,1,256,1,1,64,22.125000,0.000000,,,,,"Tesla V100-DGXS-32GB (0)","1","7","void cudnn::winograd_nonfused::winogradForwardData4x4<float, float>(cudnn::winograd_nonfused::WinogradDataParams<float, float>)",3775,19.397985,411651,0.000000,1179648
85475.079892,0.068375,16,64,1,32,8,1,32,9.000000,0.000000,,,,,"Tesla V100-DGXS-32GB (0)","1","7","void cudnn::winograd_nonfused::winogradForwardFilter4x4<float, float>(cudnn::winograd_nonfused::WinogradFilterParams<float, float>)",3776,0.000000,294912,0.000000,1179648
85971.376443,0.840709,8,8,36,64,1,1,126,8.000000,0.000000,,,,,"Tesla V100-DGXS-32GB (0)","1","7","volta_sgemm_64x64_nt",3784,66.367927,17780456,0.000000,1179648
86456.075758,0.073889,2,512,1,256,1,1,64,16.250000,0.000000,,,,,"Tesla V100-DGXS-32GB (0)","1","7","void cudnn::winograd_nonfused::winogradForwardOutput4x4<float, float>(cudnn::winograd_nonfused::WinogradOutputParams<float, float>)",3786,0.000000,1179648,49.732753,458752
86940.850782,0.071847,32,32,1,256,1,1,64,24.125000,0.000000,,,,,"Tesla V100-DGXS-32GB (0)","1","7","void cudnn::winograd_nonfused::winogradWgradData4x4<float, float>(cudnn::winograd_nonfused::WinogradDataParams<float, float>)",3800,34.885105,507463,0.000000,1179648
87421.610362,0.073351,32,32,1,256,1,1,64,16.500000,0.000000,,,,,"Tesla V100-DGXS-32GB (0)","1","7","void cudnn::winograd_nonfused::winogradWgradDelta4x4<float, float>(cudnn::winograd_nonfused::WinogradDeltaParams<float, float>)",3801,17.483017,418366,0.039334,1179648
87931.773568,0.841837,8,8,36,64,1,1,126,8.000000,0.000000,,,,,"Tesla V100-DGXS-32GB (0)","1","7","volta_sgemm_64x64_nt",3809,69.458485,17827184,0.000000,1179648
88448.967617,0.071588,16,64,1,32,8,1,62,9.000000,0.000000,,,,,"Tesla V100-DGXS-32GB (0)","1","7","void cudnn::winograd_nonfused::winogradWgradOutput4x4<float, float>(cudnn::winograd_nonfused::WinogradWgradOutputParams<float, float>)",3811,0.000000,1179648,0.000000,294912
88925.492819,0.039107,9216,1,1,64,1,1,20,0.000000,0.000000,,,,,"Tesla V100-DGXS-32GB (0)","1","7","void at::native::vectorized_elementwise_kernel<int=4, at::native::AddFunctor<float, float>, at::detail::Array<char*, int=3>>(int, float, float)",3819,0.000000,589824,35.456000,294912
89430.589051,0.026356,9216,1,1,64,1,1,16,0.000000,0.000000,,,,,"Tesla V100-DGXS-32GB (0)","1","7","void at::native::vectorized_elementwise_kernel<int=4, at::native::MulScalarFunctor<float, float>, at::detail::Array<char*, int=2>>(int, float, float)",3825,0.000000,294912,0.000000,294912
89910.645978,0.051469,12544,1,1,64,1,1,20,0.000000,0.000000,,,,,"Tesla V100-DGXS-32GB (0)","1","7","_ZN2at6native29vectorized_elementwise_kernelILi4EZNS0_21threshold_kernel_implIfEEvRNS_18TensorIteratorBaseET_S5_EUlffE_NS_6detail5ArrayIPcLi3EEEEEviT0_T1_",3834,0.000000,802816,0.000000,401408
90419.658747,0.051944,32,1,1,32,16,1,28,0.015625,0.000000,,,,,"Tesla V100-DGXS-32GB (0)","1","7","_ZN2at6native13reduce_kernelILi512ELi1ENS0_8ReduceOpIfNS0_14func_wrapper_tIfZNS0_11sum_functorIfffEclERNS_14TensorIteratorEEUlffE_EEjfLi4EEEEEvT1_",3848,13.922168,401482,96.875000,512
90918.550718,0.003072,2,1,1,64,1,1,20,0.000000,0.000000,,,,,"Tesla V100-DGXS-32GB (0)","1","7","void at::native::vectorized_elementwise_kernel<int=4, at::native::AddFunctor<float, float>, at::detail::Array<char*, int=3>>(int, float, float)",3857,100.000000,128,100.000000,64
91424.138604,0.003424,2,1,1,64,1,1,16,0.000000,0.000000,,,,,"Tesla V100-DGXS-32GB (0)","1","7","void at::native::vectorized_elementwise_kernel<int=4, at::native::MulScalarFunctor<float, float>, at::detail::Array<char*, int=2>>(int, float, float)",3863,0.000000,64,0.000000,64
91941.565377,0.074012,2,512,1,256,1,1,64,22.125000,0.000000,,,,,"Tesla V100-DGXS-32GB (0)","1","7","void cudnn::winograd_nonfused::winogradForwardData4x4<float, float>(cudnn::winograd_nonfused::WinogradDataParams<float, float>)",3879,19.271883,411527,0.022380,1179648
92439.935678,0.068780,16,64,1,32,8,1,32,9.000000,0.000000,,,,,"Tesla V100-DGXS-32GB (0)","1","7","void cudnn::winograd_nonfused::winogradForwardFilter4x4<float, float>(cudnn::winograd_nonfused::WinogradFilterParams<float, float>)",3880,0.000000,294912,0.055271,1179648
92926.822883,0.840085,8,8,36,64,1,1,126,8.000000,0.000000,,,,,"Tesla V100-DGXS-32GB (0)","1","7","volta_sgemm_64x64_nt",3888,67.267510,17827596,0.000000,1179648
93423.178822,0.076499,2,512,1,256,1,1,64,16.250000,0.000000,,,,,"Tesla V100-DGXS-32GB (0)","1","7","void cudnn::winograd_nonfused::winogradForwardOutput4x4<float, float>(cudnn::winograd_nonfused::WinogradOutputParams<float, float>)",3890,0.000000,1179648,49.830845,458752
93948.532905,0.071959,32,32,1,256,1,1,64,24.125000,0.000000,,,,,"Tesla V100-DGXS-32GB (0)","1","7","void cudnn::winograd_nonfused::winogradWgradData4x4<float, float>(cudnn::winograd_nonfused::WinogradDataParams<float, float>)",3904,34.802717,507900,0.036960,1179648
94453.334687,0.072540,32,32,1,256,1,1,64,16.500000,0.000000,,,,,"Tesla V100-DGXS-32GB (0)","1","7","void cudnn::winograd_nonfused::winogradWgradDelta4x4<float, float>(cudnn::winograd_nonfused::WinogradDeltaParams<float, float>)",3905,17.487189,418392,0.000000,1179648
94952.438103,0.840629,8,8,36,64,1,1,126,8.000000,0.000000,,,,,"Tesla V100-DGXS-32GB (0)","1","7","volta_sgemm_64x64_nt",3913,71.450487,17801172,0.000000,1179648
95471.142476,0.071084,16,64,1,32,8,1,62,9.000000,0.000000,,,,,"Tesla V100-DGXS-32GB (0)","1","7","void cudnn::winograd_nonfused::winogradWgradOutput4x4<float, float>(cudnn::winograd_nonfused::WinogradWgradOutputParams<float, float>)",3915,0.000000,1179648,0.000000,294912
95968.273640,0.038830,9216,1,1,64,1,1,20,0.000000,0.000000,,,,,"Tesla V100-DGXS-32GB (0)","1","7","void at::native::vectorized_elementwise_kernel<int=4, at::native::AddFunctor<float, float>, at::detail::Array<char*, int=3>>(int, float, float)",3923,0.000000,589824,37.296549,294912
96490.721470,0.026393,9216,1,1,64,1,1,16,0.000000,0.000000,,,,,"Tesla V100-DGXS-32GB (0)","1","7","void at::native::vectorized_elementwise_kernel<int=4, at::native::MulScalarFunctor<float, float>, at::detail::Array<char*, int=2>>(int, float, float)",3929,0.000000,294912,0.000000,294912
97033.200570,0.051320,12544,1,1,64,1,1,20,0.000000,0.000000,,,,,"Tesla V100-DGXS-32GB (0)","1","7","_ZN2at6native29vectorized_elementwise_kernelILi4EZNS0_21threshold_kernel_implIfEEvRNS_18TensorIteratorBaseET_S5_EUlffE_NS_6detail5ArrayIPcLi3EEEEEviT0_T1_",3938,0.000000,802816,0.000000,401408
97531.444798,0.052136,32,1,1,32,16,1,28,0.015625,0.000000,,,,,"Tesla V100-DGXS-32GB (0)","1","7","_ZN2at6native13reduce_kernelILi512ELi1ENS0_8ReduceOpIfNS0_14func_wrapper_tIfZNS0_11sum_functorIfffEclERNS_14TensorIteratorEEUlffE_EEjfLi4EEEEEvT1_",3952,13.896097,401530,96.875000,512
98038.027802,0.003061,2,1,1,64,1,1,20,0.000000,0.000000,,,,,"Tesla V100-DGXS-32GB (0)","1","7","void at::native::vectorized_elementwise_kernel<int=4, at::native::AddFunctor<float, float>, at::detail::Array<char*, int=3>>(int, float, float)",3961,100.000000,128,100.000000,64
98553.092839,0.003415,2,1,1,64,1,1,16,0.000000,0.000000,,,,,"Tesla V100-DGXS-32GB (0)","1","7","void at::native::vectorized_elementwise_kernel<int=4, at::native::MulScalarFunctor<float, float>, at::detail::Array<char*, int=2>>(int, float, float)",3967,0.000000,64,0.000000,64
99040.440660,0.075452,2,512,1,256,1,1,64,22.125000,0.000000,,,,,"Tesla V100-DGXS-32GB (0)","1","7","void cudnn::winograd_nonfused::winogradForwardData4x4<float, float>(cudnn::winograd_nonfused::WinogradDataParams<float, float>)",3983,19.410974,411561,0.000000,1179648
99525.739529,0.067729,16,64,1,32,8,1,32,9.000000,0.000000,,,,,"Tesla V100-DGXS-32GB (0)","1","7","void cudnn::winograd_nonfused::winogradForwardFilter4x4<float, float>(cudnn::winograd_nonfused::WinogradFilterParams<float, float>)",3984,0.000000,294912,0.013902,1179648
100025.457378,0.840893,8,8,36,64,1,1,126,8.000000,0.000000,,,,,"Tesla V100-DGXS-32GB (0)","1","7","volta_sgemm_64x64_nt",3992,63.194298,17704420,0.000000,1179648
100530.182268,0.073398,2,512,1,256,1,1,64,16.250000,0.000000,,,,,"Tesla V100-DGXS-32GB (0)","1","7","void cudnn::winograd_nonfused::winogradForwardOutput4x4<float, float>(cudnn::winograd_nonfused::WinogradOutputParams<float, float>)",3994,0.000000,1179648,49.833243,458752
101033.032054,0.071873,32,32,1,256,1,1,64,24.125000,0.000000,,,,,"Tesla V100-DGXS-32GB (0)","1","7","void cudnn::winograd_nonfused::winogradWgradData4x4<float, float>(cudnn::winograd_nonfused::WinogradDataParams<float, float>)",4008,34.850111,507941,0.017632,1179648
101528.219636,0.073265,32,32,1,256,1,1,64,16.500000,0.000000,,,,,"Tesla V100-DGXS-32GB (0)","1","7","void cudnn::winograd_nonfused::winogradWgradDelta4x4<float, float>(cudnn::winograd_nonfused::WinogradDeltaParams<float, float>)",4009,17.358652,418506,0.021701,1179648
102047.847898,0.839957,8,8,36,64,1,1,126,8.000000,0.000000,,,,,"Tesla V100-DGXS-32GB (0)","1","7","volta_sgemm_64x64_nt",4017,68.502101,17843692,0.000000,1179648
102555.551325,0.070300,16,64,1,32,8,1,62,9.000000,0.000000,,,,,"Tesla V100-DGXS-32GB (0)","1","7","void cudnn::winograd_nonfused::winogradWgradOutput4x4<float, float>(cudnn::winograd_nonfused::WinogradWgradOutputParams<float, float>)",4019,0.000000,1179648,0.000000,294912
103062.191702,0.038867,9216,1,1,64,1,1,20,0.000000,0.000000,,,,,"Tesla V100-DGXS-32GB (0)","1","7","void at::native::vectorized_elementwise_kernel<int=4, at::native::AddFunctor<float, float>, at::detail::Array<char*, int=3>>(int, float, float)",4027,0.000000,589824,41.191949,294912
103618.131559,0.026825,9216,1,1,64,1,1,16,0.000000,0.000000,,,,,"Tesla V100-DGXS-32GB (0)","1","7","void at::native::vectorized_elementwise_kernel<int=4, at::native::MulScalarFunctor<float, float>, at::detail::Array<char*, int=2>>(int, float, float)",4033,0.000000,294912,0.000000,294912
104113.620406,0.086228,50176,1,1,64,1,1,16,0.000000,0.000000,,,,,"Tesla V100-DGXS-32GB (0)","1","7","void at::native::vectorized_elementwise_kernel<int=4, at::native::FillFunctor<float>, at::detail::Array<char*, int=1>>(int, float, at::native::FillFunctor<float>)",4083,0.000000,0,0.000000,1605632
104600.227977,0.307056,4,32,512,256,1,1,32,0.000000,0.000000,,,,,"Tesla V100-DGXS-32GB (0)","1","7","void at::native::_GLOBAL__N__63_tmpxft_00007dfa_00000000_13_DilatedMaxPool2d_compute_86_cpp1_ii_6258b574::max_pool_backward_nchw<float, float>(int, float const *, long const *, int, int, int, int, int, int, int, int, int, int, int, int, int, int, at::native::_GLOBAL__N__63_tmpxft_00007dfa_00000000_13_DilatedMaxPool2d_compute_86_cpp1_ii_6258b574::max_pool_backward_nchw<float, float>*)",4090,31.823426,1372115,25.567502,1605632
105115.246168,0.192752,50176,1,1,64,1,1,20,0.000000,0.000000,,,,,"Tesla V100-DGXS-32GB (0)","1","7","_ZN2at6native29vectorized_elementwise_kernelILi4EZNS0_21threshold_kernel_implIfEEvRNS_18TensorIteratorBaseET_S5_EUlffE_NS_6detail5ArrayIPcLi3EEEEEviT0_T1_",4098,0.000000,3211264,0.000000,1605632
105597.170073,0.075788,512,1,1,32,16,1,28,0.015625,2.000000,,,,,"Tesla V100-DGXS-32GB (0)","1","7","_ZN2at6native13reduce_kernelILi512ELi1ENS0_8ReduceOpIfNS0_14func_wrapper_tIfZNS0_11sum_functorIfffEclERNS_14TensorIteratorEEUlffE_EEjfLi4EEEEEvT1_",4111,0.000000,1605632,96.875000,512
106100.111342,0.003072,2,1,1,64,1,1,20,0.000000,0.000000,,,,,"Tesla V100-DGXS-32GB (0)","1","7","void at::native::vectorized_elementwise_kernel<int=4, at::native::AddFunctor<float, float>, at::detail::Array<char*, int=3>>(int, float, float)",4120,100.000000,128,100.000000,64
106585.867020,0.003479,2,1,1,64,1,1,16,0.000000,0.000000,,,,,"Tesla V100-DGXS-32GB (0)","1","7","void at::native::vectorized_elementwise_kernel<int=4, at::native::MulScalarFunctor<float, float>, at::detail::Array<char*, int=2>>(int, float, float)",4126,0.000000,64,50.000000,64
107067.318436,0.248062,8,512,1,256,1,1,64,22.125000,0.000000,,,,,"Tesla V100-DGXS-32GB (0)","1","7","void cudnn::winograd_nonfused::winogradForwardData4x4<float, float>(cudnn::winograd_nonfused::WinogradDataParams<float, float>)",4142,53.185968,2870415,27.004500,3612672
107561.056909,0.068465,16,64,1,32,8,1,32,9.000000,0.000000,,,,,"Tesla V100-DGXS-32GB (0)","1","7","void cudnn::winograd_nonfused::winogradForwardFilter4x4<float, float>(cudnn::winograd_nonfused::WinogradFilterParams<float, float>)",4143,0.000000,294912,0.010173,1179648
108062.930456,2.352528,49,4,36,256,1,1,57,16.000000,0.000000,,,,,"Tesla V100-DGXS-32GB (0)","1","7","volta_sgemm_32x128_nt",4151,89.785294,71826524,0.000000,3612672
108568.539397,0.261704,8,512,1,256,1,1,64,16.250000,0.000000,,,,,"Tesla V100-DGXS-32GB (0)","1","7","void cudnn::winograd_nonfused::winogradForwardOutput4x4<float, float>(cudnn::winograd_nonfused::WinogradOutputParams<float, float>)",4153,0.000000,3612672,54.707700,2064384
109058.046021,0.235470,128,32,1,256,1,1,64,24.125000,0.000000,,,,,"Tesla V100-DGXS-32GB (0)","1","7","void cudnn::winograd_nonfused::winogradWgradData4x4<float, float>(cudnn::winograd_nonfused::WinogradDataParams<float, float>)",4167,63.609625,3257136,0.000000,3612672
109551.420896,0.242611,128,32,1,256,1,1,64,16.500000,0.000000,,,,,"Tesla V100-DGXS-32GB (0)","1","7","void cudnn::winograd_nonfused::winogradWgradDelta4x4<float, float>(cudnn::winograd_nonfused::WinogradDeltaParams<float, float>)",4168,40.830990,2059759,0.000000,3612672
110045.264835,2.523448,8,8,36,64,1,1,126,8.000000,0.000000,,,,,"Tesla V100-DGXS-32GB (0)","1","7","volta_sgemm_64x64_nt",4176,57.435765,55237060,0.000000,1179648
110567.022620,0.070748,16,64,1,32,8,1,62,9.000000,0.000000,,,,,"Tesla V100-DGXS-32GB (0)","1","7","void cudnn::winograd_nonfused::winogradWgradOutput4x4<float, float>(cudnn::winograd_nonfused::WinogradWgradOutputParams<float, float>)",4178,0.000000,1179648,0.000000,294912
111055.622313,0.038467,9216,1,1,64,1,1,20,0.000000,0.000000,,,,,"Tesla V100-DGXS-32GB (0)","1","7","void at::native::vectorized_elementwise_kernel<int=4, at::native::AddFunctor<float, float>, at::detail::Array<char*, int=3>>(int, float, float)",4186,0.000000,589824,33.801270,294912
111546.118743,0.026366,9216,1,1,64,1,1,16,0.000000,0.000000,,,,,"Tesla V100-DGXS-32GB (0)","1","7","void at::native::vectorized_elementwise_kernel<int=4, at::native::MulScalarFunctor<float, float>, at::detail::Array<char*, int=2>>(int, float, float)",4192,0.000000,294912,0.000000,294912
112055.128855,0.193302,50176,1,1,64,1,1,20,0.000000,0.000000,,,,,"Tesla V100-DGXS-32GB (0)","1","7","_ZN2at6native29vectorized_elementwise_kernelILi4EZNS0_21threshold_kernel_implIfEEvRNS_18TensorIteratorBaseET_S5_EUlffE_NS_6detail5ArrayIPcLi3EEEEEviT0_T1_",4201,0.000000,3211264,0.000000,1605632
112548.260479,0.075990,512,1,1,32,16,1,28,0.015625,2.000000,,,,,"Tesla V100-DGXS-32GB (0)","1","7","_ZN2at6native13reduce_kernelILi512ELi1ENS0_8ReduceOpIfNS0_14func_wrapper_tIfZNS0_11sum_functorIfffEclERNS_14TensorIteratorEEUlffE_EEjfLi4EEEEEvT1_",4214,0.000000,1605632,96.875000,512
113044.154074,0.003079,2,1,1,64,1,1,20,0.000000,0.000000,,,,,"Tesla V100-DGXS-32GB (0)","1","7","void at::native::vectorized_elementwise_kernel<int=4, at::native::AddFunctor<float, float>, at::detail::Array<char*, int=3>>(int, float, float)",4223,0.000000,128,100.000000,64
113523.541723,0.003514,2,1,1,64,1,1,16,0.000000,0.000000,,,,,"Tesla V100-DGXS-32GB (0)","1","7","void at::native::vectorized_elementwise_kernel<int=4, at::native::MulScalarFunctor<float, float>, at::detail::Array<char*, int=2>>(int, float, float)",4229,0.000000,64,100.000000,64
114013.474916,0.249342,8,512,1,256,1,1,64,22.125000,0.000000,,,,,"Tesla V100-DGXS-32GB (0)","1","7","void cudnn::winograd_nonfused::winogradForwardData4x4<float, float>(cudnn::winograd_nonfused::WinogradDataParams<float, float>)",4245,53.583866,2874912,27.085991,3612672
114526.122092,0.068886,16,64,1,32,8,1,32,9.000000,0.000000,,,,,"Tesla V100-DGXS-32GB (0)","1","7","void cudnn::winograd_nonfused::winogradForwardFilter4x4<float, float>(cudnn::winograd_nonfused::WinogradFilterParams<float, float>)",4246,0.000000,294912,0.000000,1179648
115018.097102,2.350576,49,4,36,256,1,1,57,16.000000,0.000000,,,,,"Tesla V100-DGXS-32GB (0)","1","7","volta_sgemm_32x128_nt",4254,89.495801,71899020,0.000000,3612672
115528.853526,0.272834,8,512,1,256,1,1,64,16.250000,0.000000,,,,,"Tesla V100-DGXS-32GB (0)","1","7","void cudnn::winograd_nonfused::winogradForwardOutput4x4<float, float>(cudnn::winograd_nonfused::WinogradOutputParams<float, float>)",4256,0.000000,3612672,55.119396,2064384
116040.042856,0.235438,128,32,1,256,1,1,64,24.125000,0.000000,,,,,"Tesla V100-DGXS-32GB (0)","1","7","void cudnn::winograd_nonfused::winogradWgradData4x4<float, float>(cudnn::winograd_nonfused::WinogradDataParams<float, float>)",4270,63.623847,3257406,0.000000,3612672
116535.500153,0.242382,128,32,1,256,1,1,64,16.500000,0.000000,,,,,"Tesla V100-DGXS-32GB (0)","1","7","void cudnn::winograd_nonfused::winogradWgradDelta4x4<float, float>(cudnn::winograd_nonfused::WinogradDeltaParams<float, float>)",4271,41.070331,2060110,0.001882,3612672
117019.081862,2.523720,8,8,36,64,1,1,126,8.000000,0.000000,,,,,"Tesla V100-DGXS-32GB (0)","1","7","volta_sgemm_64x64_nt",4279,61.271267,54885348,0.000000,1179648
117545.625036,0.070698,16,64,1,32,8,1,62,9.000000,0.000000,,,,,"Tesla V100-DGXS-32GB (0)","1","7","void cudnn::winograd_nonfused::winogradWgradOutput4x4<float, float>(cudnn::winograd_nonfused::WinogradWgradOutputParams<float, float>)",4281,0.000000,1179648,0.000000,294912
118025.870146,0.038840,9216,1,1,64,1,1,20,0.000000,0.000000,,,,,"Tesla V100-DGXS-32GB (0)","1","7","void at::native::vectorized_elementwise_kernel<int=4, at::native::AddFunctor<float, float>, at::detail::Array<char*, int=3>>(int, float, float)",4289,0.000000,589824,39.691840,294912
118542.288234,0.026665,9216,1,1,64,1,1,16,0.000000,0.000000,,,,,"Tesla V100-DGXS-32GB (0)","1","7","void at::native::vectorized_elementwise_kernel<int=4, at::native::MulScalarFunctor<float, float>, at::detail::Array<char*, int=2>>(int, float, float)",4295,0.000000,294912,0.000000,294912
119051.593244,0.192546,50176,1,1,64,1,1,20,0.000000,0.000000,,,,,"Tesla V100-DGXS-32GB (0)","1","7","_ZN2at6native29vectorized_elementwise_kernelILi4EZNS0_21threshold_kernel_implIfEEvRNS_18TensorIteratorBaseET_S5_EUlffE_NS_6detail5ArrayIPcLi3EEEEEviT0_T1_",4304,0.000000,3211264,0.000000,1605632
119568.068129,0.076775,512,1,1,32,16,1,28,0.015625,2.000000,,,,,"Tesla V100-DGXS-32GB (0)","1","7","_ZN2at6native13reduce_kernelILi512ELi1ENS0_8ReduceOpIfNS0_14func_wrapper_tIfZNS0_11sum_functorIfffEclERNS_14TensorIteratorEEUlffE_EEjfLi4EEEEEvT1_",4317,0.000000,1605632,96.875000,512
120080.743752,0.003104,2,1,1,64,1,1,20,0.000000,0.000000,,,,,"Tesla V100-DGXS-32GB (0)","1","7","void at::native::vectorized_elementwise_kernel<int=4, at::native::AddFunctor<float, float>, at::detail::Array<char*, int=3>>(int, float, float)",4326,100.000000,128,100.000000,64
120560.845765,0.003456,2,1,1,64,1,1,16,0.000000,0.000000,,,,,"Tesla V100-DGXS-32GB (0)","1","7","void at::native::vectorized_elementwise_kernel<int=4, at::native::MulScalarFunctor<float, float>, at::detail::Array<char*, int=2>>(int, float, float)",4332,0.000000,64,93.750000,64
121064.752361,0.247043,8,512,1,256,1,1,64,22.125000,0.000000,,,,,"Tesla V100-DGXS-32GB (0)","1","7","void cudnn::winograd_nonfused::winogradForwardData4x4<float, float>(cudnn::winograd_nonfused::WinogradDataParams<float, float>)",4348,53.601972,2872885,27.100551,3612672
121580.106407,0.035758,8,64,1,32,8,1,32,9.000000,0.000000,,,,,"Tesla V100-DGXS-32GB (0)","1","7","void cudnn::winograd_nonfused::winogradForwardFilter4x4<float, float>(cudnn::winograd_nonfused::WinogradFilterParams<float, float>)",4349,0.000000,147456,0.080702,589824
122054.259699,1.200131,49,2,36,256,1,1,57,16.000000,0.000000,,,,,"Tesla V100-DGXS-32GB (0)","1","7","volta_sgemm_32x128_nt",4357,84.645020,35883316,0.000000,1806336
122549.435506,0.141678,8,256,1,256,1,1,64,16.250000,0.000000,,,,,"Tesla V100-DGXS-32GB (0)","1","7","void cudnn::winograd_nonfused::winogradForwardOutput4x4<float, float>(cudnn::winograd_nonfused::WinogradOutputParams<float, float>)",4359,0.000000,1806336,54.672774,1032192
123025.126255,0.121337,64,32,1,256,1,1,64,24.125000,0.000000,,,,,"Tesla V100-DGXS-32GB (0)","1","7","void cudnn::winograd_nonfused::winogradWgradData4x4<float, float>(cudnn::winograd_nonfused::WinogradDataParams<float, float>)",4373,63.509535,1629116,0.000000,1806336
123506.832699,0.242713,128,32,1,256,1,1,64,16.500000,0.000000,,,,,"Tesla V100-DGXS-32GB (0)","1","7","void cudnn::winograd_nonfused::winogradWgradDelta4x4<float, float>(cudnn::winograd_nonfused::WinogradDeltaParams<float, float>)",4374,39.714553,2058807,0.000111,3612672
124003.241883,1.278911,4,8,36,64,1,1,126,8.000000,0.000000,,,,,"Tesla V100-DGXS-32GB (0)","1","7","volta_sgemm_64x64_nt",4382,56.424477,28026468,0.000000,589824
124522.330460,0.039502,8,64,1,32,8,1,62,9.000000,0.000000,,,,,"Tesla V100-DGXS-32GB (0)","1","7","void cudnn::winograd_nonfused::winogradWgradOutput4x4<float, float>(cudnn::winograd_nonfused::WinogradWgradOutputParams<float, float>)",4384,0.000000,589824,0.000000,147456
125012.389279,0.020260,4608,1,1,64,1,1,20,0.000000,0.000000,,,,,"Tesla V100-DGXS-32GB (0)","1","7","void at::native::vectorized_elementwise_kernel<int=4, at::native::AddFunctor<float, float>, at::detail::Array<char*, int=3>>(int, float, float)",4392,9.627279,294912,58.761936,147456
125533.097774,0.014927,4608,1,1,64,1,1,16,0.000000,0.000000,,,,,"Tesla V100-DGXS-32GB (0)","1","7","void at::native::vectorized_elementwise_kernel<int=4, at::native::MulScalarFunctor<float, float>, at::detail::Array<char*, int=2>>(int, float, float)",4398,0.000000,147456,0.000000,147456
126037.690287,0.169479,100352,1,1,64,1,1,16,0.000000,0.000000,,,,,"Tesla V100-DGXS-32GB (0)","1","7","void at::native::vectorized_elementwise_kernel<int=4, at::native::FillFunctor<float>, at::detail::Array<char*, int=1>>(int, float, at::native::FillFunctor<float>)",4409,0.000000,0,0.000000,3211264
126542.055964,0.581538,13,32,256,256,1,1,32,0.000000,0.000000,,,,,"Tesla V100-DGXS-32GB (0)","1","7","void at::native::_GLOBAL__N__63_tmpxft_00007dfa_00000000_13_DilatedMaxPool2d_compute_86_cpp1_ii_6258b574::max_pool_backward_nchw<float, float>(int, float const *, long const *, int, int, int, int, int, int, int, int, int, int, int, int, int, int, at::native::_GLOBAL__N__63_tmpxft_00007dfa_00000000_13_DilatedMaxPool2d_compute_86_cpp1_ii_6258b574::max_pool_backward_nchw<float, float>*)",4416,37.941752,2878001,0.000000,3211264
127056.325361,0.380828,100352,1,1,64,1,1,20,0.000000,0.000000,,,,,"Tesla V100-DGXS-32GB (0)","1","7","_ZN2at6native29vectorized_elementwise_kernelILi4EZNS0_21threshold_kernel_implIfEEvRNS_18TensorIteratorBaseET_S5_EUlffE_NS_6detail5ArrayIPcLi3EEEEEviT0_T1_",4424,0.000000,6422528,0.000000,3211264
127538.803893,0.134606,256,1,1,32,16,1,28,0.015625,2.000000,,,,,"Tesla V100-DGXS-32GB (0)","1","7","_ZN2at6native13reduce_kernelILi512ELi1ENS0_8ReduceOpIfNS0_14func_wrapper_tIfZNS0_11sum_functorIfffEclERNS_14TensorIteratorEEUlffE_EEjfLi4EEEEEvT1_",4437,0.000000,3211264,96.875000,256
128017.139372,0.003023,1,1,1,64,1,1,20,0.000000,0.000000,,,,,"Tesla V100-DGXS-32GB (0)","1","7","void at::native::vectorized_elementwise_kernel<int=4, at::native::AddFunctor<float, float>, at::detail::Array<char*, int=3>>(int, float, float)",4446,100.000000,64,100.000000,32
128503.966772,0.003439,1,1,1,64,1,1,16,0.000000,0.000000,,,,,"Tesla V100-DGXS-32GB (0)","1","7","void at::native::vectorized_elementwise_kernel<int=4, at::native::MulScalarFunctor<float, float>, at::detail::Array<char*, int=2>>(int, float, float)",4452,0.000000,32,100.000000,32
129006.075571,0.510571,32,256,1,256,1,1,64,22.125000,0.000000,,,,,"Tesla V100-DGXS-32GB (0)","1","7","void cudnn::winograd_nonfused::winogradForwardData4x4<float, float>(cudnn::winograd_nonfused::WinogradDataParams<float, float>)",4468,61.301369,7205875,0.000000,7225344
129511.899861,0.016831,8,32,1,32,8,1,32,9.000000,0.000000,,,,,"Tesla V100-DGXS-32GB (0)","1","7","void cudnn::winograd_nonfused::winogradForwardFilter4x4<float, float>(cudnn::winograd_nonfused::WinogradFilterParams<float, float>)",4469,0.000000,73728,0.000000,294912
129997.711921,2.404230,196,2,36,256,1,1,57,16.000000,0.000000,,,,,"Tesla V100-DGXS-32GB (0)","1","7","volta_sgemm_32x128_nt",4477,80.239307,69016040,0.000000,7225344
130518.267847,0.440713,32,256,1,256,1,1,64,16.250000,0.000000,,,,,"Tesla V100-DGXS-32GB (0)","1","7","void cudnn::winograd_nonfused::winogradForwardOutput4x4<float, float>(cudnn::winograd_nonfused::WinogradOutputParams<float, float>)",4479,0.000000,7225344,61.991010,3211264
131038.783775,0.505030,224,32,1,256,1,1,64,24.125000,0.000000,,,,,"Tesla V100-DGXS-32GB (0)","1","7","void cudnn::winograd_nonfused::winogradWgradData4x4<float, float>(cudnn::winograd_nonfused::WinogradDataParams<float, float>)",4493,68.937989,7735787,0.000000,7225344
131548.881064,0.507307,224,32,1,256,1,1,64,16.500000,0.000000,,,,,"Tesla V100-DGXS-32GB (0)","1","7","void cudnn::winograd_nonfused::winogradWgradDelta4x4<float, float>(cudnn::winograd_nonfused::WinogradDeltaParams<float, float>)",4494,26.001848,3211264,0.000000,7225344
132083.843619,2.542150,4,4,36,64,1,1,126,8.000000,0.000000,,,,,"Tesla V100-DGXS-32GB (0)","1","7","volta_sgemm_64x64_nt",4502,40.411474,57802752,0.000000,294912
132583.199918,0.022825,8,32,1,32,8,1,62,9.000000,0.000000,,,,,"Tesla V100-DGXS-32GB (0)","1","7","void cudnn::winograd_nonfused::winogradWgradOutput4x4<float, float>(cudnn::winograd_nonfused::WinogradWgradOutputParams<float, float>)",4504,0.000000,294912,0.151910,73728
133087.952167,0.010330,2304,1,1,64,1,1,20,0.000000,0.000000,,,,,"Tesla V100-DGXS-32GB (0)","1","7","void at::native::vectorized_elementwise_kernel<int=4, at::native::AddFunctor<float, float>, at::detail::Array<char*, int=3>>(int, float, float)",4512,0.000000,147456,100.000000,73728
133600.408249,0.009077,2304,1,1,64,1,1,16,0.000000,0.000000,,,,,"Tesla V100-DGXS-32GB (0)","1","7","void at::native::vectorized_elementwise_kernel<int=4, at::native::MulScalarFunctor<float, float>, at::detail::Array<char*, int=2>>(int, float, float)",4518,0.000000,73728,0.000000,73728
134093.094903,0.380428,100352,1,1,64,1,1,20,0.000000,0.000000,,,,,"Tesla V100-DGXS-32GB (0)","1","7","_ZN2at6native29vectorized_elementwise_kernelILi4EZNS0_21threshold_kernel_implIfEEvRNS_18TensorIteratorBaseET_S5_EUlffE_NS_6detail5ArrayIPcLi3EEEEEviT0_T1_",4527,0.000000,6422528,0.000000,3211264
134585.202066,0.134723,256,1,1,32,16,1,28,0.015625,2.000000,,,,,"Tesla V100-DGXS-32GB (0)","1","7","_ZN2at6native13reduce_kernelILi512ELi1ENS0_8ReduceOpIfNS0_14func_wrapper_tIfZNS0_11sum_functorIfffEclERNS_14TensorIteratorEEUlffE_EEjfLi4EEEEEvT1_",4540,0.000000,3211264,96.875000,256
135092.742717,0.003008,1,1,1,64,1,1,20,0.000000,0.000000,,,,,"Tesla V100-DGXS-32GB (0)","1","7","void at::native::vectorized_elementwise_kernel<int=4, at::native::AddFunctor<float, float>, at::detail::Array<char*, int=3>>(int, float, float)",4549,100.000000,64,100.000000,32
135595.302309,0.003416,1,1,1,64,1,1,16,0.000000,0.000000,,,,,"Tesla V100-DGXS-32GB (0)","1","7","void at::native::vectorized_elementwise_kernel<int=4, at::native::MulScalarFunctor<float, float>, at::detail::Array<char*, int=2>>(int, float, float)",4555,0.000000,32,100.000000,32
136089.033134,0.506705,32,256,1,256,1,1,64,22.125000,0.000000,,,,,"Tesla V100-DGXS-32GB (0)","1","7","void cudnn::winograd_nonfused::winogradForwardData4x4<float, float>(cudnn::winograd_nonfused::WinogradDataParams<float, float>)",4571,59.806161,7205373,0.000000,7225344
136610.086443,0.016858,8,32,1,32,8,1,32,9.000000,0.000000,,,,,"Tesla V100-DGXS-32GB (0)","1","7","void cudnn::winograd_nonfused::winogradForwardFilter4x4<float, float>(cudnn::winograd_nonfused::WinogradFilterParams<float, float>)",4572,0.000000,73728,0.340441,294912
137104.451924,2.404878,196,2,36,256,1,1,57,16.000000,0.000000,,,,,"Tesla V100-DGXS-32GB (0)","1","7","volta_sgemm_32x128_nt",4580,79.687132,68810688,0.000000,7225344
137623.963743,0.443129,32,256,1,256,1,1,64,16.250000,0.000000,,,,,"Tesla V100-DGXS-32GB (0)","1","7","void cudnn::winograd_nonfused::winogradForwardOutput4x4<float, float>(cudnn::winograd_nonfused::WinogradOutputParams<float, float>)",4582,0.000000,7225344,60.875686,3211264
138124.996149,0.505323,224,32,1,256,1,1,64,24.125000,0.000000,,,,,"Tesla V100-DGXS-32GB (0)","1","7","void cudnn::winograd_nonfused::winogradWgradData4x4<float, float>(cudnn::winograd_nonfused::WinogradDataParams<float, float>)",4596,68.900841,7735074,0.000000,7225344
138622.302440,0.507697,224,32,1,256,1,1,64,16.500000,0.000000,,,,,"Tesla V100-DGXS-32GB (0)","1","7","void cudnn::winograd_nonfused::winogradWgradDelta4x4<float, float>(cudnn::winograd_nonfused::WinogradDeltaParams<float, float>)",4597,25.879872,3211264,0.000000,7225344
139161.438958,2.542670,4,4,36,64,1,1,126,8.000000,0.000000,,,,,"Tesla V100-DGXS-32GB (0)","1","7","volta_sgemm_64x64_nt",4605,48.992200,57802752,0.000000,294912
139754.756565,0.022847,8,32,1,32,8,1,62,9.000000,0.000000,,,,,"Tesla V100-DGXS-32GB (0)","1","7","void cudnn::winograd_nonfused::winogradWgradOutput4x4<float, float>(cudnn::winograd_nonfused::WinogradWgradOutputParams<float, float>)",4607,0.000000,294912,0.363498,73728
140265.510909,0.011834,2304,1,1,64,1,1,20,0.000000,0.000000,,,,,"Tesla V100-DGXS-32GB (0)","1","7","void at::native::vectorized_elementwise_kernel<int=4, at::native::AddFunctor<float, float>, at::detail::Array<char*, int=3>>(int, float, float)",4615,11.555990,147456,97.949219,73728
140780.160927,0.008871,2304,1,1,64,1,1,16,0.000000,0.000000,,,,,"Tesla V100-DGXS-32GB (0)","1","7","void at::native::vectorized_elementwise_kernel<int=4, at::native::MulScalarFunctor<float, float>, at::detail::Array<char*, int=2>>(int, float, float)",4621,0.000000,73728,0.000000,73728
141301.973622,0.380636,100352,1,1,64,1,1,20,0.000000,0.000000,,,,,"Tesla V100-DGXS-32GB (0)","1","7","_ZN2at6native29vectorized_elementwise_kernelILi4EZNS0_21threshold_kernel_implIfEEvRNS_18TensorIteratorBaseET_S5_EUlffE_NS_6detail5ArrayIPcLi3EEEEEviT0_T1_",4669,0.000000,6422528,0.000000,3211264
141795.605892,0.135294,256,1,1,32,16,1,28,0.015625,2.000000,,,,,"Tesla V100-DGXS-32GB (0)","1","7","_ZN2at6native13reduce_kernelILi512ELi1ENS0_8ReduceOpIfNS0_14func_wrapper_tIfZNS0_11sum_functorIfffEclERNS_14TensorIteratorEEUlffE_EEjfLi4EEEEEvT1_",4682,0.000000,3211264,96.875000,256
142278.548528,0.002997,1,1,1,64,1,1,20,0.000000,0.000000,,,,,"Tesla V100-DGXS-32GB (0)","1","7","void at::native::vectorized_elementwise_kernel<int=4, at::native::AddFunctor<float, float>, at::detail::Array<char*, int=3>>(int, float, float)",4691,100.000000,64,100.000000,32
142790.798956,0.003360,1,1,1,64,1,1,16,0.000000,0.000000,,,,,"Tesla V100-DGXS-32GB (0)","1","7","void at::native::vectorized_elementwise_kernel<int=4, at::native::MulScalarFunctor<float, float>, at::detail::Array<char*, int=2>>(int, float, float)",4697,0.000000,32,0.000000,32
143308.192227,0.509809,32,256,1,256,1,1,64,22.125000,0.000000,,,,,"Tesla V100-DGXS-32GB (0)","1","7","void cudnn::winograd_nonfused::winogradForwardData4x4<float, float>(cudnn::winograd_nonfused::WinogradDataParams<float, float>)",4713,61.354465,7203567,0.000000,7225344
143811.028253,0.009695,4,32,1,32,8,1,32,9.000000,0.000000,,,,,"Tesla V100-DGXS-32GB (0)","1","7","void cudnn::winograd_nonfused::winogradForwardFilter4x4<float, float>(cudnn::winograd_nonfused::WinogradFilterParams<float, float>)",4714,0.000000,36864,0.000000,147456
144309.654605,1.206171,98,2,36,64,1,1,126,8.000000,0.000000,,,,,"Tesla V100-DGXS-32GB (0)","1","7","volta_sgemm_64x64_nt",4722,50.218786,25001576,0.000000,3612672
144823.766155,0.233100,32,128,1,256,1,1,64,16.250000,0.000000,,,,,"Tesla V100-DGXS-32GB (0)","1","7","void cudnn::winograd_nonfused::winogradForwardOutput4x4<float, float>(cudnn::winograd_nonfused::WinogradOutputParams<float, float>)",4724,0.000000,3612672,60.669194,1605632
145328.788342,0.240190,112,32,1,256,1,1,64,24.125000,0.000000,,,,,"Tesla V100-DGXS-32GB (0)","1","7","void cudnn::winograd_nonfused::winogradWgradData4x4<float, float>(cudnn::winograd_nonfused::WinogradDataParams<float, float>)",4738,68.986157,3869427,0.000000,3612672
145812.983780,0.507424,224,32,1,256,1,1,64,16.500000,0.000000,,,,,"Tesla V100-DGXS-32GB (0)","1","7","void cudnn::winograd_nonfused::winogradWgradDelta4x4<float, float>(cudnn::winograd_nonfused::WinogradDeltaParams<float, float>)",4739,25.843967,3211264,0.000000,7225344
146319.828658,1.300222,4,2,36,256,1,1,57,16.000000,0.000000,,,,,"Tesla V100-DGXS-32GB (0)","1","7","volta_sgemm_32x128_nt",4747,51.011495,36126720,0.000000,147456
146813.877515,0.013210,4,32,1,32,8,1,62,9.000000,0.000000,,,,,"Tesla V100-DGXS-32GB (0)","1","7","void cudnn::winograd_nonfused::winogradWgradOutput4x4<float, float>(cudnn::winograd_nonfused::WinogradWgradOutputParams<float, float>)",4749,0.000000,147456,62.456597,36864
147311.023270,0.006079,1152,1,1,64,1,1,20,0.000000,0.000000,,,,,"Tesla V100-DGXS-32GB (0)","1","7","void at::native::vectorized_elementwise_kernel<int=4, at::native::AddFunctor<float, float>, at::detail::Array<char*, int=3>>(int, float, float)",4757,50.000000,73728,96.853299,36864
147803.558316,0.006437,1152,1,1,64,1,1,16,0.000000,0.000000,,,,,"Tesla V100-DGXS-32GB (0)","1","7","void at::native::vectorized_elementwise_kernel<int=4, at::native::MulScalarFunctor<float, float>, at::detail::Array<char*, int=2>>(int, float, float)",4763,0.000000,36864,81.108941,36864
148286.518360,0.335663,200704,1,1,64,1,1,16,0.000000,0.000000,,,,,"Tesla V100-DGXS-32GB (0)","1","7","void at::native::vectorized_elementwise_kernel<int=4, at::native::FillFunctor<float>, at::detail::Array<char*, int=1>>(int, float, at::native::FillFunctor<float>)",4774,0.000000,0,0.000000,6422528
148779.066844,1.143629,49,32,128,256,1,1,32,0.000000,0.000000,,,,,"Tesla V100-DGXS-32GB (0)","1","7","void at::native::_GLOBAL__N__63_tmpxft_00007dfa_00000000_13_DilatedMaxPool2d_compute_86_cpp1_ii_6258b574::max_pool_backward_nchw<float, float>(int, float const *, long const *, int, int, int, int, int, int, int, int, int, int, int, int, int, int, at::native::_GLOBAL__N__63_tmpxft_00007dfa_00000000_13_DilatedMaxPool2d_compute_86_cpp1_ii_6258b574::max_pool_backward_nchw<float, float>*)",4781,33.234173,6416868,0.000000,6422528
149303.237339,0.756409,200704,1,1,64,1,1,20,0.000000,0.000000,,,,,"Tesla V100-DGXS-32GB (0)","1","7","_ZN2at6native29vectorized_elementwise_kernelILi4EZNS0_21threshold_kernel_implIfEEvRNS_18TensorIteratorBaseET_S5_EUlffE_NS_6detail5ArrayIPcLi3EEEEEviT0_T1_",4789,0.000000,12845056,0.000000,6422528
149802.098902,0.002400,,,,,,,,,,0.000488,0.198682,"Device",,"Tesla V100-DGXS-32GB (0)","1","7","[CUDA memset]",4804,,,,
149823.050999,0.266834,128,4,1,32,16,1,28,0.015625,2.000000,,,,,"Tesla V100-DGXS-32GB (0)","1","7","_ZN2at6native13reduce_kernelILi512ELi1ENS0_8ReduceOpIfNS0_14func_wrapper_tIfZNS0_11sum_functorIfffEclERNS_14TensorIteratorEEUlffE_EEjfLi4EEEEEvT1_",4806,0.001479,6422656,94.375000,640
150331.695971,0.003013,1,1,1,64,1,1,20,0.000000,0.000000,,,,,"Tesla V100-DGXS-32GB (0)","1","7","void at::native::vectorized_elementwise_kernel<int=4, at::native::AddFunctor<float, float>, at::detail::Array<char*, int=3>>(int, float, float)",4815,0.000000,32,100.000000,16
150826.771210,0.003376,1,1,1,64,1,1,16,0.000000,0.000000,,,,,"Tesla V100-DGXS-32GB (0)","1","7","void at::native::vectorized_elementwise_kernel<int=4, at::native::MulScalarFunctor<float, float>, at::detail::Array<char*, int=2>>(int, float, float)",4821,0.000000,16,100.000000,16
151319.512834,1.005822,98,128,1,256,1,1,64,22.125000,0.000000,,,,,"Tesla V100-DGXS-32GB (0)","1","7","void cudnn::winograd_nonfused::winogradForwardData4x4<float, float>(cudnn::winograd_nonfused::WinogradDataParams<float, float>)",4837,66.257470,14502090,0.000000,14450688
151845.195790,0.007015,4,16,1,32,8,1,32,9.000000,0.000000,,,,,"Tesla V100-DGXS-32GB (0)","1","7","void cudnn::winograd_nonfused::winogradForwardFilter4x4<float, float>(cudnn::winograd_nonfused::WinogradFilterParams<float, float>)",4838,0.000000,18432,76.681858,73728
152334.864893,2.513493,784,1,36,256,1,1,57,16.000000,0.000000,,,,,"Tesla V100-DGXS-32GB (0)","1","7","volta_sgemm_32x128_nt",4846,74.381227,56310644,0.000000,14450688
152875.059555,0.869309,98,128,1,256,1,1,64,16.250000,0.000000,,,,,"Tesla V100-DGXS-32GB (0)","1","7","void cudnn::winograd_nonfused::winogradForwardOutput4x4<float, float>(cudnn::winograd_nonfused::WinogradOutputParams<float, float>)",4848,0.000000,14450688,49.038945,6422528
153391.415416,0.969846,392,32,1,256,1,1,64,24.125000,0.000000,,,,,"Tesla V100-DGXS-32GB (0)","1","7","void cudnn::winograd_nonfused::winogradWgradData4x4<float, float>(cudnn::winograd_nonfused::WinogradDataParams<float, float>)",4862,72.588590,15788644,0.000000,14450688
153919.992472,0.990997,392,32,1,256,1,1,64,16.500000,0.000000,,,,,"Tesla V100-DGXS-32GB (0)","1","7","void cudnn::winograd_nonfused::winogradWgradDelta4x4<float, float>(cudnn::winograd_nonfused::WinogradDeltaParams<float, float>)",4863,0.000000,6422528,0.000000,14450688
154436.115352,5.032393,2,2,36,64,1,1,126,8.000000,0.000000,,,,,"Tesla V100-DGXS-32GB (0)","1","7","volta_sgemm_64x64_nt",4871,32.975433,57802752,0.000000,73728
154929.462066,0.005927,4,16,1,32,8,1,62,9.000000,0.000000,,,,,"Tesla V100-DGXS-32GB (0)","1","7","void cudnn::winograd_nonfused::winogradWgradOutput4x4<float, float>(cudnn::winograd_nonfused::WinogradWgradOutputParams<float, float>)",4873,65.890842,73728,100.000000,18432
155431.026299,0.004104,576,1,1,64,1,1,20,0.000000,0.000000,,,,,"Tesla V100-DGXS-32GB (0)","1","7","void at::native::vectorized_elementwise_kernel<int=4, at::native::AddFunctor<float, float>, at::detail::Array<char*, int=3>>(int, float, float)",4881,50.000000,36864,100.000000,18432
155917.223507,0.005178,576,1,1,64,1,1,16,0.000000,0.000000,,,,,"Tesla V100-DGXS-32GB (0)","1","7","void at::native::vectorized_elementwise_kernel<int=4, at::native::MulScalarFunctor<float, float>, at::detail::Array<char*, int=2>>(int, float, float)",4887,0.000000,18432,100.000000,18432
156421.993919,0.755971,200704,1,1,64,1,1,20,0.000000,0.000000,,,,,"Tesla V100-DGXS-32GB (0)","1","7","_ZN2at6native29vectorized_elementwise_kernelILi4EZNS0_21threshold_kernel_implIfEEvRNS_18TensorIteratorBaseET_S5_EUlffE_NS_6detail5ArrayIPcLi3EEEEEviT0_T1_",4896,0.000000,12845056,0.000000,6422528
156922.773958,0.002112,,,,,,,,,,0.000488,0.225775,"Device",,"Tesla V100-DGXS-32GB (0)","1","7","[CUDA memset]",4911,,,,
156943.981696,0.266707,128,4,1,32,16,1,28,0.015625,2.000000,,,,,"Tesla V100-DGXS-32GB (0)","1","7","_ZN2at6native13reduce_kernelILi512ELi1ENS0_8ReduceOpIfNS0_14func_wrapper_tIfZNS0_11sum_functorIfffEclERNS_14TensorIteratorEEUlffE_EEjfLi4EEEEEvT1_",4913,0.001495,6422656,94.375000,640
157426.642416,0.003013,1,1,1,64,1,1,20,0.000000,0.000000,,,,,"Tesla V100-DGXS-32GB (0)","1","7","void at::native::vectorized_elementwise_kernel<int=4, at::native::AddFunctor<float, float>, at::detail::Array<char*, int=3>>(int, float, float)",4922,0.000000,32,100.000000,16
157927.111839,0.003360,1,1,1,64,1,1,16,0.000000,0.000000,,,,,"Tesla V100-DGXS-32GB (0)","1","7","void at::native::vectorized_elementwise_kernel<int=4, at::native::MulScalarFunctor<float, float>, at::detail::Array<char*, int=2>>(int, float, float)",4928,0.000000,16,0.000000,16
158416.884152,0.003791,2,32,1,32,4,1,40,8.500000,0.000000,,,,,"Tesla V100-DGXS-32GB (0)","1","7","void cudnn::winograd::generateWinogradTilesKernel<int=0, float, float>(cudnn::winograd::GenerateWinogradTilesParams<float, float>)",4944,100.000000,9216,100.000000,16384
158917.237773,2.604433,64,14,7,256,1,1,126,48.000000,0.000000,,,,,"Tesla V100-DGXS-32GB (0)","1","7","volta_scudnn_winograd_128x128_ldg1_ldg4_relu_tile148t_nt_v1",4946,79.252510,80589764,0.000000,3211264
159433.633588,0.469443,196,32,1,256,1,1,64,24.125000,0.000000,,,,,"Tesla V100-DGXS-32GB (0)","1","7","void cudnn::winograd_nonfused::winogradWgradData4x4<float, float>(cudnn::winograd_nonfused::WinogradDataParams<float, float>)",4959,72.225783,7895146,0.000000,7225344
159959.357748,0.986309,392,32,1,256,1,1,64,16.500000,0.000000,,,,,"Tesla V100-DGXS-32GB (0)","1","7","void cudnn::winograd_nonfused::winogradWgradDelta4x4<float, float>(cudnn::winograd_nonfused::WinogradDeltaParams<float, float>)",4960,0.000000,6422528,0.000000,14450688
160477.514853,2.974415,1,2,36,64,1,1,126,8.000000,0.000000,,,,,"Tesla V100-DGXS-32GB (0)","1","7","volta_sgemm_64x64_nt",4968,25.000000,28901376,0.000000,36864
160991.900238,0.005080,2,16,1,32,8,1,62,9.000000,0.000000,,,,,"Tesla V100-DGXS-32GB (0)","1","7","void cudnn::winograd_nonfused::winogradWgradOutput4x4<float, float>(cudnn::winograd_nonfused::WinogradWgradOutputParams<float, float>)",4970,0.000000,36864,100.000000,9216
161469.209318,0.003656,288,1,1,64,1,1,20,0.000000,0.000000,,,,,"Tesla V100-DGXS-32GB (0)","1","7","void at::native::vectorized_elementwise_kernel<int=4, at::native::AddFunctor<float, float>, at::detail::Array<char*, int=3>>(int, float, float)",4978,100.000000,18432,100.000000,9216
161958.645584,0.004568,288,1,1,64,1,1,16,0.000000,0.000000,,,,,"Tesla V100-DGXS-32GB (0)","1","7","void at::native::vectorized_elementwise_kernel<int=4, at::native::MulScalarFunctor<float, float>, at::detail::Array<char*, int=2>>(int, float, float)",4984,0.000000,9216,100.000000,9216
162448.137655,0.668263,401408,1,1,64,1,1,16,0.000000,0.000000,,,,,"Tesla V100-DGXS-32GB (0)","1","7","void at::native::vectorized_elementwise_kernel<int=4, at::native::FillFunctor<float>, at::detail::Array<char*, int=1>>(int, float, at::native::FillFunctor<float>)",4995,0.000000,0,0.000000,12845056
162960.163283,2.276296,196,32,64,256,1,1,32,0.000000,0.000000,,,,,"Tesla V100-DGXS-32GB (0)","1","7","void at::native::_GLOBAL__N__63_tmpxft_00007dfa_00000000_13_DilatedMaxPool2d_compute_86_cpp1_ii_6258b574::max_pool_backward_nchw<float, float>(int, float const *, long const *, int, int, int, int, int, int, int, int, int, int, int, int, int, int, at::native::_GLOBAL__N__63_tmpxft_00007dfa_00000000_13_DilatedMaxPool2d_compute_86_cpp1_ii_6258b574::max_pool_backward_nchw<float, float>*)",5002,40.601734,15921017,0.000000,12845056
163484.833670,1.507942,401408,1,1,64,1,1,20,0.000000,0.000000,,,,,"Tesla V100-DGXS-32GB (0)","1","7","_ZN2at6native29vectorized_elementwise_kernelILi4EZNS0_21threshold_kernel_implIfEEvRNS_18TensorIteratorBaseET_S5_EUlffE_NS_6detail5ArrayIPcLi3EEEEEviT0_T1_",5010,0.000000,25690112,0.000000,12845056
163996.799429,0.002112,,,,,,,,,,0.000244,0.112888,"Device",,"Tesla V100-DGXS-32GB (0)","1","7","[CUDA memset]",5025,,,,
164017.989756,0.508956,64,13,1,32,16,1,28,0.015625,2.000000,,,,,"Tesla V100-DGXS-32GB (0)","1","7","_ZN2at6native13reduce_kernelILi512ELi1ENS0_8ReduceOpIfNS0_14func_wrapper_tIfZNS0_11sum_functorIfffEclERNS_14TensorIteratorEEUlffE_EEjfLi4EEEEEvT1_",5027,0.000724,12845216,90.401786,896
164523.911607,0.003008,1,1,1,64,1,1,20,0.000000,0.000000,,,,,"Tesla V100-DGXS-32GB (0)","1","7","void at::native::vectorized_elementwise_kernel<int=4, at::native::AddFunctor<float, float>, at::detail::Array<char*, int=3>>(int, float, float)",5036,100.000000,16,100.000000,8
165011.272020,0.003301,1,1,1,64,1,1,16,0.000000,0.000000,,,,,"Tesla V100-DGXS-32GB (0)","1","7","void at::native::vectorized_elementwise_kernel<int=4, at::native::MulScalarFunctor<float, float>, at::detail::Array<char*, int=2>>(int, float, float)",5042,0.000000,8,100.000000,8
165515.089553,0.003640,2,16,1,32,4,1,40,8.500000,0.000000,,,,,"Tesla V100-DGXS-32GB (0)","1","7","void cudnn::winograd::generateWinogradTilesKernel<int=0, float, float>(cudnn::winograd::GenerateWinogradTilesParams<float, float>)",5058,0.000000,4608,100.000000,8192
166008.196247,5.593480,64,28,14,256,1,1,126,48.000000,0.000000,,,,,"Tesla V100-DGXS-32GB (0)","1","7","volta_scudnn_winograd_128x128_ldg1_ldg4_relu_tile148t_nt_v1",5060,79.428481,163826304,0.000000,12845056
166539.680724,0.003455,1,224,1,256,1,1,16,0.000000,0.000000,,,,,"Tesla V100-DGXS-32GB (0)","1","7","cask_cudnn::computeWgradSplitKOffsetsKernel(cask_cudnn::ComputeSplitKOffsetsParams)",5073,0.000000,0,100.000000,1233
167044.692472,0.003162,2,1,1,256,1,1,24,0.000000,0.000000,,,,,"Tesla V100-DGXS-32GB (0)","1","7","cask_cudnn::computeWgradBOffsetsKernel(cask_cudnn::ComputeWgradBOffsetsParams)",5074,0.000000,0,0.000000,65
167505.680731,0.001728,,,,,,,,,,0.000172,0.097013,"Device",,"Tesla V100-DGXS-32GB (0)","1","7","[CUDA memset]",5076,,,,
167526.724311,11.350880,5,1,224,128,1,1,160,32.000000,0.000000,,,,,"Tesla V100-DGXS-32GB (0)","1","7","volta_scudnn_128x64_stridedB_splitK_xregs_large_nn_v1",5077,87.197588,155301366,99.960806,1033312
168078.086735,0.003391,144,1,1,64,1,1,20,0.000000,0.000000,,,,,"Tesla V100-DGXS-32GB (0)","1","7","void at::native::vectorized_elementwise_kernel<int=4, at::native::AddFunctor<float, float>, at::detail::Array<char*, int=3>>(int, float, float)",5084,100.000000,9216,100.000000,4608
168584.948344,0.004008,144,1,1,64,1,1,16,0.000000,0.000000,,,,,"Tesla V100-DGXS-32GB (0)","1","7","void at::native::vectorized_elementwise_kernel<int=4, at::native::MulScalarFunctor<float, float>, at::detail::Array<char*, int=2>>(int, float, float)",5090,0.000000,4608,100.000000,4608
169093.257659,1.507862,401408,1,1,64,1,1,20,0.000000,0.000000,,,,,"Tesla V100-DGXS-32GB (0)","1","7","_ZN2at6native29vectorized_elementwise_kernelILi4EZNS0_21threshold_kernel_implIfEEvRNS_18TensorIteratorBaseET_S5_EUlffE_NS_6detail5ArrayIPcLi3EEEEEviT0_T1_",5099,0.000000,25690112,0.000000,12845056
169591.899425,0.002144,,,,,,,,,,0.000244,0.111203,"Device",,"Tesla V100-DGXS-32GB (0)","1","7","[CUDA memset]",5114,,,,
169613.122381,0.507959,64,13,1,32,16,1,28,0.015625,2.000000,,,,,"Tesla V100-DGXS-32GB (0)","1","7","_ZN2at6native13reduce_kernelILi512ELi1ENS0_8ReduceOpIfNS0_14func_wrapper_tIfZNS0_11sum_functorIfffEclERNS_14TensorIteratorEEUlffE_EEjfLi4EEEEEvT1_",5116,0.000693,12845216,90.736607,896
170118.478063,0.002986,1,1,1,64,1,1,20,0.000000,0.000000,,,,,"Tesla V100-DGXS-32GB (0)","1","7","void at::native::vectorized_elementwise_kernel<int=4, at::native::AddFunctor<float, float>, at::detail::Array<char*, int=3>>(int, float, float)",5125,0.000000,16,100.000000,8
170591.319273,0.003317,1,1,1,64,1,1,16,0.000000,0.000000,,,,,"Tesla V100-DGXS-32GB (0)","1","7","void at::native::vectorized_elementwise_kernel<int=4, at::native::MulScalarFunctor<float, float>, at::detail::Array<char*, int=2>>(int, float, float)",5131,0.000000,8,100.000000,8
171102.423365,1.519435,1,2,3136,8,8,1,80,2.250000,0.000000,,,,,"Tesla V100-DGXS-32GB (0)","1","7","void wgrad_alg0_engine<float, int=128, int=5, int=5, int=3, int=3, int=3, bool=0, int=512>(int, int, int, float const *, int, float*, float const *, kernel_grad_params, __int64, int, float, int, int, int, int)",5150,48.644074,16361950,0.000000,0
171620.145600,0.003103,7,1,1,64,1,1,20,0.000000,0.000000,,,,,"Tesla V100-DGXS-32GB (0)","1","7","void at::native::vectorized_elementwise_kernel<int=4, at::native::AddFunctor<float, float>, at::detail::Array<char*, int=3>>(int, float, float)",5158,100.000000,432,100.000000,216
172109.977347,0.003622,7,1,1,64,1,1,16,0.000000,0.000000,,,,,"Tesla V100-DGXS-32GB (0)","1","7","void at::native::vectorized_elementwise_kernel<int=4, at::native::MulScalarFunctor<float, float>, at::detail::Array<char*, int=2>>(int, float, float)",5164,0.000000,216,100.000000,216
172563.334542,0.004320,,,,,,,,,,0.003815,0.862336,"Device","Device","Tesla V100-DGXS-32GB (0)","1","7","[CUDA memcpy DtoD]",5219,,,,
172563.356397,0.053341,,,,,,,,,,15.625000,286.061174,"Device","Device","Tesla V100-DGXS-32GB (0)","1","7","[CUDA memcpy DtoD]",5223,,,,
172563.413674,0.004160,,,,,,,,,,0.015625,3.667978,"Device","Device","Tesla V100-DGXS-32GB (0)","1","7","[CUDA memcpy DtoD]",5231,,,,
172563.420937,0.189176,,,,,,,,,,64.000000,330.380175,"Device","Device","Tesla V100-DGXS-32GB (0)","1","7","[CUDA memcpy DtoD]",5235,,,,
172563.614112,0.003968,,,,,,,,,,0.015625,3.845461,"Device","Device","Tesla V100-DGXS-32GB (0)","1","7","[CUDA memcpy DtoD]",5243,,,,
172563.621536,1.135913,,,,,,,,,,392.000000,337.008644,"Device","Device","Tesla V100-DGXS-32GB (0)","1","7","[CUDA memcpy DtoD]",5247,,,,
172564.761416,0.003585,,,,,,,,,,0.001953,0.532036,"Device","Device","Tesla V100-DGXS-32GB (0)","1","7","[CUDA memcpy DtoD]",5255,,,,
172564.768136,0.031359,,,,,,,,,,9.000000,280.272410,"Device","Device","Tesla V100-DGXS-32GB (0)","1","7","[CUDA memcpy DtoD]",5259,,,,
172564.803463,0.003423,,,,,,,,,,0.001953,0.557215,"Device","Device","Tesla V100-DGXS-32GB (0)","1","7","[CUDA memcpy DtoD]",5263,,,,
172564.810055,0.030622,,,,,,,,,,9.000000,287.017912,"Device","Device","Tesla V100-DGXS-32GB (0)","1","7","[CUDA memcpy DtoD]",5267,,,,
172564.844645,0.003519,,,,,,,,,,0.001953,0.542014,"Device","Device","Tesla V100-DGXS-32GB (0)","1","7","[CUDA memcpy DtoD]",5271,,,,
172564.851300,0.030431,,,,,,,,,,9.000000,288.819378,"Device","Device","Tesla V100-DGXS-32GB (0)","1","7","[CUDA memcpy DtoD]",5275,,,,
172564.885826,0.003425,,,,,,,,,,0.001953,0.556890,"Device","Device","Tesla V100-DGXS-32GB (0)","1","7","[CUDA memcpy DtoD]",5283,,,,
172564.892386,0.030495,,,,,,,,,,9.000000,288.213232,"Device","Device","Tesla V100-DGXS-32GB (0)","1","7","[CUDA memcpy DtoD]",5287,,,,
172564.926849,0.003520,,,,,,,,,,0.001953,0.541860,"Device","Device","Tesla V100-DGXS-32GB (0)","1","7","[CUDA memcpy DtoD]",5291,,,,
172564.933536,0.031199,,,,,,,,,,9.000000,281.709750,"Device","Device","Tesla V100-DGXS-32GB (0)","1","7","[CUDA memcpy DtoD]",5295,,,,
172564.968703,0.003839,,,,,,,,,,0.001953,0.496835,"Device","Device","Tesla V100-DGXS-32GB (0)","1","7","[CUDA memcpy DtoD]",5299,,,,
172564.975678,0.017856,,,,,,,,,,4.500000,246.109501,"Device","Device","Tesla V100-DGXS-32GB (0)","1","7","[CUDA memcpy DtoD]",5303,,,,
172564.997821,0.003264,,,,,,,,,,0.000977,0.292180,"Device","Device","Tesla V100-DGXS-32GB (0)","1","7","[CUDA memcpy DtoD]",5307,,,,
172565.004253,0.010847,,,,,,,,,,2.250000,202.568971,"Device","Device","Tesla V100-DGXS-32GB (0)","1","7","[CUDA memcpy DtoD]",5311,,,,
172565.019100,0.003840,,,,,,,,,,0.000977,0.248353,"Device","Device","Tesla V100-DGXS-32GB (0)","1","7","[CUDA memcpy DtoD]",5315,,,,
172565.026300,0.011359,,,,,,,,,,2.250000,193.438298,"Device","Device","Tesla V100-DGXS-32GB (0)","1","7","[CUDA memcpy DtoD]",5319,,,,
172565.040795,0.003232,,,,,,,,,,0.000977,0.295072,"Device","Device","Tesla V100-DGXS-32GB (0)","1","7","[CUDA memcpy DtoD]",5327,,,,
172565.047195,0.008063,,,,,,,,,,1.125000,136.256085,"Device","Device","Tesla V100-DGXS-32GB (0)","1","7","[CUDA memcpy DtoD]",5331,,,,
172565.059226,0.003072,,,,,,,,,,0.000488,0.155220,"Device","Device","Tesla V100-DGXS-32GB (0)","1","7","[CUDA memcpy DtoD]",5335,,,,
172565.065466,0.004895,,,,,,,,,,0.562500,112.219899,"Device","Device","Tesla V100-DGXS-32GB (0)","1","7","[CUDA memcpy DtoD]",5339,,,,
172565.073498,0.003071,,,,,,,,,,0.000488,0.155271,"Device","Device","Tesla V100-DGXS-32GB (0)","1","7","[CUDA memcpy DtoD]",5343,,,,
172565.079705,0.004288,,,,,,,,,,0.281250,64.052753,"Device","Device","Tesla V100-DGXS-32GB (0)","1","7","[CUDA memcpy DtoD]",5347,,,,
172565.087129,0.003072,,,,,,,,,,0.000244,0.077610,"Device","Device","Tesla V100-DGXS-32GB (0)","1","7","[CUDA memcpy DtoD]",5351,,,,
172565.093336,0.003712,,,,,,,,,,0.140625,36.995986,"Device","Device","Tesla V100-DGXS-32GB (0)","1","7","[CUDA memcpy DtoD]",5355,,,,
172565.100184,0.003360,,,,,,,,,,0.000244,0.070958,"Device","Device","Tesla V100-DGXS-32GB (0)","1","7","[CUDA memcpy DtoD]",5359,,,,
172565.106712,0.003264,,,,,,,,,,0.006592,1.972213,"Device","Device","Tesla V100-DGXS-32GB (0)","1","7","[CUDA memcpy DtoD]",5363,,,,
