"Start","Duration","Grid X","Grid Y","Grid Z","Block X","Block Y","Block Z","Registers Per Thread","Static SMem","Dynamic SMem","Size","Throughput","SrcMemType","DstMemType","Device","Context","Stream","Name","Correlation_ID","l2_tex_hit_rate"
ms,ms,,,,,,,,KB,KB,B,MB/s,,,,,,,,%
9669.747878,0.003776,197,1,1,256,1,1,16,0.000000,0.000000,,,,,"Tesla V100-DGXS-32GB (0)","1","7","void cask_cudnn::computeOffsetsKernel<bool=0, bool=0>(cask_cudnn::ComputeOffsetsParams)",1927,29.121880
10083.005478,0.763020,12544,1,1,128,1,1,128,16.000000,0.000000,,,,,"Tesla V100-DGXS-32GB (0)","1","7","volta_scudnn_128x64_relu_medium_nn_v1",1928,13.237141
10522.649988,1.000821,401408,1,1,64,1,1,22,0.000000,0.000000,,,,,"Tesla V100-DGXS-32GB (0)","1","7","void at::native::unrolled_elementwise_kernel<at::native::AddFunctor<float, float>, at::detail::Array<char*, int=3>, OffsetCalculator<int=2, unsigned int, bool=0>, OffsetCalculator<int=1, unsigned int, bool=0>, at::native::memory::LoadWithoutCast, at::native::memory::StoreWithoutCast>(int, float, float, at::native::AddFunctor<float, float>, char*, int=3, at::detail::Array<char*, int=3>)",1932,49.641514
10969.027575,1.000352,401408,1,1,64,1,1,18,0.000000,0.000000,,,,,"Tesla V100-DGXS-32GB (0)","1","7","_ZN2at6native29vectorized_elementwise_kernelILi4EZZZNS0_84_GLOBAL__N__60_tmpxft_00003bf5_00000000_13_TensorCompare_compute_86_cpp1_ii_d0af11f728clamp_min_scalar_kernel_implERNS_14TensorIteratorEN3c106ScalarEENKUlvE_clEvENKUlvE6_clEvEUlfE_NS_6detail5ArrayIPcLi2EEEEEviT0_T1_",1938,48.657382
11435.710122,0.003679,2,16,1,32,4,1,40,8.500000,0.000000,,,,,"Tesla V100-DGXS-32GB (0)","1","7","void cudnn::winograd::generateWinogradTilesKernel<int=0, float, float>(cudnn::winograd::GenerateWinogradTilesParams<float, float>)",1951,76.352163
11850.071448,5.590639,64,28,14,256,1,1,126,48.000000,0.000000,,,,,"Tesla V100-DGXS-32GB (0)","1","7","volta_scudnn_winograd_128x128_ldg1_ldg4_relu_tile148t_nt_v1",1953,73.696049
12320.472400,1.001530,401408,1,1,64,1,1,22,0.000000,0.000000,,,,,"Tesla V100-DGXS-32GB (0)","1","7","void at::native::unrolled_elementwise_kernel<at::native::AddFunctor<float, float>, at::detail::Array<char*, int=3>, OffsetCalculator<int=2, unsigned int, bool=0>, OffsetCalculator<int=1, unsigned int, bool=0>, at::native::memory::LoadWithoutCast, at::native::memory::StoreWithoutCast>(int, float, float, at::native::AddFunctor<float, float>, char*, int=3, at::detail::Array<char*, int=3>)",1957,49.644490
12775.065186,1.000245,401408,1,1,64,1,1,18,0.000000,0.000000,,,,,"Tesla V100-DGXS-32GB (0)","1","7","_ZN2at6native29vectorized_elementwise_kernelILi4EZZZNS0_84_GLOBAL__N__60_tmpxft_00003bf5_00000000_13_TensorCompare_compute_86_cpp1_ii_d0af11f728clamp_min_scalar_kernel_implERNS_14TensorIteratorEN3c106ScalarEENKUlvE_clEvENKUlvE6_clEvEUlfE_NS_6detail5ArrayIPcLi2EEEEEviT0_T1_",1963,48.577710
13217.866639,0.926008,100352,1,1,256,1,1,23,0.000000,0.000000,,,,,"Tesla V100-DGXS-32GB (0)","1","7","void at::native::_GLOBAL__N__63_tmpxft_00007dfa_00000000_13_DilatedMaxPool2d_compute_86_cpp1_ii_6258b574::max_pool_forward_nchw<float, float>(int, float const *, int, int, int, int, int, int, int, int, int, int, int, int, int, int, at::native::_GLOBAL__N__63_tmpxft_00007dfa_00000000_13_DilatedMaxPool2d_compute_86_cpp1_ii_6258b574::max_pool_forward_nchw<float, float>*, long*)",1972,6.451496
13657.249457,0.003816,4,16,1,32,4,1,40,8.500000,0.000000,,,,,"Tesla V100-DGXS-32GB (0)","1","7","void cudnn::winograd::generateWinogradTilesKernel<int=0, float, float>(cudnn::winograd::GenerateWinogradTilesParams<float, float>)",1984,79.161659
14075.275972,2.665389,128,14,7,256,1,1,126,48.000000,0.000000,,,,,"Tesla V100-DGXS-32GB (0)","1","7","volta_scudnn_winograd_128x128_ldg1_ldg4_relu_tile148t_nt_v1",1986,83.617047
14517.400475,0.503133,200704,1,1,64,1,1,22,0.000000,0.000000,,,,,"Tesla V100-DGXS-32GB (0)","1","7","void at::native::unrolled_elementwise_kernel<at::native::AddFunctor<float, float>, at::detail::Array<char*, int=3>, OffsetCalculator<int=2, unsigned int, bool=0>, OffsetCalculator<int=1, unsigned int, bool=0>, at::native::memory::LoadWithoutCast, at::native::memory::StoreWithoutCast>(int, float, float, at::native::AddFunctor<float, float>, char*, int=3, at::detail::Array<char*, int=3>)",1990,49.670117
14954.474658,0.502077,200704,1,1,64,1,1,18,0.000000,0.000000,,,,,"Tesla V100-DGXS-32GB (0)","1","7","_ZN2at6native29vectorized_elementwise_kernelILi4EZZZNS0_84_GLOBAL__N__60_tmpxft_00003bf5_00000000_13_TensorCompare_compute_86_cpp1_ii_d0af11f728clamp_min_scalar_kernel_implERNS_14TensorIteratorEN3c106ScalarEENKUlvE_clEvENKUlvE6_clEvEUlfE_NS_6detail5ArrayIPcLi2EEEEEviT0_T1_",1996,48.693194
15384.040703,1.016202,98,128,1,256,1,1,64,22.125000,0.000000,,,,,"Tesla V100-DGXS-32GB (0)","1","7","void cudnn::winograd_nonfused::winogradForwardData4x4<float, float>(cudnn::winograd_nonfused::WinogradDataParams<float, float>)",2009,33.673398
15831.998330,0.006816,4,16,1,32,8,1,32,9.000000,0.000000,,,,,"Tesla V100-DGXS-32GB (0)","1","7","void cudnn::winograd_nonfused::winogradForwardFilter4x4<float, float>(cudnn::winograd_nonfused::WinogradFilterParams<float, float>)",2010,64.609375
16254.382441,2.677725,784,1,36,256,1,1,57,16.000000,0.000000,,,,,"Tesla V100-DGXS-32GB (0)","1","7","volta_sgemm_32x128_nn",2018,59.466320
16715.228025,0.864506,98,128,1,256,1,1,64,16.250000,0.000000,,,,,"Tesla V100-DGXS-32GB (0)","1","7","void cudnn::winograd_nonfused::winogradForwardOutput4x4<float, float>(cudnn::winograd_nonfused::WinogradOutputParams<float, float>)",2020,15.056990
17143.539498,0.503000,200704,1,1,64,1,1,22,0.000000,0.000000,,,,,"Tesla V100-DGXS-32GB (0)","1","7","void at::native::unrolled_elementwise_kernel<at::native::AddFunctor<float, float>, at::detail::Array<char*, int=3>, OffsetCalculator<int=2, unsigned int, bool=0>, OffsetCalculator<int=1, unsigned int, bool=0>, at::native::memory::LoadWithoutCast, at::native::memory::StoreWithoutCast>(int, float, float, at::native::AddFunctor<float, float>, char*, int=3, at::detail::Array<char*, int=3>)",2025,47.501029
17577.133096,0.502194,200704,1,1,64,1,1,18,0.000000,0.000000,,,,,"Tesla V100-DGXS-32GB (0)","1","7","_ZN2at6native29vectorized_elementwise_kernelILi4EZZZNS0_84_GLOBAL__N__60_tmpxft_00003bf5_00000000_13_TensorCompare_compute_86_cpp1_ii_d0af11f728clamp_min_scalar_kernel_implERNS_14TensorIteratorEN3c106ScalarEENKUlvE_clEvENKUlvE6_clEvEUlfE_NS_6detail5ArrayIPcLi2EEEEEviT0_T1_",2031,46.383729
18001.521271,0.460024,50176,1,1,256,1,1,23,0.000000,0.000000,,,,,"Tesla V100-DGXS-32GB (0)","1","7","void at::native::_GLOBAL__N__63_tmpxft_00007dfa_00000000_13_DilatedMaxPool2d_compute_86_cpp1_ii_6258b574::max_pool_forward_nchw<float, float>(int, float const *, int, int, int, int, int, int, int, int, int, int, int, int, int, int, at::native::_GLOBAL__N__63_tmpxft_00007dfa_00000000_13_DilatedMaxPool2d_compute_86_cpp1_ii_6258b574::max_pool_forward_nchw<float, float>*, long*)",2040,3.933282
18431.804137,0.258150,32,128,1,256,1,1,64,22.125000,0.000000,,,,,"Tesla V100-DGXS-32GB (0)","1","7","void cudnn::winograd_nonfused::winogradForwardData4x4<float, float>(cudnn::winograd_nonfused::WinogradDataParams<float, float>)",2052,30.799197
18858.244151,0.009568,4,32,1,32,8,1,32,9.000000,0.000000,,,,,"Tesla V100-DGXS-32GB (0)","1","7","void cudnn::winograd_nonfused::winogradForwardFilter4x4<float, float>(cudnn::winograd_nonfused::WinogradFilterParams<float, float>)",2053,11.627604
19339.796160,1.339667,196,2,36,256,1,1,57,16.000000,0.000000,,,,,"Tesla V100-DGXS-32GB (0)","1","7","volta_sgemm_32x128_nn",2061,64.202971
19789.748443,0.452377,32,256,1,256,1,1,64,16.250000,0.000000,,,,,"Tesla V100-DGXS-32GB (0)","1","7","void cudnn::winograd_nonfused::winogradForwardOutput4x4<float, float>(cudnn::winograd_nonfused::WinogradOutputParams<float, float>)",2063,18.837567
20221.634036,0.254108,100352,1,1,64,1,1,22,0.000000,0.000000,,,,,"Tesla V100-DGXS-32GB (0)","1","7","void at::native::unrolled_elementwise_kernel<at::native::AddFunctor<float, float>, at::detail::Array<char*, int=3>, OffsetCalculator<int=2, unsigned int, bool=0>, OffsetCalculator<int=1, unsigned int, bool=0>, at::native::memory::LoadWithoutCast, at::native::memory::StoreWithoutCast>(int, float, float, at::native::AddFunctor<float, float>, char*, int=3, at::detail::Array<char*, int=3>)",2068,47.218506
20643.268366,0.252977,100352,1,1,64,1,1,18,0.000000,0.000000,,,,,"Tesla V100-DGXS-32GB (0)","1","7","_ZN2at6native29vectorized_elementwise_kernelILi4EZZZNS0_84_GLOBAL__N__60_tmpxft_00003bf5_00000000_13_TensorCompare_compute_86_cpp1_ii_d0af11f728clamp_min_scalar_kernel_implERNS_14TensorIteratorEN3c106ScalarEENKUlvE_clEvENKUlvE6_clEvEUlfE_NS_6detail5ArrayIPcLi2EEEEEviT0_T1_",2074,48.729472
21068.847019,0.508258,32,256,1,256,1,1,64,22.125000,0.000000,,,,,"Tesla V100-DGXS-32GB (0)","1","7","void cudnn::winograd_nonfused::winogradForwardData4x4<float, float>(cudnn::winograd_nonfused::WinogradDataParams<float, float>)",2087,30.741972
21503.379770,0.016255,8,32,1,32,8,1,32,9.000000,0.000000,,,,,"Tesla V100-DGXS-32GB (0)","1","7","void cudnn::winograd_nonfused::winogradForwardFilter4x4<float, float>(cudnn::winograd_nonfused::WinogradFilterParams<float, float>)",2088,0.000000
21917.650921,2.556375,196,2,36,256,1,1,57,16.000000,0.000000,,,,,"Tesla V100-DGXS-32GB (0)","1","7","volta_sgemm_32x128_nn",2096,71.706770
22354.380725,0.444041,32,256,1,256,1,1,64,16.250000,0.000000,,,,,"Tesla V100-DGXS-32GB (0)","1","7","void cudnn::winograd_nonfused::winogradForwardOutput4x4<float, float>(cudnn::winograd_nonfused::WinogradOutputParams<float, float>)",2098,19.130909
22773.741811,0.254225,100352,1,1,64,1,1,22,0.000000,0.000000,,,,,"Tesla V100-DGXS-32GB (0)","1","7","void at::native::unrolled_elementwise_kernel<at::native::AddFunctor<float, float>, at::detail::Array<char*, int=3>, OffsetCalculator<int=2, unsigned int, bool=0>, OffsetCalculator<int=1, unsigned int, bool=0>, at::native::memory::LoadWithoutCast, at::native::memory::StoreWithoutCast>(int, float, float, at::native::AddFunctor<float, float>, char*, int=3, at::detail::Array<char*, int=3>)",2103,49.691667
23198.602619,0.252876,100352,1,1,64,1,1,18,0.000000,0.000000,,,,,"Tesla V100-DGXS-32GB (0)","1","7","_ZN2at6native29vectorized_elementwise_kernelILi4EZZZNS0_84_GLOBAL__N__60_tmpxft_00003bf5_00000000_13_TensorCompare_compute_86_cpp1_ii_d0af11f728clamp_min_scalar_kernel_implERNS_14TensorIteratorEN3c106ScalarEENKUlvE_clEvENKUlvE6_clEvEUlfE_NS_6detail5ArrayIPcLi2EEEEEviT0_T1_",2109,48.642404
23625.175304,0.510887,32,256,1,256,1,1,64,22.125000,0.000000,,,,,"Tesla V100-DGXS-32GB (0)","1","7","void cudnn::winograd_nonfused::winogradForwardData4x4<float, float>(cudnn::winograd_nonfused::WinogradDataParams<float, float>)",2122,29.655005
24056.861476,0.016655,8,32,1,32,8,1,32,9.000000,0.000000,,,,,"Tesla V100-DGXS-32GB (0)","1","7","void cudnn::winograd_nonfused::winogradForwardFilter4x4<float, float>(cudnn::winograd_nonfused::WinogradFilterParams<float, float>)",2123,0.211589
24474.810329,2.556615,196,2,36,256,1,1,57,16.000000,0.000000,,,,,"Tesla V100-DGXS-32GB (0)","1","7","volta_sgemm_32x128_nn",2131,72.007241
24905.148362,0.439982,32,256,1,256,1,1,64,16.250000,0.000000,,,,,"Tesla V100-DGXS-32GB (0)","1","7","void cudnn::winograd_nonfused::winogradForwardOutput4x4<float, float>(cudnn::winograd_nonfused::WinogradOutputParams<float, float>)",2133,19.106418
25331.688663,0.254075,100352,1,1,64,1,1,22,0.000000,0.000000,,,,,"Tesla V100-DGXS-32GB (0)","1","7","void at::native::unrolled_elementwise_kernel<at::native::AddFunctor<float, float>, at::detail::Array<char*, int=3>, OffsetCalculator<int=2, unsigned int, bool=0>, OffsetCalculator<int=1, unsigned int, bool=0>, at::native::memory::LoadWithoutCast, at::native::memory::StoreWithoutCast>(int, float, float, at::native::AddFunctor<float, float>, char*, int=3, at::detail::Array<char*, int=3>)",2138,47.395424
25756.755484,0.252908,100352,1,1,64,1,1,18,0.000000,0.000000,,,,,"Tesla V100-DGXS-32GB (0)","1","7","_ZN2at6native29vectorized_elementwise_kernelILi4EZZZNS0_84_GLOBAL__N__60_tmpxft_00003bf5_00000000_13_TensorCompare_compute_86_cpp1_ii_d0af11f728clamp_min_scalar_kernel_implERNS_14TensorIteratorEN3c106ScalarEENKUlvE_clEvENKUlvE6_clEvEUlfE_NS_6detail5ArrayIPcLi2EEEEEviT0_T1_",2144,48.546180
26188.202939,0.232215,25088,1,1,256,1,1,23,0.000000,0.000000,,,,,"Tesla V100-DGXS-32GB (0)","1","7","void at::native::_GLOBAL__N__63_tmpxft_00007dfa_00000000_13_DilatedMaxPool2d_compute_86_cpp1_ii_6258b574::max_pool_forward_nchw<float, float>(int, float const *, int, int, int, int, int, int, int, int, int, int, int, int, int, int, at::native::_GLOBAL__N__63_tmpxft_00007dfa_00000000_13_DilatedMaxPool2d_compute_86_cpp1_ii_6258b574::max_pool_forward_nchw<float, float>*, long*)",2153,9.378837
26608.646793,0.127293,8,256,1,256,1,1,64,22.125000,0.000000,,,,,"Tesla V100-DGXS-32GB (0)","1","7","void cudnn::winograd_nonfused::winogradForwardData4x4<float, float>(cudnn::winograd_nonfused::WinogradDataParams<float, float>)",2165,38.577464
27029.164245,0.035247,8,64,1,32,8,1,32,9.000000,0.000000,,,,,"Tesla V100-DGXS-32GB (0)","1","7","void cudnn::winograd_nonfused::winogradForwardFilter4x4<float, float>(cudnn::winograd_nonfused::WinogradFilterParams<float, float>)",2166,0.098741
27450.415286,1.268924,49,4,36,256,1,1,57,16.000000,0.000000,,,,,"Tesla V100-DGXS-32GB (0)","1","7","volta_sgemm_32x128_nn",2174,85.241102
27875.380860,0.268928,8,512,1,256,1,1,64,16.250000,0.000000,,,,,"Tesla V100-DGXS-32GB (0)","1","7","void cudnn::winograd_nonfused::winogradForwardOutput4x4<float, float>(cudnn::winograd_nonfused::WinogradOutputParams<float, float>)",2176,19.974420
28295.428848,0.129619,50176,1,1,64,1,1,22,0.000000,0.000000,,,,,"Tesla V100-DGXS-32GB (0)","1","7","void at::native::unrolled_elementwise_kernel<at::native::AddFunctor<float, float>, at::detail::Array<char*, int=3>, OffsetCalculator<int=2, unsigned int, bool=0>, OffsetCalculator<int=1, unsigned int, bool=0>, at::native::memory::LoadWithoutCast, at::native::memory::StoreWithoutCast>(int, float, float, at::native::AddFunctor<float, float>, char*, int=3, at::detail::Array<char*, int=3>)",2181,49.813707
28710.911915,0.128334,50176,1,1,64,1,1,18,0.000000,0.000000,,,,,"Tesla V100-DGXS-32GB (0)","1","7","_ZN2at6native29vectorized_elementwise_kernelILi4EZZZNS0_84_GLOBAL__N__60_tmpxft_00003bf5_00000000_13_TensorCompare_compute_86_cpp1_ii_d0af11f728clamp_min_scalar_kernel_implERNS_14TensorIteratorEN3c106ScalarEENKUlvE_clEvENKUlvE6_clEvEUlfE_NS_6detail5ArrayIPcLi2EEEEEviT0_T1_",2187,48.573770
29136.530759,0.246241,8,512,1,256,1,1,64,22.125000,0.000000,,,,,"Tesla V100-DGXS-32GB (0)","1","7","void cudnn::winograd_nonfused::winogradForwardData4x4<float, float>(cudnn::winograd_nonfused::WinogradDataParams<float, float>)",2200,39.203589
29563.074804,0.067865,16,64,1,32,8,1,32,9.000000,0.000000,,,,,"Tesla V100-DGXS-32GB (0)","1","7","void cudnn::winograd_nonfused::winogradForwardFilter4x4<float, float>(cudnn::winograd_nonfused::WinogradFilterParams<float, float>)",2201,0.000000
29978.562768,2.478208,49,4,36,256,1,1,57,16.000000,0.000000,,,,,"Tesla V100-DGXS-32GB (0)","1","7","volta_sgemm_32x128_nn",2209,86.833864
30408.460808,0.262668,8,512,1,256,1,1,64,16.250000,0.000000,,,,,"Tesla V100-DGXS-32GB (0)","1","7","void cudnn::winograd_nonfused::winogradForwardOutput4x4<float, float>(cudnn::winograd_nonfused::WinogradOutputParams<float, float>)",2211,19.919427
30826.516732,0.130899,50176,1,1,64,1,1,22,0.000000,0.000000,,,,,"Tesla V100-DGXS-32GB (0)","1","7","void at::native::unrolled_elementwise_kernel<at::native::AddFunctor<float, float>, at::detail::Array<char*, int=3>, OffsetCalculator<int=2, unsigned int, bool=0>, OffsetCalculator<int=1, unsigned int, bool=0>, at::native::memory::LoadWithoutCast, at::native::memory::StoreWithoutCast>(int, float, float, at::native::AddFunctor<float, float>, char*, int=3, at::detail::Array<char*, int=3>)",2216,49.778855
31242.158069,0.128371,50176,1,1,64,1,1,18,0.000000,0.000000,,,,,"Tesla V100-DGXS-32GB (0)","1","7","_ZN2at6native29vectorized_elementwise_kernelILi4EZZZNS0_84_GLOBAL__N__60_tmpxft_00003bf5_00000000_13_TensorCompare_compute_86_cpp1_ii_d0af11f728clamp_min_scalar_kernel_implERNS_14TensorIteratorEN3c106ScalarEENKUlvE_clEvENKUlvE6_clEvEUlfE_NS_6detail5ArrayIPcLi2EEEEEviT0_T1_",2222,48.651870
31664.296872,0.250113,8,512,1,256,1,1,64,22.125000,0.000000,,,,,"Tesla V100-DGXS-32GB (0)","1","7","void cudnn::winograd_nonfused::winogradForwardData4x4<float, float>(cudnn::winograd_nonfused::WinogradDataParams<float, float>)",2235,38.606450
32089.851685,0.068308,16,64,1,32,8,1,32,9.000000,0.000000,,,,,"Tesla V100-DGXS-32GB (0)","1","7","void cudnn::winograd_nonfused::winogradForwardFilter4x4<float, float>(cudnn::winograd_nonfused::WinogradFilterParams<float, float>)",2236,0.000000
32505.453279,2.478009,49,4,36,256,1,1,57,16.000000,0.000000,,,,,"Tesla V100-DGXS-32GB (0)","1","7","volta_sgemm_32x128_nn",2244,86.677160
32936.934110,0.265819,8,512,1,256,1,1,64,16.250000,0.000000,,,,,"Tesla V100-DGXS-32GB (0)","1","7","void cudnn::winograd_nonfused::winogradForwardOutput4x4<float, float>(cudnn::winograd_nonfused::WinogradOutputParams<float, float>)",2246,19.721560
33366.670744,0.130029,50176,1,1,64,1,1,22,0.000000,0.000000,,,,,"Tesla V100-DGXS-32GB (0)","1","7","void at::native::unrolled_elementwise_kernel<at::native::AddFunctor<float, float>, at::detail::Array<char*, int=3>, OffsetCalculator<int=2, unsigned int, bool=0>, OffsetCalculator<int=1, unsigned int, bool=0>, at::native::memory::LoadWithoutCast, at::native::memory::StoreWithoutCast>(int, float, float, at::native::AddFunctor<float, float>, char*, int=3, at::detail::Array<char*, int=3>)",2251,46.965507
33786.314002,0.128403,50176,1,1,64,1,1,18,0.000000,0.000000,,,,,"Tesla V100-DGXS-32GB (0)","1","7","_ZN2at6native29vectorized_elementwise_kernelILi4EZZZNS0_84_GLOBAL__N__60_tmpxft_00003bf5_00000000_13_TensorCompare_compute_86_cpp1_ii_d0af11f728clamp_min_scalar_kernel_implERNS_14TensorIteratorEN3c106ScalarEENKUlvE_clEvENKUlvE6_clEvEUlfE_NS_6detail5ArrayIPcLi2EEEEEviT0_T1_",2257,45.506691
34215.399992,0.118617,12544,1,1,256,1,1,23,0.000000,0.000000,,,,,"Tesla V100-DGXS-32GB (0)","1","7","void at::native::_GLOBAL__N__63_tmpxft_00007dfa_00000000_13_DilatedMaxPool2d_compute_86_cpp1_ii_6258b574::max_pool_forward_nchw<float, float>(int, float const *, int, int, int, int, int, int, int, int, int, int, int, int, int, int, at::native::_GLOBAL__N__63_tmpxft_00007dfa_00000000_13_DilatedMaxPool2d_compute_86_cpp1_ii_6258b574::max_pool_forward_nchw<float, float>*, long*)",2266,13.102654
34634.458843,0.073689,2,512,1,256,1,1,64,22.125000,0.000000,,,,,"Tesla V100-DGXS-32GB (0)","1","7","void cudnn::winograd_nonfused::winogradForwardData4x4<float, float>(cudnn::winograd_nonfused::WinogradDataParams<float, float>)",2278,5.118727
35058.003191,0.068158,16,64,1,32,8,1,32,9.000000,0.000000,,,,,"Tesla V100-DGXS-32GB (0)","1","7","void cudnn::winograd_nonfused::winogradForwardFilter4x4<float, float>(cudnn::winograd_nonfused::WinogradFilterParams<float, float>)",2279,0.098470
35480.360295,0.854562,8,8,36,64,1,1,126,8.250000,0.000000,,,,,"Tesla V100-DGXS-32GB (0)","1","7","volta_sgemm_64x64_nn",2287,72.390660
35903.608712,0.073550,2,512,1,256,1,1,64,16.250000,0.000000,,,,,"Tesla V100-DGXS-32GB (0)","1","7","void cudnn::winograd_nonfused::winogradForwardOutput4x4<float, float>(cudnn::winograd_nonfused::WinogradOutputParams<float, float>)",2289,13.941833
36316.569771,0.036244,12544,1,1,64,1,1,22,0.000000,0.000000,,,,,"Tesla V100-DGXS-32GB (0)","1","7","void at::native::unrolled_elementwise_kernel<at::native::AddFunctor<float, float>, at::detail::Array<char*, int=3>, OffsetCalculator<int=2, unsigned int, bool=0>, OffsetCalculator<int=1, unsigned int, bool=0>, at::native::memory::LoadWithoutCast, at::native::memory::StoreWithoutCast>(int, float, float, at::native::AddFunctor<float, float>, char*, int=3, at::detail::Array<char*, int=3>)",2294,50.047663
36737.417491,0.034932,12544,1,1,64,1,1,18,0.000000,0.000000,,,,,"Tesla V100-DGXS-32GB (0)","1","7","_ZN2at6native29vectorized_elementwise_kernelILi4EZZZNS0_84_GLOBAL__N__60_tmpxft_00003bf5_00000000_13_TensorCompare_compute_86_cpp1_ii_d0af11f728clamp_min_scalar_kernel_implERNS_14TensorIteratorEN3c106ScalarEENKUlvE_clEvENKUlvE6_clEvEUlfE_NS_6detail5ArrayIPcLi2EEEEEviT0_T1_",2300,48.666693
37145.097834,0.075305,2,512,1,256,1,1,64,22.125000,0.000000,,,,,"Tesla V100-DGXS-32GB (0)","1","7","void cudnn::winograd_nonfused::winogradForwardData4x4<float, float>(cudnn::winograd_nonfused::WinogradDataParams<float, float>)",2313,5.054366
37562.339754,0.067844,16,64,1,32,8,1,32,9.000000,0.000000,,,,,"Tesla V100-DGXS-32GB (0)","1","7","void cudnn::winograd_nonfused::winogradForwardFilter4x4<float, float>(cudnn::winograd_nonfused::WinogradFilterParams<float, float>)",2314,0.087348
37980.597658,0.853434,8,8,36,64,1,1,126,8.250000,0.000000,,,,,"Tesla V100-DGXS-32GB (0)","1","7","volta_sgemm_64x64_nn",2322,70.979223
38403.292612,0.073967,2,512,1,256,1,1,64,16.250000,0.000000,,,,,"Tesla V100-DGXS-32GB (0)","1","7","void cudnn::winograd_nonfused::winogradForwardOutput4x4<float, float>(cudnn::winograd_nonfused::WinogradOutputParams<float, float>)",2324,13.942566
38821.315320,0.036682,12544,1,1,64,1,1,22,0.000000,0.000000,,,,,"Tesla V100-DGXS-32GB (0)","1","7","void at::native::unrolled_elementwise_kernel<at::native::AddFunctor<float, float>, at::detail::Array<char*, int=3>, OffsetCalculator<int=2, unsigned int, bool=0>, OffsetCalculator<int=1, unsigned int, bool=0>, at::native::memory::LoadWithoutCast, at::native::memory::StoreWithoutCast>(int, float, float, at::native::AddFunctor<float, float>, char*, int=3, at::detail::Array<char*, int=3>)",2329,50.006313
39229.963808,0.034767,12544,1,1,64,1,1,18,0.000000,0.000000,,,,,"Tesla V100-DGXS-32GB (0)","1","7","_ZN2at6native29vectorized_elementwise_kernelILi4EZZZNS0_84_GLOBAL__N__60_tmpxft_00003bf5_00000000_13_TensorCompare_compute_86_cpp1_ii_d0af11f728clamp_min_scalar_kernel_implERNS_14TensorIteratorEN3c106ScalarEENKUlvE_clEvENKUlvE6_clEvEUlfE_NS_6detail5ArrayIPcLi2EEEEEviT0_T1_",2335,42.994161
39649.254143,0.074799,2,512,1,256,1,1,64,22.125000,0.000000,,,,,"Tesla V100-DGXS-32GB (0)","1","7","void cudnn::winograd_nonfused::winogradForwardData4x4<float, float>(cudnn::winograd_nonfused::WinogradDataParams<float, float>)",2348,5.135228
40069.693133,0.069366,16,64,1,32,8,1,32,9.000000,0.000000,,,,,"Tesla V100-DGXS-32GB (0)","1","7","void cudnn::winograd_nonfused::winogradForwardFilter4x4<float, float>(cudnn::winograd_nonfused::WinogradFilterParams<float, float>)",2349,0.000000
40484.192376,0.853138,8,8,36,64,1,1,126,8.250000,0.000000,,,,,"Tesla V100-DGXS-32GB (0)","1","7","volta_sgemm_64x64_nn",2357,72.671093
40899.525559,0.073294,2,512,1,256,1,1,64,16.250000,0.000000,,,,,"Tesla V100-DGXS-32GB (0)","1","7","void cudnn::winograd_nonfused::winogradForwardOutput4x4<float, float>(cudnn::winograd_nonfused::WinogradOutputParams<float, float>)",2359,13.941711
41314.744663,0.036543,12544,1,1,64,1,1,22,0.000000,0.000000,,,,,"Tesla V100-DGXS-32GB (0)","1","7","void at::native::unrolled_elementwise_kernel<at::native::AddFunctor<float, float>, at::detail::Array<char*, int=3>, OffsetCalculator<int=2, unsigned int, bool=0>, OffsetCalculator<int=1, unsigned int, bool=0>, at::native::memory::LoadWithoutCast, at::native::memory::StoreWithoutCast>(int, float, float, at::native::AddFunctor<float, float>, char*, int=3, at::detail::Array<char*, int=3>)",2364,49.945966
41735.917944,0.034890,12544,1,1,64,1,1,18,0.000000,0.000000,,,,,"Tesla V100-DGXS-32GB (0)","1","7","_ZN2at6native29vectorized_elementwise_kernelILi4EZZZNS0_84_GLOBAL__N__60_tmpxft_00003bf5_00000000_13_TensorCompare_compute_86_cpp1_ii_d0af11f728clamp_min_scalar_kernel_implERNS_14TensorIteratorEN3c106ScalarEENKUlvE_clEvENKUlvE6_clEvEUlfE_NS_6detail5ArrayIPcLi2EEEEEviT0_T1_",2370,48.596939
42147.903788,0.035412,3136,1,1,256,1,1,23,0.000000,0.000000,,,,,"Tesla V100-DGXS-32GB (0)","1","7","void at::native::_GLOBAL__N__63_tmpxft_00007dfa_00000000_13_DilatedMaxPool2d_compute_86_cpp1_ii_6258b574::max_pool_forward_nchw<float, float>(int, float const *, int, int, int, int, int, int, int, int, int, int, int, int, int, int, at::native::_GLOBAL__N__63_tmpxft_00007dfa_00000000_13_DilatedMaxPool2d_compute_86_cpp1_ii_6258b574::max_pool_forward_nchw<float, float>*, long*)",2379,20.404774
42565.675043,0.101662,16384,1,1,32,8,1,40,0.000000,0.000000,,,,,"Tesla V100-DGXS-32GB (0)","1","7","void at::native::_GLOBAL__N__69_tmpxft_0000539c_00000000_13_AdaptiveAveragePooling_compute_86_cpp1_ii_eb1948c3::adaptive_average_pool<float>(float*, float, int, int, int, int, long, long, long)",2391,68.100020
42975.151646,0.005184,512,1,1,64,1,1,20,0.000000,0.000000,,,,,"Tesla V100-DGXS-32GB (0)","1","7","_ZN2at6native27unrolled_elementwise_kernelIZZZNS0_21copy_device_to_deviceERNS_14TensorIteratorEbENKUlvE1_clEvENKUlvE6_clEvEUlfE_NS_6detail5ArrayIPcLi2EEE16OffsetCalculatorILi1EjLb0EESC_NS0_6memory15LoadWithoutCastENSD_16StoreWithoutCastEEEviT_T0_T1_T2_T3_T4_",2398,100.000000
43364.445128,0.002112,,,,,,,,,,128,57.798443,"Device",,"Tesla V100-DGXS-32GB (0)","1","7","[CUDA memset]",2407,
43390.447869,0.762772,32,1,5,256,1,1,134,42.000000,0.000000,,,,,"Tesla V100-DGXS-32GB (0)","1","7","volta_sgemm_128x32_sliced1x4_tn",2409,33.072507
43813.261207,0.004021,512,1,1,64,1,1,18,0.000000,0.000000,,,,,"Tesla V100-DGXS-32GB (0)","1","7","_ZN2at6native29vectorized_elementwise_kernelILi4EZZZNS0_84_GLOBAL__N__60_tmpxft_00003bf5_00000000_13_TensorCompare_compute_86_cpp1_ii_d0af11f728clamp_min_scalar_kernel_implERNS_14TensorIteratorEN3c106ScalarEENKUlvE_clEvENKUlvE6_clEvEUlfE_NS_6detail5ArrayIPcLi2EEEEEviT0_T1_",2417,100.000000
44217.388737,0.006496,512,1,1,256,1,1,46,0.000000,0.000000,,,,,"Tesla V100-DGXS-32GB (0)","1","7","void at::native::_GLOBAL__N__54_tmpxft_000083c5_00000000_13_Dropout_compute_86_cpp1_ii_dfc8fc1b::fused_dropout_kernel_vec<float, float, unsigned int, int=1, int=4>(at::cuda::detail::TensorInfo<float, unsigned int>, unsigned int, at::cuda::detail<bool, float>, float, float, at::cuda::detail<bool, float>, at::PhiloxCudaState)",2444,31.087240
44631.987176,0.005231,512,1,1,64,1,1,20,0.000000,0.000000,,,,,"Tesla V100-DGXS-32GB (0)","1","7","_ZN2at6native27unrolled_elementwise_kernelIZZZNS0_21copy_device_to_deviceERNS_14TensorIteratorEbENKUlvE1_clEvENKUlvE6_clEvEUlfE_NS_6detail5ArrayIPcLi2EEE16OffsetCalculatorILi1EjLb0EESC_NS0_6memory15LoadWithoutCastENSD_16StoreWithoutCastEEEviT_T0_T1_T2_T3_T4_",2451,97.297297
45019.340665,0.002208,,,,,,,,,,128,55.285467,"Device",,"Tesla V100-DGXS-32GB (0)","1","7","[CUDA memset]",2460,
45044.604237,0.141267,32,1,5,256,1,1,134,42.000000,0.000000,,,,,"Tesla V100-DGXS-32GB (0)","1","7","volta_sgemm_128x32_sliced1x4_tn",2462,33.838119
45449.929541,0.003973,512,1,1,64,1,1,18,0.000000,0.000000,,,,,"Tesla V100-DGXS-32GB (0)","1","7","_ZN2at6native29vectorized_elementwise_kernelILi4EZZZNS0_84_GLOBAL__N__60_tmpxft_00003bf5_00000000_13_TensorCompare_compute_86_cpp1_ii_d0af11f728clamp_min_scalar_kernel_implERNS_14TensorIteratorEN3c106ScalarEENKUlvE_clEvENKUlvE6_clEvEUlfE_NS_6detail5ArrayIPcLi2EEEEEviT0_T1_",2470,50.000000
45857.965490,0.005397,512,1,1,256,1,1,46,0.000000,0.000000,,,,,"Tesla V100-DGXS-32GB (0)","1","7","void at::native::_GLOBAL__N__54_tmpxft_000083c5_00000000_13_Dropout_compute_86_cpp1_ii_dfc8fc1b::fused_dropout_kernel_vec<float, float, unsigned int, int=1, int=4>(at::cuda::detail::TensorInfo<float, unsigned int>, unsigned int, at::cuda::detail<bool, float>, float, float, at::cuda::detail<bool, float>, at::PhiloxCudaState)",2497,100.000000
46267.378506,0.004416,125,1,1,64,1,1,20,0.000000,0.000000,,,,,"Tesla V100-DGXS-32GB (0)","1","7","_ZN2at6native27unrolled_elementwise_kernelIZZZNS0_21copy_device_to_deviceERNS_14TensorIteratorEbENKUlvE1_clEvENKUlvE6_clEvEUlfE_NS_6detail5ArrayIPcLi2EEE16OffsetCalculatorILi1EjLb0EESC_NS0_6memory15LoadWithoutCastENSD_16StoreWithoutCastEEEviT_T0_T1_T2_T3_T4_",2504,98.700000
46689.340734,0.047466,16,1,5,256,1,1,82,26.000000,0.000000,,,,,"Tesla V100-DGXS-32GB (0)","1","7","volta_sgemm_64x32_sliced1x4_tn",2513,39.238461
47099.030961,0.004184,32,2,1,32,16,1,40,0.000000,0.000000,,,,,"Tesla V100-DGXS-32GB (0)","1","7","void splitKreduce_kernel<float, float, float, float, bool=1, bool=0, bool=0>(cublasSplitKParams<float>, float const *, float const *, float*, float const *, float const *, float const *, float const *, float*, void*, long, float*, int*)",2515,25.257143
47519.187329,0.005397,8,1,1,32,4,1,80,0.000000,0.000000,,,,,"Tesla V100-DGXS-32GB (0)","1","7","void _GLOBAL__N__54_tmpxft_00008025_00000000_13_SoftMax_compute_86_cpp1_ii_a3310042::softmax_warp_forward<float, float, float, int=10, bool=1>(float*, float const *, int, int, int)",2528,100.000000
47934.601627,0.003744,1,1,1,32,1,1,34,0.250000,0.000000,,,,,"Tesla V100-DGXS-32GB (0)","1","7","void at::native::_GLOBAL__N__51_tmpxft_0000087b_00000000_13_Loss_compute_86_cpp1_ii_5c69dde6::nll_loss_forward_reduce_cuda_kernel_2d<float, float, long>(float*, float, float, long*, float, bool, int, int, int, long)",2547,23.809524
50348.678078,0.003648,,,,,,,,,,4,1.045695,"Device","Pageable","Tesla V100-DGXS-32GB (0)","1","7","[CUDA memcpy DtoH]",2785,
50349.017849,0.001888,,,,,,,,,,4,2.020496,"Device","Pageable","Tesla V100-DGXS-32GB (0)","1","7","[CUDA memcpy DtoH]",2792,
50383.193541,0.002806,1,1,1,64,1,1,16,0.000000,0.000000,,,,,"Tesla V100-DGXS-32GB (0)","1","7","void at::native::vectorized_elementwise_kernel<int=4, at::native::FillFunctor<float>, at::detail::Array<char*, int=1>>(int, float, at::native::FillFunctor<float>)",2805,100.000000
50814.476208,0.003007,125,1,1,64,1,1,16,0.000000,0.000000,,,,,"Tesla V100-DGXS-32GB (0)","1","7","void at::native::vectorized_elementwise_kernel<int=4, at::native::FillFunctor<float>, at::detail::Array<char*, int=1>>(int, float, at::native::FillFunctor<float>)",2820,100.000000
51238.296497,0.003600,1,1,1,32,1,1,32,0.000000,0.000000,,,,,"Tesla V100-DGXS-32GB (0)","1","7","void at::native::_GLOBAL__N__51_tmpxft_0000087b_00000000_13_Loss_compute_86_cpp1_ii_5c69dde6::nll_loss_backward_reduce_cuda_kernel_2d<float, long>(float*, float, long*, float, float, bool, int, int, int, long)",2825,23.809524
51649.070335,0.006261,8,1,1,32,4,1,109,0.000000,0.000000,,,,,"Tesla V100-DGXS-32GB (0)","1","7","void _GLOBAL__N__54_tmpxft_00008025_00000000_13_SoftMax_compute_86_cpp1_ii_a3310042::softmax_warp_backward<float, float, float, int=10, bool=1>(float*, float const *, float const , int, int, int)",2836,41.866667
52038.856372,0.002369,,,,,,,,,,128,51.528202,"Device",,"Tesla V100-DGXS-32GB (0)","1","7","[CUDA memset]",2848,
52064.609026,0.049002,32,1,4,256,1,1,134,41.000000,0.000000,,,,,"Tesla V100-DGXS-32GB (0)","1","7","volta_sgemm_128x32_sliced1x4_nn",2850,30.484149
52489.837646,0.035269,32,32,1,256,1,1,57,16.000000,0.000000,,,,,"Tesla V100-DGXS-32GB (0)","1","7","volta_sgemm_128x32_nt",2860,51.100600
52892.037761,0.007253,2,1,1,32,4,1,50,0.015625,0.000000,,,,,"Tesla V100-DGXS-32GB (0)","1","7","_ZN2at6native13reduce_kernelILi128ELi4ENS0_8ReduceOpIfNS0_14func_wrapper_tIfZNS0_11sum_functorIfffEclERNS_14TensorIteratorEEUlffE_EEjfLi4EEEEEvT1_",2871,97.222222
53298.799917,0.003120,4,1,1,64,1,1,20,0.000000,0.000000,,,,,"Tesla V100-DGXS-32GB (0)","1","7","void at::native::vectorized_elementwise_kernel<int=4, at::native::AddFunctor<float, float>, at::detail::Array<char*, int=3>>(int, float, float)",2878,33.333333
53716.052277,0.063796,16000,1,1,64,1,1,20,0.000000,0.000000,,,,,"Tesla V100-DGXS-32GB (0)","1","7","void at::native::vectorized_elementwise_kernel<int=4, at::native::AddFunctor<float, float>, at::detail::Array<char*, int=3>>(int, float, float)",2887,12.841667
54140.737737,0.004069,512,1,1,64,1,1,21,0.000000,0.000000,,,,,"Tesla V100-DGXS-32GB (0)","1","7","_ZN2at6native29vectorized_elementwise_kernelILi4EZNS0_78_GLOBAL__N__54_tmpxft_000083c5_00000000_13_Dropout_compute_86_cpp1_ii_dfc8fc1b19masked_scale_kernelIffEEvRNS_6TensorERKS4_S7_T0_EUlfbE_NS_6detail5ArrayIPcLi3EEEEEviS8_T1_",2897,55.555556
54554.189357,0.004096,512,1,1,64,1,1,20,0.000000,0.000000,,,,,"Tesla V100-DGXS-32GB (0)","1","7","_ZN2at6native29vectorized_elementwise_kernelILi4EZNS0_21threshold_kernel_implIfEEvRNS_18TensorIteratorBaseET_S5_EUlffE_NS_6detail5ArrayIPcLi3EEEEEviT0_T1_",2905,66.666667
54942.217598,0.002144,,,,,,,,,,128,56.935780,"Device",,"Tesla V100-DGXS-32GB (0)","1","7","[CUDA memset]",2917,
54968.042826,0.121859,32,1,5,256,1,1,134,41.000000,0.000000,,,,,"Tesla V100-DGXS-32GB (0)","1","7","volta_sgemm_128x32_sliced1x4_nn",2919,23.003300
55374.074626,0.106489,32,64,1,128,1,1,122,12.000000,0.000000,,,,,"Tesla V100-DGXS-32GB (0)","1","7","volta_sgemm_128x64_nt",2929,40.639577
55818.894619,0.007247,8,1,1,32,4,1,50,0.015625,0.000000,,,,,"Tesla V100-DGXS-32GB (0)","1","7","_ZN2at6native13reduce_kernelILi128ELi4ENS0_8ReduceOpIfNS0_14func_wrapper_tIfZNS0_11sum_functorIfffEclERNS_14TensorIteratorEEUlffE_EEjfLi4EEEEEvT1_",2940,11.111111
56233.209713,0.003136,16,1,1,64,1,1,20,0.000000,0.000000,,,,,"Tesla V100-DGXS-32GB (0)","1","7","void at::native::vectorized_elementwise_kernel<int=4, at::native::AddFunctor<float, float>, at::detail::Array<char*, int=3>>(int, float, float)",2947,33.333333
56649.931394,0.249948,65536,1,1,64,1,1,20,0.000000,0.000000,,,,,"Tesla V100-DGXS-32GB (0)","1","7","void at::native::vectorized_elementwise_kernel<int=4, at::native::AddFunctor<float, float>, at::detail::Array<char*, int=3>>(int, float, float)",2956,11.132812
57095.448369,0.004053,512,1,1,64,1,1,21,0.000000,0.000000,,,,,"Tesla V100-DGXS-32GB (0)","1","7","_ZN2at6native29vectorized_elementwise_kernelILi4EZNS0_78_GLOBAL__N__54_tmpxft_000083c5_00000000_13_Dropout_compute_86_cpp1_ii_dfc8fc1b19masked_scale_kernelIffEEvRNS_6TensorERKS4_S7_T0_EUlfbE_NS_6detail5ArrayIPcLi3EEEEEviS8_T1_",2966,88.888889
57533.044859,0.004088,512,1,1,64,1,1,20,0.000000,0.000000,,,,,"Tesla V100-DGXS-32GB (0)","1","7","_ZN2at6native29vectorized_elementwise_kernelILi4EZNS0_21threshold_kernel_implIfEEvRNS_18TensorIteratorBaseET_S5_EUlffE_NS_6detail5ArrayIPcLi3EEEEEviT0_T1_",2974,33.333333
57918.891499,0.002176,,,,,,,,,,784,343.603246,"Device",,"Tesla V100-DGXS-32GB (0)","1","7","[CUDA memset]",2986,
57944.098180,0.604859,196,1,2,256,1,1,134,41.000000,0.000000,,,,,"Tesla V100-DGXS-32GB (0)","1","7","volta_sgemm_128x32_sliced1x4_nn",2988,19.954361
58371.270523,0.614286,196,64,1,128,1,1,122,12.000000,0.000000,,,,,"Tesla V100-DGXS-32GB (0)","1","7","volta_sgemm_128x64_nt",3000,41.531389
58824.203970,0.007280,8,1,1,32,4,1,50,0.015625,0.000000,,,,,"Tesla V100-DGXS-32GB (0)","1","7","_ZN2at6native13reduce_kernelILi128ELi4ENS0_8ReduceOpIfNS0_14func_wrapper_tIfZNS0_11sum_functorIfffEclERNS_14TensorIteratorEEUlffE_EEjfLi4EEEEEvT1_",3011,11.111111
59231.520561,0.003093,16,1,1,64,1,1,20,0.000000,0.000000,,,,,"Tesla V100-DGXS-32GB (0)","1","7","void at::native::vectorized_elementwise_kernel<int=4, at::native::AddFunctor<float, float>, at::detail::Array<char*, int=3>>(int, float, float)",3018,100.000000
59646.927201,1.510192,401408,1,1,64,1,1,20,0.000000,0.000000,,,,,"Tesla V100-DGXS-32GB (0)","1","7","void at::native::vectorized_elementwise_kernel<int=4, at::native::AddFunctor<float, float>, at::detail::Array<char*, int=3>>(int, float, float)",3027,11.847007
60089.508810,0.008330,3136,1,1,64,1,1,16,0.000000,0.000000,,,,,"Tesla V100-DGXS-32GB (0)","1","7","void at::native::vectorized_elementwise_kernel<int=4, at::native::FillFunctor<float>, at::detail::Array<char*, int=1>>(int, float, at::native::FillFunctor<float>)",3041,88.217474
60533.714649,0.074263,16384,1,1,32,8,1,31,0.000000,0.000000,,,,,"Tesla V100-DGXS-32GB (0)","1","7","void at::native::_GLOBAL__N__69_tmpxft_0000539c_00000000_13_AdaptiveAveragePooling_compute_86_cpp1_ii_eb1948c3::atomic_adaptive_average_gradinput<float>(float*, float, int, int, int, int)",3046,43.920773
60956.809362,0.023895,12544,1,1,64,1,1,16,0.000000,0.000000,,,,,"Tesla V100-DGXS-32GB (0)","1","7","void at::native::vectorized_elementwise_kernel<int=4, at::native::FillFunctor<float>, at::detail::Array<char*, int=1>>(int, float, at::native::FillFunctor<float>)",3056,0.000000
61393.680980,0.087238,1,32,512,256,1,1,32,0.000000,0.000000,,,,,"Tesla V100-DGXS-32GB (0)","1","7","void at::native::_GLOBAL__N__63_tmpxft_00007dfa_00000000_13_DilatedMaxPool2d_compute_86_cpp1_ii_6258b574::max_pool_backward_nchw<float, float>(int, float const *, long const *, int, int, int, int, int, int, int, int, int, int, int, int, int, int, at::native::_GLOBAL__N__63_tmpxft_00007dfa_00000000_13_DilatedMaxPool2d_compute_86_cpp1_ii_6258b574::max_pool_backward_nchw<float, float>*)",3063,43.579563
61827.319688,0.051055,12544,1,1,64,1,1,20,0.000000,0.000000,,,,,"Tesla V100-DGXS-32GB (0)","1","7","_ZN2at6native29vectorized_elementwise_kernelILi4EZNS0_21threshold_kernel_implIfEEvRNS_18TensorIteratorBaseET_S5_EUlffE_NS_6detail5ArrayIPcLi3EEEEEviT0_T1_",3071,0.000000
62243.801832,0.052388,32,1,1,32,16,1,28,0.015625,0.000000,,,,,"Tesla V100-DGXS-32GB (0)","1","7","_ZN2at6native13reduce_kernelILi512ELi1ENS0_8ReduceOpIfNS0_14func_wrapper_tIfZNS0_11sum_functorIfffEclERNS_14TensorIteratorEEUlffE_EEjfLi4EEEEEvT1_",3085,14.026705
62668.320650,0.003087,2,1,1,64,1,1,20,0.000000,0.000000,,,,,"Tesla V100-DGXS-32GB (0)","1","7","void at::native::vectorized_elementwise_kernel<int=4, at::native::AddFunctor<float, float>, at::detail::Array<char*, int=3>>(int, float, float)",3094,100.000000
63083.207331,0.074761,2,512,1,256,1,1,64,22.125000,0.000000,,,,,"Tesla V100-DGXS-32GB (0)","1","7","void cudnn::winograd_nonfused::winogradForwardData4x4<float, float>(cudnn::winograd_nonfused::WinogradDataParams<float, float>)",3109,5.061711
63499.941279,0.069190,16,64,1,32,8,1,32,9.000000,0.000000,,,,,"Tesla V100-DGXS-32GB (0)","1","7","void cudnn::winograd_nonfused::winogradForwardFilter4x4<float, float>(cudnn::winograd_nonfused::WinogradFilterParams<float, float>)",3110,0.000000
63929.581617,0.840338,8,8,36,64,1,1,126,8.000000,0.000000,,,,,"Tesla V100-DGXS-32GB (0)","1","7","volta_sgemm_64x64_nt",3118,66.084589
64350.552459,0.073459,2,512,1,256,1,1,64,16.250000,0.000000,,,,,"Tesla V100-DGXS-32GB (0)","1","7","void cudnn::winograd_nonfused::winogradForwardOutput4x4<float, float>(cudnn::winograd_nonfused::WinogradOutputParams<float, float>)",3120,13.961243
64780.616215,0.072777,32,32,1,256,1,1,64,24.125000,0.000000,,,,,"Tesla V100-DGXS-32GB (0)","1","7","void cudnn::winograd_nonfused::winogradWgradData4x4<float, float>(cudnn::winograd_nonfused::WinogradDataParams<float, float>)",3134,10.491062
65210.134412,0.073646,32,32,1,256,1,1,64,16.500000,0.000000,,,,,"Tesla V100-DGXS-32GB (0)","1","7","void cudnn::winograd_nonfused::winogradWgradDelta4x4<float, float>(cudnn::winograd_nonfused::WinogradDeltaParams<float, float>)",3135,4.561530
65631.147589,0.839227,8,8,36,64,1,1,126,8.000000,0.000000,,,,,"Tesla V100-DGXS-32GB (0)","1","7","volta_sgemm_64x64_nt",3143,63.719602
66087.277274,0.070190,16,64,1,32,8,1,62,9.000000,0.000000,,,,,"Tesla V100-DGXS-32GB (0)","1","7","void cudnn::winograd_nonfused::winogradWgradOutput4x4<float, float>(cudnn::winograd_nonfused::WinogradWgradOutputParams<float, float>)",3145,0.000000
66530.505177,0.039967,9216,1,1,64,1,1,20,0.000000,0.000000,,,,,"Tesla V100-DGXS-32GB (0)","1","7","void at::native::vectorized_elementwise_kernel<int=4, at::native::AddFunctor<float, float>, at::detail::Array<char*, int=3>>(int, float, float)",3153,12.392849
66946.962137,0.051471,12544,1,1,64,1,1,20,0.000000,0.000000,,,,,"Tesla V100-DGXS-32GB (0)","1","7","_ZN2at6native29vectorized_elementwise_kernelILi4EZNS0_21threshold_kernel_implIfEEvRNS_18TensorIteratorBaseET_S5_EUlffE_NS_6detail5ArrayIPcLi3EEEEEviT0_T1_",3161,0.000000
67365.147294,0.051998,32,1,1,32,16,1,28,0.015625,0.000000,,,,,"Tesla V100-DGXS-32GB (0)","1","7","_ZN2at6native13reduce_kernelILi512ELi1ENS0_8ReduceOpIfNS0_14func_wrapper_tIfZNS0_11sum_functorIfffEclERNS_14TensorIteratorEEUlffE_EEjfLi4EEEEEvT1_",3175,14.039940
67798.594037,0.003125,2,1,1,64,1,1,20,0.000000,0.000000,,,,,"Tesla V100-DGXS-32GB (0)","1","7","void at::native::vectorized_elementwise_kernel<int=4, at::native::AddFunctor<float, float>, at::detail::Array<char*, int=3>>(int, float, float)",3184,100.000000
68210.038340,0.074574,2,512,1,256,1,1,64,22.125000,0.000000,,,,,"Tesla V100-DGXS-32GB (0)","1","7","void cudnn::winograd_nonfused::winogradForwardData4x4<float, float>(cudnn::winograd_nonfused::WinogradDataParams<float, float>)",3199,5.154138
68640.849028,0.068623,16,64,1,32,8,1,32,9.000000,0.000000,,,,,"Tesla V100-DGXS-32GB (0)","1","7","void cudnn::winograd_nonfused::winogradForwardFilter4x4<float, float>(cudnn::winograd_nonfused::WinogradFilterParams<float, float>)",3200,0.157878
69087.750473,0.841707,8,8,36,64,1,1,126,8.000000,0.000000,,,,,"Tesla V100-DGXS-32GB (0)","1","7","volta_sgemm_64x64_nt",3208,63.343898
69504.249193,0.073305,2,512,1,256,1,1,64,16.250000,0.000000,,,,,"Tesla V100-DGXS-32GB (0)","1","7","void cudnn::winograd_nonfused::winogradForwardOutput4x4<float, float>(cudnn::winograd_nonfused::WinogradOutputParams<float, float>)",3210,13.928162
69941.602627,0.072094,32,32,1,256,1,1,64,24.125000,0.000000,,,,,"Tesla V100-DGXS-32GB (0)","1","7","void cudnn::winograd_nonfused::winogradWgradData4x4<float, float>(cudnn::winograd_nonfused::WinogradDataParams<float, float>)",3224,10.593626
70362.821369,0.073033,32,32,1,256,1,1,64,16.500000,0.000000,,,,,"Tesla V100-DGXS-32GB (0)","1","7","void cudnn::winograd_nonfused::winogradWgradDelta4x4<float, float>(cudnn::winograd_nonfused::WinogradDeltaParams<float, float>)",3225,4.680166
70785.823123,0.840650,8,8,36,64,1,1,126,8.000000,0.000000,,,,,"Tesla V100-DGXS-32GB (0)","1","7","volta_sgemm_64x64_nt",3233,63.384290
71219.819778,0.070382,16,64,1,32,8,1,62,9.000000,0.000000,,,,,"Tesla V100-DGXS-32GB (0)","1","7","void cudnn::winograd_nonfused::winogradWgradOutput4x4<float, float>(cudnn::winograd_nonfused::WinogradWgradOutputParams<float, float>)",3235,0.000000
71653.869071,0.039172,9216,1,1,64,1,1,20,0.000000,0.000000,,,,,"Tesla V100-DGXS-32GB (0)","1","7","void at::native::vectorized_elementwise_kernel<int=4, at::native::AddFunctor<float, float>, at::detail::Array<char*, int=3>>(int, float, float)",3243,13.175908
72076.391697,0.051892,12544,1,1,64,1,1,20,0.000000,0.000000,,,,,"Tesla V100-DGXS-32GB (0)","1","7","_ZN2at6native29vectorized_elementwise_kernelILi4EZNS0_21threshold_kernel_implIfEEvRNS_18TensorIteratorBaseET_S5_EUlffE_NS_6detail5ArrayIPcLi3EEEEEviT0_T1_",3251,0.000000
72495.525607,0.052516,32,1,1,32,16,1,28,0.015625,0.000000,,,,,"Tesla V100-DGXS-32GB (0)","1","7","_ZN2at6native13reduce_kernelILi512ELi1ENS0_8ReduceOpIfNS0_14func_wrapper_tIfZNS0_11sum_functorIfffEclERNS_14TensorIteratorEEUlffE_EEjfLi4EEEEEvT1_",3265,14.026168
72926.313064,0.003066,2,1,1,64,1,1,20,0.000000,0.000000,,,,,"Tesla V100-DGXS-32GB (0)","1","7","void at::native::vectorized_elementwise_kernel<int=4, at::native::AddFunctor<float, float>, at::detail::Array<char*, int=3>>(int, float, float)",3274,100.000000
73371.274060,0.074831,2,512,1,256,1,1,64,22.125000,0.000000,,,,,"Tesla V100-DGXS-32GB (0)","1","7","void cudnn::winograd_nonfused::winogradForwardData4x4<float, float>(cudnn::winograd_nonfused::WinogradDataParams<float, float>)",3289,5.121944
73812.555113,0.068265,16,64,1,32,8,1,32,9.000000,0.000000,,,,,"Tesla V100-DGXS-32GB (0)","1","7","void cudnn::winograd_nonfused::winogradForwardFilter4x4<float, float>(cudnn::winograd_nonfused::WinogradFilterParams<float, float>)",3290,0.000000
74254.655129,0.840354,8,8,36,64,1,1,126,8.000000,0.000000,,,,,"Tesla V100-DGXS-32GB (0)","1","7","volta_sgemm_64x64_nt",3298,65.502999
74682.203916,0.071956,2,512,1,256,1,1,64,16.250000,0.000000,,,,,"Tesla V100-DGXS-32GB (0)","1","7","void cudnn::winograd_nonfused::winogradForwardOutput4x4<float, float>(cudnn::winograd_nonfused::WinogradOutputParams<float, float>)",3300,13.905457
75098.444688,0.071556,32,32,1,256,1,1,64,24.125000,0.000000,,,,,"Tesla V100-DGXS-32GB (0)","1","7","void cudnn::winograd_nonfused::winogradWgradData4x4<float, float>(cudnn::winograd_nonfused::WinogradDataParams<float, float>)",3314,10.608297
75522.863028,0.072926,32,32,1,256,1,1,64,16.500000,0.000000,,,,,"Tesla V100-DGXS-32GB (0)","1","7","void cudnn::winograd_nonfused::winogradWgradDelta4x4<float, float>(cudnn::winograd_nonfused::WinogradDeltaParams<float, float>)",3315,4.544166
75944.924156,0.840050,8,8,36,64,1,1,126,8.000000,0.000000,,,,,"Tesla V100-DGXS-32GB (0)","1","7","volta_sgemm_64x64_nt",3323,60.504410
76392.691668,0.070806,16,64,1,32,8,1,62,9.000000,0.000000,,,,,"Tesla V100-DGXS-32GB (0)","1","7","void cudnn::winograd_nonfused::winogradWgradOutput4x4<float, float>(cudnn::winograd_nonfused::WinogradWgradOutputParams<float, float>)",3325,0.000000
76811.094262,0.039210,9216,1,1,64,1,1,20,0.000000,0.000000,,,,,"Tesla V100-DGXS-32GB (0)","1","7","void at::native::vectorized_elementwise_kernel<int=4, at::native::AddFunctor<float, float>, at::detail::Array<char*, int=3>>(int, float, float)",3333,12.565556
77240.137234,0.086447,50176,1,1,64,1,1,16,0.000000,0.000000,,,,,"Tesla V100-DGXS-32GB (0)","1","7","void at::native::vectorized_elementwise_kernel<int=4, at::native::FillFunctor<float>, at::detail::Array<char*, int=1>>(int, float, at::native::FillFunctor<float>)",3343,0.000000
77665.791427,0.307299,4,32,512,256,1,1,32,0.000000,0.000000,,,,,"Tesla V100-DGXS-32GB (0)","1","7","void at::native::_GLOBAL__N__63_tmpxft_00007dfa_00000000_13_DilatedMaxPool2d_compute_86_cpp1_ii_6258b574::max_pool_backward_nchw<float, float>(int, float const *, long const *, int, int, int, int, int, int, int, int, int, int, int, int, int, int, at::native::_GLOBAL__N__63_tmpxft_00007dfa_00000000_13_DilatedMaxPool2d_compute_86_cpp1_ii_6258b574::max_pool_backward_nchw<float, float>*)",3350,28.392381
78098.741282,0.191850,50176,1,1,64,1,1,20,0.000000,0.000000,,,,,"Tesla V100-DGXS-32GB (0)","1","7","_ZN2at6native29vectorized_elementwise_kernelILi4EZNS0_21threshold_kernel_implIfEEvRNS_18TensorIteratorBaseET_S5_EUlffE_NS_6detail5ArrayIPcLi3EEEEEviT0_T1_",3358,0.000000
78537.336072,0.077001,512,1,1,32,16,1,28,0.015625,2.000000,,,,,"Tesla V100-DGXS-32GB (0)","1","7","_ZN2at6native13reduce_kernelILi512ELi1ENS0_8ReduceOpIfNS0_14func_wrapper_tIfZNS0_11sum_functorIfffEclERNS_14TensorIteratorEEUlffE_EEjfLi4EEEEEvT1_",3371,0.030881
78962.552384,0.003104,2,1,1,64,1,1,20,0.000000,0.000000,,,,,"Tesla V100-DGXS-32GB (0)","1","7","void at::native::vectorized_elementwise_kernel<int=4, at::native::AddFunctor<float, float>, at::detail::Array<char*, int=3>>(int, float, float)",3380,100.000000
79389.514044,0.246673,8,512,1,256,1,1,64,22.125000,0.000000,,,,,"Tesla V100-DGXS-32GB (0)","1","7","void cudnn::winograd_nonfused::winogradForwardData4x4<float, float>(cudnn::winograd_nonfused::WinogradDataParams<float, float>)",3395,38.852972
79814.050527,0.069065,16,64,1,32,8,1,32,9.000000,0.000000,,,,,"Tesla V100-DGXS-32GB (0)","1","7","void cudnn::winograd_nonfused::winogradForwardFilter4x4<float, float>(cudnn::winograd_nonfused::WinogradFilterParams<float, float>)",3396,0.004612
80256.588904,2.349155,49,4,36,256,1,1,57,16.000000,0.000000,,,,,"Tesla V100-DGXS-32GB (0)","1","7","volta_sgemm_32x128_nt",3404,85.215407
80693.273837,0.265969,8,512,1,256,1,1,64,16.250000,0.000000,,,,,"Tesla V100-DGXS-32GB (0)","1","7","void cudnn::winograd_nonfused::winogradForwardOutput4x4<float, float>(cudnn::winograd_nonfused::WinogradOutputParams<float, float>)",3406,20.056998
81114.589601,0.236124,128,32,1,256,1,1,64,24.125000,0.000000,,,,,"Tesla V100-DGXS-32GB (0)","1","7","void cudnn::winograd_nonfused::winogradWgradData4x4<float, float>(cudnn::winograd_nonfused::WinogradDataParams<float, float>)",3420,30.112515
81560.054717,0.241878,128,32,1,256,1,1,64,16.500000,0.000000,,,,,"Tesla V100-DGXS-32GB (0)","1","7","void cudnn::winograd_nonfused::winogradWgradDelta4x4<float, float>(cudnn::winograd_nonfused::WinogradDeltaParams<float, float>)",3421,14.814319
81994.455077,2.523161,8,8,36,64,1,1,126,8.000000,0.000000,,,,,"Tesla V100-DGXS-32GB (0)","1","7","volta_sgemm_64x64_nt",3429,54.478649
82446.062817,0.072439,16,64,1,32,8,1,62,9.000000,0.000000,,,,,"Tesla V100-DGXS-32GB (0)","1","7","void cudnn::winograd_nonfused::winogradWgradOutput4x4<float, float>(cudnn::winograd_nonfused::WinogradWgradOutputParams<float, float>)",3431,0.000000
82890.387310,0.039151,9216,1,1,64,1,1,20,0.000000,0.000000,,,,,"Tesla V100-DGXS-32GB (0)","1","7","void at::native::vectorized_elementwise_kernel<int=4, at::native::AddFunctor<float, float>, at::detail::Array<char*, int=3>>(int, float, float)",3439,12.844057
83327.999173,0.192458,50176,1,1,64,1,1,20,0.000000,0.000000,,,,,"Tesla V100-DGXS-32GB (0)","1","7","_ZN2at6native29vectorized_elementwise_kernelILi4EZNS0_21threshold_kernel_implIfEEvRNS_18TensorIteratorBaseET_S5_EUlffE_NS_6detail5ArrayIPcLi3EEEEEviT0_T1_",3447,0.000000
83758.643208,0.076297,512,1,1,32,16,1,28,0.015625,2.000000,,,,,"Tesla V100-DGXS-32GB (0)","1","7","_ZN2at6native13reduce_kernelILi512ELi1ENS0_8ReduceOpIfNS0_14func_wrapper_tIfZNS0_11sum_functorIfffEclERNS_14TensorIteratorEEUlffE_EEjfLi4EEEEEvT1_",3460,0.030881
84198.536666,0.003072,2,1,1,64,1,1,20,0.000000,0.000000,,,,,"Tesla V100-DGXS-32GB (0)","1","7","void at::native::vectorized_elementwise_kernel<int=4, at::native::AddFunctor<float, float>, at::detail::Array<char*, int=3>>(int, float, float)",3469,100.000000
84636.019794,0.247841,8,512,1,256,1,1,64,22.125000,0.000000,,,,,"Tesla V100-DGXS-32GB (0)","1","7","void cudnn::winograd_nonfused::winogradForwardData4x4<float, float>(cudnn::winograd_nonfused::WinogradDataParams<float, float>)",3484,38.279531
85084.556414,0.067599,16,64,1,32,8,1,32,9.000000,0.000000,,,,,"Tesla V100-DGXS-32GB (0)","1","7","void cudnn::winograd_nonfused::winogradForwardFilter4x4<float, float>(cudnn::winograd_nonfused::WinogradFilterParams<float, float>)",3485,0.006239
85511.650841,2.350715,49,4,36,256,1,1,57,16.000000,0.000000,,,,,"Tesla V100-DGXS-32GB (0)","1","7","volta_sgemm_32x128_nt",3493,85.297067
85949.116593,0.263276,8,512,1,256,1,1,64,16.250000,0.000000,,,,,"Tesla V100-DGXS-32GB (0)","1","7","void cudnn::winograd_nonfused::winogradForwardOutput4x4<float, float>(cudnn::winograd_nonfused::WinogradOutputParams<float, float>)",3495,20.129007
86388.690985,0.236780,128,32,1,256,1,1,64,24.125000,0.000000,,,,,"Tesla V100-DGXS-32GB (0)","1","7","void cudnn::winograd_nonfused::winogradWgradData4x4<float, float>(cudnn::winograd_nonfused::WinogradDataParams<float, float>)",3509,30.021247
86828.443037,0.242038,128,32,1,256,1,1,64,16.500000,0.000000,,,,,"Tesla V100-DGXS-32GB (0)","1","7","void cudnn::winograd_nonfused::winogradWgradDelta4x4<float, float>(cudnn::winograd_nonfused::WinogradDeltaParams<float, float>)",3510,14.938361
87267.628603,2.522192,8,8,36,64,1,1,126,8.000000,0.000000,,,,,"Tesla V100-DGXS-32GB (0)","1","7","volta_sgemm_64x64_nt",3518,55.378083
87714.198470,0.070718,16,64,1,32,8,1,62,9.000000,0.000000,,,,,"Tesla V100-DGXS-32GB (0)","1","7","void cudnn::winograd_nonfused::winogradWgradOutput4x4<float, float>(cudnn::winograd_nonfused::WinogradWgradOutputParams<float, float>)",3520,0.000000
88130.639782,0.038895,9216,1,1,64,1,1,20,0.000000,0.000000,,,,,"Tesla V100-DGXS-32GB (0)","1","7","void at::native::vectorized_elementwise_kernel<int=4, at::native::AddFunctor<float, float>, at::detail::Array<char*, int=3>>(int, float, float)",3528,12.801559
88566.235228,0.192515,50176,1,1,64,1,1,20,0.000000,0.000000,,,,,"Tesla V100-DGXS-32GB (0)","1","7","_ZN2at6native29vectorized_elementwise_kernelILi4EZNS0_21threshold_kernel_implIfEEvRNS_18TensorIteratorBaseET_S5_EUlffE_NS_6detail5ArrayIPcLi3EEEEEviT0_T1_",3536,0.000000
88999.570549,0.076287,512,1,1,32,16,1,28,0.015625,2.000000,,,,,"Tesla V100-DGXS-32GB (0)","1","7","_ZN2at6native13reduce_kernelILi512ELi1ENS0_8ReduceOpIfNS0_14func_wrapper_tIfZNS0_11sum_functorIfffEclERNS_14TensorIteratorEEUlffE_EEjfLi4EEEEEvT1_",3549,0.030881
89430.760591,0.003136,2,1,1,64,1,1,20,0.000000,0.000000,,,,,"Tesla V100-DGXS-32GB (0)","1","7","void at::native::vectorized_elementwise_kernel<int=4, at::native::AddFunctor<float, float>, at::detail::Array<char*, int=3>>(int, float, float)",3558,33.333333
89857.712556,0.249718,8,512,1,256,1,1,64,22.125000,0.000000,,,,,"Tesla V100-DGXS-32GB (0)","1","7","void cudnn::winograd_nonfused::winogradForwardData4x4<float, float>(cudnn::winograd_nonfused::WinogradDataParams<float, float>)",3573,38.915825
90293.663836,0.035184,8,64,1,32,8,1,32,9.000000,0.000000,,,,,"Tesla V100-DGXS-32GB (0)","1","7","void cudnn::winograd_nonfused::winogradForwardFilter4x4<float, float>(cudnn::winograd_nonfused::WinogradFilterParams<float, float>)",3574,0.372721
90716.860755,1.198381,49,2,36,256,1,1,57,16.000000,0.000000,,,,,"Tesla V100-DGXS-32GB (0)","1","7","volta_sgemm_32x128_nt",3582,80.207522
91145.909455,0.138675,8,256,1,256,1,1,64,16.250000,0.000000,,,,,"Tesla V100-DGXS-32GB (0)","1","7","void cudnn::winograd_nonfused::winogradForwardOutput4x4<float, float>(cudnn::winograd_nonfused::WinogradOutputParams<float, float>)",3584,19.613300
91579.161737,0.123070,64,32,1,256,1,1,64,24.125000,0.000000,,,,,"Tesla V100-DGXS-32GB (0)","1","7","void cudnn::winograd_nonfused::winogradWgradData4x4<float, float>(cudnn::winograd_nonfused::WinogradDataParams<float, float>)",3598,30.128859
92019.095323,0.241729,128,32,1,256,1,1,64,16.500000,0.000000,,,,,"Tesla V100-DGXS-32GB (0)","1","7","void cudnn::winograd_nonfused::winogradWgradDelta4x4<float, float>(cudnn::winograd_nonfused::WinogradDeltaParams<float, float>)",3599,14.499016
92464.874962,1.280083,4,8,36,64,1,1,126,8.000000,0.000000,,,,,"Tesla V100-DGXS-32GB (0)","1","7","volta_sgemm_64x64_nt",3607,57.636444
92892.082186,0.039097,8,64,1,32,8,1,62,9.000000,0.000000,,,,,"Tesla V100-DGXS-32GB (0)","1","7","void cudnn::winograd_nonfused::winogradWgradOutput4x4<float, float>(cudnn::winograd_nonfused::WinogradWgradOutputParams<float, float>)",3609,0.000000
93319.695260,0.023559,4608,1,1,64,1,1,20,0.000000,0.000000,,,,,"Tesla V100-DGXS-32GB (0)","1","7","void at::native::vectorized_elementwise_kernel<int=4, at::native::AddFunctor<float, float>, at::detail::Array<char*, int=3>>(int, float, float)",3617,18.186668
93747.634601,0.169525,100352,1,1,64,1,1,16,0.000000,0.000000,,,,,"Tesla V100-DGXS-32GB (0)","1","7","void at::native::vectorized_elementwise_kernel<int=4, at::native::FillFunctor<float>, at::detail::Array<char*, int=1>>(int, float, at::native::FillFunctor<float>)",3627,0.000000
94173.428696,0.581983,13,32,256,256,1,1,32,0.000000,0.000000,,,,,"Tesla V100-DGXS-32GB (0)","1","7","void at::native::_GLOBAL__N__63_tmpxft_00007dfa_00000000_13_DilatedMaxPool2d_compute_86_cpp1_ii_6258b574::max_pool_backward_nchw<float, float>(int, float const *, long const *, int, int, int, int, int, int, int, int, int, int, int, int, int, int, at::native::_GLOBAL__N__63_tmpxft_00007dfa_00000000_13_DilatedMaxPool2d_compute_86_cpp1_ii_6258b574::max_pool_backward_nchw<float, float>*)",3634,17.941074
94606.432086,0.380514,100352,1,1,64,1,1,20,0.000000,0.000000,,,,,"Tesla V100-DGXS-32GB (0)","1","7","_ZN2at6native29vectorized_elementwise_kernelILi4EZNS0_21threshold_kernel_implIfEEvRNS_18TensorIteratorBaseET_S5_EUlffE_NS_6detail5ArrayIPcLi3EEEEEviT0_T1_",3642,0.000000
95046.929984,0.134734,256,1,1,32,16,1,28,0.015625,2.000000,,,,,"Tesla V100-DGXS-32GB (0)","1","7","_ZN2at6native13reduce_kernelILi512ELi1ENS0_8ReduceOpIfNS0_14func_wrapper_tIfZNS0_11sum_functorIfffEclERNS_14TensorIteratorEEUlffE_EEjfLi4EEEEEvT1_",3655,0.007722
95486.721908,0.003066,1,1,1,64,1,1,20,0.000000,0.000000,,,,,"Tesla V100-DGXS-32GB (0)","1","7","void at::native::vectorized_elementwise_kernel<int=4, at::native::AddFunctor<float, float>, at::detail::Array<char*, int=3>>(int, float, float)",3664,33.333333
95906.473792,0.511592,32,256,1,256,1,1,64,22.125000,0.000000,,,,,"Tesla V100-DGXS-32GB (0)","1","7","void cudnn::winograd_nonfused::winogradForwardData4x4<float, float>(cudnn::winograd_nonfused::WinogradDataParams<float, float>)",3679,30.631960
96354.053787,0.016778,8,32,1,32,8,1,32,9.000000,0.000000,,,,,"Tesla V100-DGXS-32GB (0)","1","7","void cudnn::winograd_nonfused::winogradForwardFilter4x4<float, float>(cudnn::winograd_nonfused::WinogradFilterParams<float, float>)",3680,0.175781
96779.215507,2.404426,196,2,36,256,1,1,57,16.000000,0.000000,,,,,"Tesla V100-DGXS-32GB (0)","1","7","volta_sgemm_32x128_nt",3688,71.958314
97238.800723,0.443604,32,256,1,256,1,1,64,16.250000,0.000000,,,,,"Tesla V100-DGXS-32GB (0)","1","7","void cudnn::winograd_nonfused::winogradForwardOutput4x4<float, float>(cudnn::winograd_nonfused::WinogradOutputParams<float, float>)",3690,19.165327
97680.995522,0.504808,224,32,1,256,1,1,64,24.125000,0.000000,,,,,"Tesla V100-DGXS-32GB (0)","1","7","void cudnn::winograd_nonfused::winogradWgradData4x4<float, float>(cudnn::winograd_nonfused::WinogradDataParams<float, float>)",3704,35.625749
98131.324177,0.511800,224,32,1,256,1,1,64,16.500000,0.000000,,,,,"Tesla V100-DGXS-32GB (0)","1","7","void cudnn::winograd_nonfused::winogradWgradDelta4x4<float, float>(cudnn::winograd_nonfused::WinogradDeltaParams<float, float>)",3705,7.968509
98578.763023,2.554496,4,4,36,64,1,1,126,8.000000,0.000000,,,,,"Tesla V100-DGXS-32GB (0)","1","7","volta_sgemm_64x64_nt",3713,46.212743
99015.172952,0.022533,8,32,1,32,8,1,62,9.000000,0.000000,,,,,"Tesla V100-DGXS-32GB (0)","1","7","void cudnn::winograd_nonfused::winogradWgradOutput4x4<float, float>(cudnn::winograd_nonfused::WinogradWgradOutputParams<float, float>)",3715,0.133464
99447.370530,0.011802,2304,1,1,64,1,1,20,0.000000,0.000000,,,,,"Tesla V100-DGXS-32GB (0)","1","7","void at::native::vectorized_elementwise_kernel<int=4, at::native::AddFunctor<float, float>, at::detail::Array<char*, int=3>>(int, float, float)",3723,40.912543
99877.361519,0.381049,100352,1,1,64,1,1,20,0.000000,0.000000,,,,,"Tesla V100-DGXS-32GB (0)","1","7","_ZN2at6native29vectorized_elementwise_kernelILi4EZNS0_21threshold_kernel_implIfEEvRNS_18TensorIteratorBaseET_S5_EUlffE_NS_6detail5ArrayIPcLi3EEEEEviT0_T1_",3731,0.000000
100304.999713,0.134366,256,1,1,32,16,1,28,0.015625,2.000000,,,,,"Tesla V100-DGXS-32GB (0)","1","7","_ZN2at6native13reduce_kernelILi512ELi1ENS0_8ReduceOpIfNS0_14func_wrapper_tIfZNS0_11sum_functorIfffEclERNS_14TensorIteratorEEUlffE_EEjfLi4EEEEEvT1_",3744,0.007722
100736.919024,0.003015,1,1,1,64,1,1,20,0.000000,0.000000,,,,,"Tesla V100-DGXS-32GB (0)","1","7","void at::native::vectorized_elementwise_kernel<int=4, at::native::AddFunctor<float, float>, at::detail::Array<char*, int=3>>(int, float, float)",3753,100.000000
101172.016013,0.507640,32,256,1,256,1,1,64,22.125000,0.000000,,,,,"Tesla V100-DGXS-32GB (0)","1","7","void cudnn::winograd_nonfused::winogradForwardData4x4<float, float>(cudnn::winograd_nonfused::WinogradDataParams<float, float>)",3768,30.020426
101630.676187,0.016863,8,32,1,32,8,1,32,9.000000,0.000000,,,,,"Tesla V100-DGXS-32GB (0)","1","7","void cudnn::winograd_nonfused::winogradForwardFilter4x4<float, float>(cudnn::winograd_nonfused::WinogradFilterParams<float, float>)",3769,0.248481
102060.847814,2.402450,196,2,36,256,1,1,57,16.000000,0.000000,,,,,"Tesla V100-DGXS-32GB (0)","1","7","volta_sgemm_32x128_nt",3777,71.760112
102513.927659,0.442148,32,256,1,256,1,1,64,16.250000,0.000000,,,,,"Tesla V100-DGXS-32GB (0)","1","7","void cudnn::winograd_nonfused::winogradForwardOutput4x4<float, float>(cudnn::winograd_nonfused::WinogradOutputParams<float, float>)",3779,18.710140
102954.656304,0.504082,224,32,1,256,1,1,64,24.125000,0.000000,,,,,"Tesla V100-DGXS-32GB (0)","1","7","void cudnn::winograd_nonfused::winogradWgradData4x4<float, float>(cudnn::winograd_nonfused::WinogradDataParams<float, float>)",3793,35.432625
103404.971808,0.512168,224,32,1,256,1,1,64,16.500000,0.000000,,,,,"Tesla V100-DGXS-32GB (0)","1","7","void cudnn::winograd_nonfused::winogradWgradDelta4x4<float, float>(cudnn::winograd_nonfused::WinogradDeltaParams<float, float>)",3794,8.016963
103853.298448,2.547592,4,4,36,64,1,1,126,8.000000,0.000000,,,,,"Tesla V100-DGXS-32GB (0)","1","7","volta_sgemm_64x64_nt",3802,32.621305
104287.391101,0.023050,8,32,1,32,8,1,62,9.000000,0.000000,,,,,"Tesla V100-DGXS-32GB (0)","1","7","void cudnn::winograd_nonfused::winogradWgradOutput4x4<float, float>(cudnn::winograd_nonfused::WinogradWgradOutputParams<float, float>)",3804,0.147569
104719.988609,0.012362,2304,1,1,64,1,1,20,0.000000,0.000000,,,,,"Tesla V100-DGXS-32GB (0)","1","7","void at::native::vectorized_elementwise_kernel<int=4, at::native::AddFunctor<float, float>, at::detail::Array<char*, int=3>>(int, float, float)",3812,31.438079
105151.028222,0.380546,100352,1,1,64,1,1,20,0.000000,0.000000,,,,,"Tesla V100-DGXS-32GB (0)","1","7","_ZN2at6native29vectorized_elementwise_kernelILi4EZNS0_21threshold_kernel_implIfEEvRNS_18TensorIteratorBaseET_S5_EUlffE_NS_6detail5ArrayIPcLi3EEEEEviT0_T1_",3820,0.000000
105593.563079,0.134835,256,1,1,32,16,1,28,0.015625,2.000000,,,,,"Tesla V100-DGXS-32GB (0)","1","7","_ZN2at6native13reduce_kernelILi512ELi1ENS0_8ReduceOpIfNS0_14func_wrapper_tIfZNS0_11sum_functorIfffEclERNS_14TensorIteratorEEUlffE_EEjfLi4EEEEEvT1_",3833,0.007722
106020.036075,0.002981,1,1,1,64,1,1,20,0.000000,0.000000,,,,,"Tesla V100-DGXS-32GB (0)","1","7","void at::native::vectorized_elementwise_kernel<int=4, at::native::AddFunctor<float, float>, at::detail::Array<char*, int=3>>(int, float, float)",3842,100.000000
106447.915609,0.513186,32,256,1,256,1,1,64,22.125000,0.000000,,,,,"Tesla V100-DGXS-32GB (0)","1","7","void cudnn::winograd_nonfused::winogradForwardData4x4<float, float>(cudnn::winograd_nonfused::WinogradDataParams<float, float>)",3857,30.729413
106893.106937,0.009711,4,32,1,32,8,1,32,9.000000,0.000000,,,,,"Tesla V100-DGXS-32GB (0)","1","7","void cudnn::winograd_nonfused::winogradForwardFilter4x4<float, float>(cudnn::winograd_nonfused::WinogradFilterParams<float, float>)",3858,0.251736
107324.257172,1.202709,98,2,36,64,1,1,126,8.000000,0.000000,,,,,"Tesla V100-DGXS-32GB (0)","1","7","volta_sgemm_64x64_nt",3866,43.528418
107760.459969,0.227567,32,128,1,256,1,1,64,16.250000,0.000000,,,,,"Tesla V100-DGXS-32GB (0)","1","7","void cudnn::winograd_nonfused::winogradForwardOutput4x4<float, float>(cudnn::winograd_nonfused::WinogradOutputParams<float, float>)",3868,18.831022
108190.902246,0.238071,112,32,1,256,1,1,64,24.125000,0.000000,,,,,"Tesla V100-DGXS-32GB (0)","1","7","void cudnn::winograd_nonfused::winogradWgradData4x4<float, float>(cudnn::winograd_nonfused::WinogradDataParams<float, float>)",3882,35.729838
108627.008404,0.507618,224,32,1,256,1,1,64,16.500000,0.000000,,,,,"Tesla V100-DGXS-32GB (0)","1","7","void cudnn::winograd_nonfused::winogradWgradDelta4x4<float, float>(cudnn::winograd_nonfused::WinogradDeltaParams<float, float>)",3883,7.648500
109083.804031,1.287716,4,2,36,256,1,1,57,16.000000,0.000000,,,,,"Tesla V100-DGXS-32GB (0)","1","7","volta_sgemm_32x128_nt",3891,48.323711
109511.739692,0.013834,4,32,1,32,8,1,62,9.000000,0.000000,,,,,"Tesla V100-DGXS-32GB (0)","1","7","void cudnn::winograd_nonfused::winogradWgradOutput4x4<float, float>(cudnn::winograd_nonfused::WinogradWgradOutputParams<float, float>)",3893,1.985677
109933.212062,0.005064,1152,1,1,64,1,1,20,0.000000,0.000000,,,,,"Tesla V100-DGXS-32GB (0)","1","7","void at::native::vectorized_elementwise_kernel<int=4, at::native::AddFunctor<float, float>, at::detail::Array<char*, int=3>>(int, float, float)",3901,33.333333
110357.602627,0.335850,200704,1,1,64,1,1,16,0.000000,0.000000,,,,,"Tesla V100-DGXS-32GB (0)","1","7","void at::native::vectorized_elementwise_kernel<int=4, at::native::FillFunctor<float>, at::detail::Array<char*, int=1>>(int, float, at::native::FillFunctor<float>)",3911,0.000000
110798.322696,1.144318,49,32,128,256,1,1,32,0.000000,0.000000,,,,,"Tesla V100-DGXS-32GB (0)","1","7","void at::native::_GLOBAL__N__63_tmpxft_00007dfa_00000000_13_DilatedMaxPool2d_compute_86_cpp1_ii_6258b574::max_pool_backward_nchw<float, float>(int, float const *, long const *, int, int, int, int, int, int, int, int, int, int, int, int, int, int, at::native::_GLOBAL__N__63_tmpxft_00007dfa_00000000_13_DilatedMaxPool2d_compute_86_cpp1_ii_6258b574::max_pool_backward_nchw<float, float>*)",3918,16.659616
111239.510951,0.756660,200704,1,1,64,1,1,20,0.000000,0.000000,,,,,"Tesla V100-DGXS-32GB (0)","1","7","_ZN2at6native29vectorized_elementwise_kernelILi4EZNS0_21threshold_kernel_implIfEEvRNS_18TensorIteratorBaseET_S5_EUlffE_NS_6detail5ArrayIPcLi3EEEEEviT0_T1_",3926,0.000000
111663.746645,0.002656,,,,,,,,,,512,183.840832,"Device",,"Tesla V100-DGXS-32GB (0)","1","7","[CUDA memset]",3941,
111689.636890,0.266582,128,4,1,32,16,1,28,0.015625,2.000000,,,,,"Tesla V100-DGXS-32GB (0)","1","7","_ZN2at6native13reduce_kernelILi512ELi1ENS0_8ReduceOpIfNS0_14func_wrapper_tIfZNS0_11sum_functorIfffEclERNS_14TensorIteratorEEUlffE_EEjfLi4EEEEEvT1_",3943,0.010898
112121.737021,0.003018,1,1,1,64,1,1,20,0.000000,0.000000,,,,,"Tesla V100-DGXS-32GB (0)","1","7","void at::native::vectorized_elementwise_kernel<int=4, at::native::AddFunctor<float, float>, at::detail::Array<char*, int=3>>(int, float, float)",3952,100.000000
112555.891443,1.020491,98,128,1,256,1,1,64,22.125000,0.000000,,,,,"Tesla V100-DGXS-32GB (0)","1","7","void cudnn::winograd_nonfused::winogradForwardData4x4<float, float>(cudnn::winograd_nonfused::WinogradDataParams<float, float>)",3967,33.155945
113029.929699,0.006922,4,16,1,32,8,1,32,9.000000,0.000000,,,,,"Tesla V100-DGXS-32GB (0)","1","7","void cudnn::winograd_nonfused::winogradForwardFilter4x4<float, float>(cudnn::winograd_nonfused::WinogradFilterParams<float, float>)",3968,63.888889
113451.612250,2.512689,784,1,36,256,1,1,57,16.000000,0.000000,,,,,"Tesla V100-DGXS-32GB (0)","1","7","volta_sgemm_32x128_nt",3976,59.142050
113916.998575,0.860466,98,128,1,256,1,1,64,16.250000,0.000000,,,,,"Tesla V100-DGXS-32GB (0)","1","7","void cudnn::winograd_nonfused::winogradForwardOutput4x4<float, float>(cudnn::winograd_nonfused::WinogradOutputParams<float, float>)",3978,15.049698
114362.933456,0.971931,392,32,1,256,1,1,64,24.125000,0.000000,,,,,"Tesla V100-DGXS-32GB (0)","1","7","void cudnn::winograd_nonfused::winogradWgradData4x4<float, float>(cudnn::winograd_nonfused::WinogradDataParams<float, float>)",3992,37.915158
114836.576485,0.992449,392,32,1,256,1,1,64,16.500000,0.000000,,,,,"Tesla V100-DGXS-32GB (0)","1","7","void cudnn::winograd_nonfused::winogradWgradDelta4x4<float, float>(cudnn::winograd_nonfused::WinogradDeltaParams<float, float>)",3993,0.000000
115306.476213,5.030498,2,2,36,64,1,1,126,8.000000,0.000000,,,,,"Tesla V100-DGXS-32GB (0)","1","7","volta_sgemm_64x64_nt",4001,28.621830
115751.661025,0.006919,4,16,1,32,8,1,62,9.000000,0.000000,,,,,"Tesla V100-DGXS-32GB (0)","1","7","void cudnn::winograd_nonfused::winogradWgradOutput4x4<float, float>(cudnn::winograd_nonfused::WinogradWgradOutputParams<float, float>)",4003,50.941840
116186.081460,0.004159,576,1,1,64,1,1,20,0.000000,0.000000,,,,,"Tesla V100-DGXS-32GB (0)","1","7","void at::native::vectorized_elementwise_kernel<int=4, at::native::AddFunctor<float, float>, at::detail::Array<char*, int=3>>(int, float, float)",4011,33.333333
116618.113963,0.755860,200704,1,1,64,1,1,20,0.000000,0.000000,,,,,"Tesla V100-DGXS-32GB (0)","1","7","_ZN2at6native29vectorized_elementwise_kernelILi4EZNS0_21threshold_kernel_implIfEEvRNS_18TensorIteratorBaseET_S5_EUlffE_NS_6detail5ArrayIPcLi3EEEEEviT0_T1_",4019,0.000000
117038.897795,0.002176,,,,,,,,,,512,224.393956,"Device",,"Tesla V100-DGXS-32GB (0)","1","7","[CUDA memset]",4034,
117064.269545,0.266193,128,4,1,32,16,1,28,0.015625,2.000000,,,,,"Tesla V100-DGXS-32GB (0)","1","7","_ZN2at6native13reduce_kernelILi512ELi1ENS0_8ReduceOpIfNS0_14func_wrapper_tIfZNS0_11sum_functorIfffEclERNS_14TensorIteratorEEUlffE_EEjfLi4EEEEEvT1_",4036,0.010882
117505.873542,0.003007,1,1,1,64,1,1,20,0.000000,0.000000,,,,,"Tesla V100-DGXS-32GB (0)","1","7","void at::native::vectorized_elementwise_kernel<int=4, at::native::AddFunctor<float, float>, at::detail::Array<char*, int=3>>(int, float, float)",4045,100.000000
117948.256453,0.003808,2,32,1,32,4,1,40,8.500000,0.000000,,,,,"Tesla V100-DGXS-32GB (0)","1","7","void cudnn::winograd::generateWinogradTilesKernel<int=0, float, float>(cudnn::winograd::GenerateWinogradTilesParams<float, float>)",4060,64.000000
118373.964677,2.612511,64,14,7,256,1,1,126,48.000000,0.000000,,,,,"Tesla V100-DGXS-32GB (0)","1","7","volta_scudnn_winograd_128x128_ldg1_ldg4_relu_tile148t_nt_v1",4062,74.320163
118816.548608,0.467075,196,32,1,256,1,1,64,24.125000,0.000000,,,,,"Tesla V100-DGXS-32GB (0)","1","7","void cudnn::winograd_nonfused::winogradWgradData4x4<float, float>(cudnn::winograd_nonfused::WinogradDataParams<float, float>)",4075,37.833440
119259.754290,0.990966,392,32,1,256,1,1,64,16.500000,0.000000,,,,,"Tesla V100-DGXS-32GB (0)","1","7","void cudnn::winograd_nonfused::winogradWgradDelta4x4<float, float>(cudnn::winograd_nonfused::WinogradDeltaParams<float, float>)",4076,0.000000
119725.438186,2.967263,1,2,36,64,1,1,126,8.000000,0.000000,,,,,"Tesla V100-DGXS-32GB (0)","1","7","volta_sgemm_64x64_nt",4084,24.968153
120166.357279,0.005120,2,16,1,32,8,1,62,9.000000,0.000000,,,,,"Tesla V100-DGXS-32GB (0)","1","7","void cudnn::winograd_nonfused::winogradWgradOutput4x4<float, float>(cudnn::winograd_nonfused::WinogradWgradOutputParams<float, float>)",4086,20.000000
120592.589910,0.003653,288,1,1,64,1,1,20,0.000000,0.000000,,,,,"Tesla V100-DGXS-32GB (0)","1","7","void at::native::vectorized_elementwise_kernel<int=4, at::native::AddFunctor<float, float>, at::detail::Array<char*, int=3>>(int, float, float)",4094,100.000000
121023.328905,0.668405,401408,1,1,64,1,1,16,0.000000,0.000000,,,,,"Tesla V100-DGXS-32GB (0)","1","7","void at::native::vectorized_elementwise_kernel<int=4, at::native::FillFunctor<float>, at::detail::Array<char*, int=1>>(int, float, at::native::FillFunctor<float>)",4104,0.000000
121482.024012,2.276997,196,32,64,256,1,1,32,0.000000,0.000000,,,,,"Tesla V100-DGXS-32GB (0)","1","7","void at::native::_GLOBAL__N__63_tmpxft_00007dfa_00000000_13_DilatedMaxPool2d_compute_86_cpp1_ii_6258b574::max_pool_backward_nchw<float, float>(int, float const *, long const *, int, int, int, int, int, int, int, int, int, int, int, int, int, int, at::native::_GLOBAL__N__63_tmpxft_00007dfa_00000000_13_DilatedMaxPool2d_compute_86_cpp1_ii_6258b574::max_pool_backward_nchw<float, float>*)",4111,22.500490
121931.562076,1.507297,401408,1,1,64,1,1,20,0.000000,0.000000,,,,,"Tesla V100-DGXS-32GB (0)","1","7","_ZN2at6native29vectorized_elementwise_kernelILi4EZNS0_21threshold_kernel_implIfEEvRNS_18TensorIteratorBaseET_S5_EUlffE_NS_6detail5ArrayIPcLi3EEEEEviT0_T1_",4119,0.000000
122360.234642,0.002368,,,,,,,,,,256,103.099926,"Device",,"Tesla V100-DGXS-32GB (0)","1","7","[CUDA memset]",4134,
122385.577032,0.508013,64,13,1,32,16,1,28,0.015625,2.000000,,,,,"Tesla V100-DGXS-32GB (0)","1","7","_ZN2at6native13reduce_kernelILi512ELi1ENS0_8ReduceOpIfNS0_14func_wrapper_tIfZNS0_11sum_functorIfffEclERNS_14TensorIteratorEEUlffE_EEjfLi4EEEEEvT1_",4136,0.006998
122816.318181,0.002970,1,1,1,64,1,1,20,0.000000,0.000000,,,,,"Tesla V100-DGXS-32GB (0)","1","7","void at::native::vectorized_elementwise_kernel<int=4, at::native::AddFunctor<float, float>, at::detail::Array<char*, int=3>>(int, float, float)",4145,33.333333
123241.743119,0.003632,2,16,1,32,4,1,40,8.500000,0.000000,,,,,"Tesla V100-DGXS-32GB (0)","1","7","void cudnn::winograd::generateWinogradTilesKernel<int=0, float, float>(cudnn::winograd::GenerateWinogradTilesParams<float, float>)",4160,64.000000
123667.260857,5.597242,64,28,14,256,1,1,126,48.000000,0.000000,,,,,"Tesla V100-DGXS-32GB (0)","1","7","volta_scudnn_winograd_128x128_ldg1_ldg4_relu_tile148t_nt_v1",4162,73.871753
124142.139914,0.003471,1,224,1,256,1,1,16,0.000000,0.000000,,,,,"Tesla V100-DGXS-32GB (0)","1","7","cask_cudnn::computeWgradSplitKOffsetsKernel(cask_cudnn::ComputeSplitKOffsetsParams)",4175,100.000000
124571.603990,0.003210,2,1,1,256,1,1,24,0.000000,0.000000,,,,,"Tesla V100-DGXS-32GB (0)","1","7","cask_cudnn::computeWgradBOffsetsKernel(cask_cudnn::ComputeWgradBOffsetsParams)",4176,100.000000
124974.123714,0.002112,,,,,,,,,,180,81.279060,"Device",,"Tesla V100-DGXS-32GB (0)","1","7","[CUDA memset]",4178,
124999.290622,11.334809,5,1,224,128,1,1,160,32.000000,0.000000,,,,,"Tesla V100-DGXS-32GB (0)","1","7","volta_scudnn_128x64_stridedB_splitK_xregs_large_nn_v1",4179,88.299047
125473.667799,0.003328,144,1,1,64,1,1,20,0.000000,0.000000,,,,,"Tesla V100-DGXS-32GB (0)","1","7","void at::native::vectorized_elementwise_kernel<int=4, at::native::AddFunctor<float, float>, at::detail::Array<char*, int=3>>(int, float, float)",4186,100.000000
125896.972835,1.506296,401408,1,1,64,1,1,20,0.000000,0.000000,,,,,"Tesla V100-DGXS-32GB (0)","1","7","_ZN2at6native29vectorized_elementwise_kernelILi4EZNS0_21threshold_kernel_implIfEEvRNS_18TensorIteratorBaseET_S5_EUlffE_NS_6detail5ArrayIPcLi3EEEEEviT0_T1_",4194,0.000000
126321.557498,0.002400,,,,,,,,,,256,101.725260,"Device",,"Tesla V100-DGXS-32GB (0)","1","7","[CUDA memset]",4209,
126346.924436,0.509224,64,13,1,32,16,1,28,0.015625,2.000000,,,,,"Tesla V100-DGXS-32GB (0)","1","7","_ZN2at6native13reduce_kernelILi512ELi1ENS0_8ReduceOpIfNS0_14func_wrapper_tIfZNS0_11sum_functorIfffEclERNS_14TensorIteratorEEUlffE_EEjfLi4EEEEEvT1_",4211,0.007014
126782.386468,0.002976,1,1,1,64,1,1,20,0.000000,0.000000,,,,,"Tesla V100-DGXS-32GB (0)","1","7","void at::native::vectorized_elementwise_kernel<int=4, at::native::AddFunctor<float, float>, at::detail::Array<char*, int=3>>(int, float, float)",4220,33.333333
127208.584387,1.515582,1,2,3136,8,8,1,80,2.250000,0.000000,,,,,"Tesla V100-DGXS-32GB (0)","1","7","void wgrad_alg0_engine<float, int=128, int=5, int=5, int=3, int=3, int=3, bool=0, int=512>(int, int, int, float const *, int, float*, float const *, kernel_grad_params, __int64, int, float, int, int, int, int)",4238,51.757390
127650.540847,0.003098,7,1,1,64,1,1,20,0.000000,0.000000,,,,,"Tesla V100-DGXS-32GB (0)","1","7","void at::native::vectorized_elementwise_kernel<int=4, at::native::AddFunctor<float, float>, at::detail::Array<char*, int=3>>(int, float, float)",4246,33.333333
