"Device","Context","Stream","Kernel","Correlation_ID","l2_tex_read_transactions","l2_utilization","l2_tex_read_hit_rate"
,,,,,,,%
"Tesla V100-DGXS-32GB (0)","1","7","void at::native::_GLOBAL__N__52_tmpxft_000032a2_00000000_13_Shape_compute_86_cpp1_ii_cedd8df2::CatArrayBatchedCopy<float, unsigned int, int=1, int=128, int=1>(float*, at::native::_GLOBAL__N__52_tmpxft_000032a2_00000000_13_Shape_compute_86_cpp1_ii_cedd8df2::CatArrInputTensorMetadata<at::native::_GLOBAL__N__52_tmpxft_000032a2_00000000_13_Shape_compute_86_cpp1_ii_cedd8df2::CatArrayBatchedCopy<float, unsigned int, int=1, int=128, int=1>, unsigned int, int=128, int=1>, at::native::_GLOBAL__N__52_tmpxft_000032a2_00000000_13_Shape_compute_86_cpp1_ii_cedd8df2::TensorSizeStride<at::native::_GLOBAL__N__52_tmpxft_000032a2_00000000_13_Shape_compute_86_cpp1_ii_cedd8df2::CatArrInputTensorMetadata, unsigned int=4>, int, at::native::_GLOBAL__N__52_tmpxft_000032a2_00000000_13_Shape_compute_86_cpp1_ii_cedd8df2::CatArrInputTensorMetadata)",5483,364392,"Low (2)",0.000000
"Tesla V100-DGXS-32GB (0)","1","7","void at::native::_GLOBAL__N__52_tmpxft_000032a2_00000000_13_Shape_compute_86_cpp1_ii_cedd8df2::CatArrayBatchedCopy<float, unsigned int, int=1, int=128, int=1>(float*, at::native::_GLOBAL__N__52_tmpxft_000032a2_00000000_13_Shape_compute_86_cpp1_ii_cedd8df2::CatArrInputTensorMetadata<at::native::_GLOBAL__N__52_tmpxft_000032a2_00000000_13_Shape_compute_86_cpp1_ii_cedd8df2::CatArrayBatchedCopy<float, unsigned int, int=1, int=128, int=1>, unsigned int, int=128, int=1>, at::native::_GLOBAL__N__52_tmpxft_000032a2_00000000_13_Shape_compute_86_cpp1_ii_cedd8df2::TensorSizeStride<at::native::_GLOBAL__N__52_tmpxft_000032a2_00000000_13_Shape_compute_86_cpp1_ii_cedd8df2::CatArrInputTensorMetadata, unsigned int=4>, int, at::native::_GLOBAL__N__52_tmpxft_000032a2_00000000_13_Shape_compute_86_cpp1_ii_cedd8df2::CatArrInputTensorMetadata)",5488,589952,"Low (2)",0.000000
"Tesla V100-DGXS-32GB (0)","1","7","void at::native::_GLOBAL__N__52_tmpxft_000032a2_00000000_13_Shape_compute_86_cpp1_ii_cedd8df2::CatArrayBatchedCopy<float, unsigned int, int=1, int=128, int=1>(float*, at::native::_GLOBAL__N__52_tmpxft_000032a2_00000000_13_Shape_compute_86_cpp1_ii_cedd8df2::CatArrInputTensorMetadata<at::native::_GLOBAL__N__52_tmpxft_000032a2_00000000_13_Shape_compute_86_cpp1_ii_cedd8df2::CatArrayBatchedCopy<float, unsigned int, int=1, int=128, int=1>, unsigned int, int=128, int=1>, at::native::_GLOBAL__N__52_tmpxft_000032a2_00000000_13_Shape_compute_86_cpp1_ii_cedd8df2::TensorSizeStride<at::native::_GLOBAL__N__52_tmpxft_000032a2_00000000_13_Shape_compute_86_cpp1_ii_cedd8df2::CatArrInputTensorMetadata, unsigned int=4>, int, at::native::_GLOBAL__N__52_tmpxft_000032a2_00000000_13_Shape_compute_86_cpp1_ii_cedd8df2::CatArrInputTensorMetadata)",5493,589952,"Low (2)",0.000000
"Tesla V100-DGXS-32GB (0)","1","7","void at::native::_GLOBAL__N__52_tmpxft_000032a2_00000000_13_Shape_compute_86_cpp1_ii_cedd8df2::CatArrayBatchedCopy<float, unsigned int, int=1, int=128, int=1>(float*, at::native::_GLOBAL__N__52_tmpxft_000032a2_00000000_13_Shape_compute_86_cpp1_ii_cedd8df2::CatArrInputTensorMetadata<at::native::_GLOBAL__N__52_tmpxft_000032a2_00000000_13_Shape_compute_86_cpp1_ii_cedd8df2::CatArrayBatchedCopy<float, unsigned int, int=1, int=128, int=1>, unsigned int, int=128, int=1>, at::native::_GLOBAL__N__52_tmpxft_000032a2_00000000_13_Shape_compute_86_cpp1_ii_cedd8df2::TensorSizeStride<at::native::_GLOBAL__N__52_tmpxft_000032a2_00000000_13_Shape_compute_86_cpp1_ii_cedd8df2::CatArrInputTensorMetadata, unsigned int=4>, int, at::native::_GLOBAL__N__52_tmpxft_000032a2_00000000_13_Shape_compute_86_cpp1_ii_cedd8df2::CatArrInputTensorMetadata)",5498,13140096,"Low (2)",0.000000
"Tesla V100-DGXS-32GB (0)","1","7","void at::native::_GLOBAL__N__52_tmpxft_000032a2_00000000_13_Shape_compute_86_cpp1_ii_cedd8df2::CatArrayBatchedCopy<float, unsigned int, int=1, int=128, int=1>(float*, at::native::_GLOBAL__N__52_tmpxft_000032a2_00000000_13_Shape_compute_86_cpp1_ii_cedd8df2::CatArrInputTensorMetadata<at::native::_GLOBAL__N__52_tmpxft_000032a2_00000000_13_Shape_compute_86_cpp1_ii_cedd8df2::CatArrayBatchedCopy<float, unsigned int, int=1, int=128, int=1>, unsigned int, int=128, int=1>, at::native::_GLOBAL__N__52_tmpxft_000032a2_00000000_13_Shape_compute_86_cpp1_ii_cedd8df2::TensorSizeStride<at::native::_GLOBAL__N__52_tmpxft_000032a2_00000000_13_Shape_compute_86_cpp1_ii_cedd8df2::CatArrInputTensorMetadata, unsigned int=4>, int, at::native::_GLOBAL__N__52_tmpxft_000032a2_00000000_13_Shape_compute_86_cpp1_ii_cedd8df2::CatArrInputTensorMetadata)",5503,2097664,"Low (2)",0.000000
"Tesla V100-DGXS-32GB (0)","1","7","void at::native::_GLOBAL__N__52_tmpxft_000032a2_00000000_13_Shape_compute_86_cpp1_ii_cedd8df2::CatArrayBatchedCopy<float, unsigned int, int=1, int=128, int=1>(float*, at::native::_GLOBAL__N__52_tmpxft_000032a2_00000000_13_Shape_compute_86_cpp1_ii_cedd8df2::CatArrInputTensorMetadata<at::native::_GLOBAL__N__52_tmpxft_000032a2_00000000_13_Shape_compute_86_cpp1_ii_cedd8df2::CatArrayBatchedCopy<float, unsigned int, int=1, int=128, int=1>, unsigned int, int=128, int=1>, at::native::_GLOBAL__N__52_tmpxft_000032a2_00000000_13_Shape_compute_86_cpp1_ii_cedd8df2::TensorSizeStride<at::native::_GLOBAL__N__52_tmpxft_000032a2_00000000_13_Shape_compute_86_cpp1_ii_cedd8df2::CatArrInputTensorMetadata, unsigned int=4>, int, at::native::_GLOBAL__N__52_tmpxft_000032a2_00000000_13_Shape_compute_86_cpp1_ii_cedd8df2::CatArrInputTensorMetadata)",5508,512512,"Low (2)",0.000000
"Tesla V100-DGXS-32GB (0)","1","7","void cask_cudnn::computeOffsetsKernel<bool=0, bool=0>(cask_cudnn::ComputeOffsetsParams)",5517,0,"Low (1)",0.000000
"Tesla V100-DGXS-32GB (0)","1","7","volta_scudnn_128x64_relu_medium_nn_v1",5521,720060,"Low (2)",72.164125
"Tesla V100-DGXS-32GB (0)","1","7","void at::native::unrolled_elementwise_kernel<at::native::AddFunctor<float, float>, at::detail::Array<char*, int=3>, OffsetCalculator<int=2, unsigned int, bool=0>, OffsetCalculator<int=1, unsigned int, bool=0>, at::native::memory::LoadWithoutCast, at::native::memory::StoreWithoutCast>(int, float, float, at::native::AddFunctor<float, float>, char*, int=3, at::detail::Array<char*, int=3>)",5524,3213383,"Low (2)",0.065538
"Tesla V100-DGXS-32GB (0)","1","7","_ZN2at6native29vectorized_elementwise_kernelILi4EZZZNS0_84_GLOBAL__N__60_tmpxft_00003bf5_00000000_13_TensorCompare_compute_86_cpp1_ii_d0af11f728clamp_min_scalar_kernel_implERNS_14TensorIteratorEN3c106ScalarEENKUlvE_clEvENKUlvE6_clEvEUlfE_NS_6detail5ArrayIPcLi2EEEEEviT0_T1_",5529,3211264,"Low (2)",0.000000
"Tesla V100-DGXS-32GB (0)","1","7","void cudnn::winograd::generateWinogradTilesKernel<int=0, float, float>(cudnn::winograd::GenerateWinogradTilesParams<float, float>)",5533,5120,"Low (1)",100.000000
"Tesla V100-DGXS-32GB (0)","1","7","volta_scudnn_winograd_128x128_ldg1_ldg4_relu_tile148t_nt_v1",5537,40933070,"Low (2)",81.245120
"Tesla V100-DGXS-32GB (0)","1","7","void at::native::unrolled_elementwise_kernel<at::native::AddFunctor<float, float>, at::detail::Array<char*, int=3>, OffsetCalculator<int=2, unsigned int, bool=0>, OffsetCalculator<int=1, unsigned int, bool=0>, at::native::memory::LoadWithoutCast, at::native::memory::StoreWithoutCast>(int, float, float, at::native::AddFunctor<float, float>, char*, int=3, at::detail::Array<char*, int=3>)",5541,3213396,"Low (2)",0.063173
"Tesla V100-DGXS-32GB (0)","1","7","_ZN2at6native29vectorized_elementwise_kernelILi4EZZZNS0_84_GLOBAL__N__60_tmpxft_00003bf5_00000000_13_TensorCompare_compute_86_cpp1_ii_d0af11f728clamp_min_scalar_kernel_implERNS_14TensorIteratorEN3c106ScalarEENKUlvE_clEvENKUlvE6_clEvEUlfE_NS_6detail5ArrayIPcLi2EEEEEviT0_T1_",5546,3211264,"Low (2)",0.000000
"Tesla V100-DGXS-32GB (0)","1","7","void at::native::_GLOBAL__N__63_tmpxft_00007dfa_00000000_13_DilatedMaxPool2d_compute_86_cpp1_ii_6258b574::max_pool_forward_nchw<float, float>(int, float const *, int, int, int, int, int, int, int, int, int, int, int, int, int, int, at::native::_GLOBAL__N__63_tmpxft_00007dfa_00000000_13_DilatedMaxPool2d_compute_86_cpp1_ii_6258b574::max_pool_forward_nchw<float, float>*, long*)",5553,3591420,"Low (2)",10.542794
"Tesla V100-DGXS-32GB (0)","1","7","void cudnn::winograd::generateWinogradTilesKernel<int=0, float, float>(cudnn::winograd::GenerateWinogradTilesParams<float, float>)",5557,10240,"Low (1)",100.000000
"Tesla V100-DGXS-32GB (0)","1","7","volta_scudnn_winograd_128x128_ldg1_ldg4_relu_tile148t_nt_v1",5561,20138484,"Low (3)",91.237722
"Tesla V100-DGXS-32GB (0)","1","7","void at::native::unrolled_elementwise_kernel<at::native::AddFunctor<float, float>, at::detail::Array<char*, int=3>, OffsetCalculator<int=2, unsigned int, bool=0>, OffsetCalculator<int=1, unsigned int, bool=0>, at::native::memory::LoadWithoutCast, at::native::memory::StoreWithoutCast>(int, float, float, at::native::AddFunctor<float, float>, char*, int=3, at::detail::Array<char*, int=3>)",5565,1608219,"Low (2)",0.152902
"Tesla V100-DGXS-32GB (0)","1","7","_ZN2at6native29vectorized_elementwise_kernelILi4EZZZNS0_84_GLOBAL__N__60_tmpxft_00003bf5_00000000_13_TensorCompare_compute_86_cpp1_ii_d0af11f728clamp_min_scalar_kernel_implERNS_14TensorIteratorEN3c106ScalarEENKUlvE_clEvENKUlvE6_clEvEUlfE_NS_6detail5ArrayIPcLi2EEEEEviT0_T1_",5569,1605632,"Low (2)",0.000000
"Tesla V100-DGXS-32GB (0)","1","7","void cudnn::winograd::generateWinogradTilesKernel<int=0, float, float>(cudnn::winograd::GenerateWinogradTilesParams<float, float>)",5573,20480,"Low (1)",43.471680
"Tesla V100-DGXS-32GB (0)","1","7","volta_scudnn_winograd_128x128_ldg1_ldg4_relu_tile148t_nt_v1",5577,40294292,"Low (2)",89.457365
"Tesla V100-DGXS-32GB (0)","1","7","void at::native::unrolled_elementwise_kernel<at::native::AddFunctor<float, float>, at::detail::Array<char*, int=3>, OffsetCalculator<int=2, unsigned int, bool=0>, OffsetCalculator<int=1, unsigned int, bool=0>, at::native::memory::LoadWithoutCast, at::native::memory::StoreWithoutCast>(int, float, float, at::native::AddFunctor<float, float>, char*, int=3, at::detail::Array<char*, int=3>)",5579,1608261,"Low (2)",0.164090
"Tesla V100-DGXS-32GB (0)","1","7","_ZN2at6native29vectorized_elementwise_kernelILi4EZZZNS0_84_GLOBAL__N__60_tmpxft_00003bf5_00000000_13_TensorCompare_compute_86_cpp1_ii_d0af11f728clamp_min_scalar_kernel_implERNS_14TensorIteratorEN3c106ScalarEENKUlvE_clEvENKUlvE6_clEvEUlfE_NS_6detail5ArrayIPcLi2EEEEEviT0_T1_",5586,1605632,"Low (2)",0.000000
"Tesla V100-DGXS-32GB (0)","1","7","void at::native::_GLOBAL__N__63_tmpxft_00007dfa_00000000_13_DilatedMaxPool2d_compute_86_cpp1_ii_6258b574::max_pool_forward_nchw<float, float>(int, float const *, int, int, int, int, int, int, int, int, int, int, int, int, int, int, at::native::_GLOBAL__N__63_tmpxft_00007dfa_00000000_13_DilatedMaxPool2d_compute_86_cpp1_ii_6258b574::max_pool_forward_nchw<float, float>*, long*)",5593,1712328,"Low (2)",6.391182
"Tesla V100-DGXS-32GB (0)","1","7","void cudnn::winograd::generateWinogradTilesKernel<int=0, float, float>(cudnn::winograd::GenerateWinogradTilesParams<float, float>)",5597,40960,"Low (2)",40.991211
"Tesla V100-DGXS-32GB (0)","1","7","volta_scudnn_winograd_128x128_ldg1_ldg4_relu_tile148t_nt_v1",5601,21867491,"Low (2)",93.757921
"Tesla V100-DGXS-32GB (0)","1","7","void at::native::unrolled_elementwise_kernel<at::native::AddFunctor<float, float>, at::detail::Array<char*, int=3>, OffsetCalculator<int=2, unsigned int, bool=0>, OffsetCalculator<int=1, unsigned int, bool=0>, at::native::memory::LoadWithoutCast, at::native::memory::StoreWithoutCast>(int, float, float, at::native::AddFunctor<float, float>, char*, int=3, at::detail::Array<char*, int=3>)",5604,805921,"Low (2)",0.394704
"Tesla V100-DGXS-32GB (0)","1","7","_ZN2at6native29vectorized_elementwise_kernelILi4EZZZNS0_84_GLOBAL__N__60_tmpxft_00003bf5_00000000_13_TensorCompare_compute_86_cpp1_ii_d0af11f728clamp_min_scalar_kernel_implERNS_14TensorIteratorEN3c106ScalarEENKUlvE_clEvENKUlvE6_clEvEUlfE_NS_6detail5ArrayIPcLi2EEEEEviT0_T1_",5609,802816,"Low (2)",0.000000
"Tesla V100-DGXS-32GB (0)","1","7","void cudnn::winograd::generateWinogradTilesKernel<int=0, float, float>(cudnn::winograd::GenerateWinogradTilesParams<float, float>)",5613,81988,"Low (1)",41.540225
"Tesla V100-DGXS-32GB (0)","1","7","volta_scudnn_winograd_128x128_ldg1_ldg4_relu_tile148t_nt_v1",5617,43760762,"Low (2)",90.214076
"Tesla V100-DGXS-32GB (0)","1","7","void at::native::unrolled_elementwise_kernel<at::native::AddFunctor<float, float>, at::detail::Array<char*, int=3>, OffsetCalculator<int=2, unsigned int, bool=0>, OffsetCalculator<int=1, unsigned int, bool=0>, at::native::memory::LoadWithoutCast, at::native::memory::StoreWithoutCast>(int, float, float, at::native::AddFunctor<float, float>, char*, int=3, at::detail::Array<char*, int=3>)",5620,805921,"Low (2)",0.398550
"Tesla V100-DGXS-32GB (0)","1","7","_ZN2at6native29vectorized_elementwise_kernelILi4EZZZNS0_84_GLOBAL__N__60_tmpxft_00003bf5_00000000_13_TensorCompare_compute_86_cpp1_ii_d0af11f728clamp_min_scalar_kernel_implERNS_14TensorIteratorEN3c106ScalarEENKUlvE_clEvENKUlvE6_clEvEUlfE_NS_6detail5ArrayIPcLi2EEEEEviT0_T1_",5626,802816,"Low (2)",0.000000
"Tesla V100-DGXS-32GB (0)","1","7","void cudnn::winograd::generateWinogradTilesKernel<int=0, float, float>(cudnn::winograd::GenerateWinogradTilesParams<float, float>)",5635,81963,"Low (1)",41.590718
"Tesla V100-DGXS-32GB (0)","1","7","volta_scudnn_winograd_128x128_ldg1_ldg4_relu_tile148t_nt_v1",5639,43773185,"Low (2)",90.897329
"Tesla V100-DGXS-32GB (0)","1","7","void at::native::unrolled_elementwise_kernel<at::native::AddFunctor<float, float>, at::detail::Array<char*, int=3>, OffsetCalculator<int=2, unsigned int, bool=0>, OffsetCalculator<int=1, unsigned int, bool=0>, at::native::memory::LoadWithoutCast, at::native::memory::StoreWithoutCast>(int, float, float, at::native::AddFunctor<float, float>, char*, int=3, at::detail::Array<char*, int=3>)",5642,805998,"Low (2)",0.384120
"Tesla V100-DGXS-32GB (0)","1","7","_ZN2at6native29vectorized_elementwise_kernelILi4EZZZNS0_84_GLOBAL__N__60_tmpxft_00003bf5_00000000_13_TensorCompare_compute_86_cpp1_ii_d0af11f728clamp_min_scalar_kernel_implERNS_14TensorIteratorEN3c106ScalarEENKUlvE_clEvENKUlvE6_clEvEUlfE_NS_6detail5ArrayIPcLi2EEEEEviT0_T1_",5650,802816,"Low (2)",0.000000
"Tesla V100-DGXS-32GB (0)","1","7","void at::native::_GLOBAL__N__63_tmpxft_00007dfa_00000000_13_DilatedMaxPool2d_compute_86_cpp1_ii_6258b574::max_pool_forward_nchw<float, float>(int, float const *, int, int, int, int, int, int, int, int, int, int, int, int, int, int, at::native::_GLOBAL__N__63_tmpxft_00007dfa_00000000_13_DilatedMaxPool2d_compute_86_cpp1_ii_6258b574::max_pool_forward_nchw<float, float>*, long*)",5654,834667,"Low (2)",15.637973
"Tesla V100-DGXS-32GB (0)","1","7","void cudnn::winograd::generateWinogradTilesKernel<int=0, float, float>(cudnn::winograd::GenerateWinogradTilesParams<float, float>)",5661,168192,"Low (2)",43.513366
"Tesla V100-DGXS-32GB (0)","1","7","volta_scudnn_winograd_128x128_ldg1_ldg4_relu_tile148t_nt_v1",5665,22848609,"Low (2)",86.825233
"Tesla V100-DGXS-32GB (0)","1","7","void at::native::unrolled_elementwise_kernel<at::native::AddFunctor<float, float>, at::detail::Array<char*, int=3>, OffsetCalculator<int=2, unsigned int, bool=0>, OffsetCalculator<int=1, unsigned int, bool=0>, at::native::memory::LoadWithoutCast, at::native::memory::StoreWithoutCast>(int, float, float, at::native::AddFunctor<float, float>, char*, int=3, at::detail::Array<char*, int=3>)",5667,406078,"Low (2)",1.148055
"Tesla V100-DGXS-32GB (0)","1","7","_ZN2at6native29vectorized_elementwise_kernelILi4EZZZNS0_84_GLOBAL__N__60_tmpxft_00003bf5_00000000_13_TensorCompare_compute_86_cpp1_ii_d0af11f728clamp_min_scalar_kernel_implERNS_14TensorIteratorEN3c106ScalarEENKUlvE_clEvENKUlvE6_clEvEUlfE_NS_6detail5ArrayIPcLi2EEEEEviT0_T1_",5674,401408,"Low (2)",0.000000
"Tesla V100-DGXS-32GB (0)","1","7","void cudnn::winograd_nonfused::winogradForwardData4x4<float, float>(cudnn::winograd_nonfused::WinogradDataParams<float, float>)",5678,718428,"Low (2)",56.343155
"Tesla V100-DGXS-32GB (0)","1","7","void cudnn::winograd_nonfused::winogradForwardFilter4x4<float, float>(cudnn::winograd_nonfused::WinogradFilterParams<float, float>)",5682,294912,"Low (2)",0.000000
"Tesla V100-DGXS-32GB (0)","1","7","volta_sgemm_32x128_nn",5684,36573986,"Low (2)",90.762423
"Tesla V100-DGXS-32GB (0)","1","7","void cudnn::winograd_nonfused::winogradForwardOutput4x4<float, float>(cudnn::winograd_nonfused::WinogradOutputParams<float, float>)",5687,1806336,"Low (2)",0.000000
"Tesla V100-DGXS-32GB (0)","1","7","void at::native::unrolled_elementwise_kernel<at::native::AddFunctor<float, float>, at::detail::Array<char*, int=3>, OffsetCalculator<int=2, unsigned int, bool=0>, OffsetCalculator<int=1, unsigned int, bool=0>, at::native::memory::LoadWithoutCast, at::native::memory::StoreWithoutCast>(int, float, float, at::native::AddFunctor<float, float>, char*, int=3, at::detail::Array<char*, int=3>)",5689,406113,"Low (2)",1.144263
"Tesla V100-DGXS-32GB (0)","1","7","_ZN2at6native29vectorized_elementwise_kernelILi4EZZZNS0_84_GLOBAL__N__60_tmpxft_00003bf5_00000000_13_TensorCompare_compute_86_cpp1_ii_d0af11f728clamp_min_scalar_kernel_implERNS_14TensorIteratorEN3c106ScalarEENKUlvE_clEvENKUlvE6_clEvEUlfE_NS_6detail5ArrayIPcLi2EEEEEviT0_T1_",5697,401408,"Low (2)",0.000000
"Tesla V100-DGXS-32GB (0)","1","7","void cudnn::winograd_nonfused::winogradForwardData4x4<float, float>(cudnn::winograd_nonfused::WinogradDataParams<float, float>)",5701,717613,"Low (2)",55.179324
"Tesla V100-DGXS-32GB (0)","1","7","void cudnn::winograd_nonfused::winogradForwardFilter4x4<float, float>(cudnn::winograd_nonfused::WinogradFilterParams<float, float>)",5705,294912,"Low (2)",0.000000
"Tesla V100-DGXS-32GB (0)","1","7","volta_sgemm_32x128_nn",5707,36523418,"Low (2)",91.973462
"Tesla V100-DGXS-32GB (0)","1","7","void cudnn::winograd_nonfused::winogradForwardOutput4x4<float, float>(cudnn::winograd_nonfused::WinogradOutputParams<float, float>)",5710,1806336,"Low (2)",0.000000
"Tesla V100-DGXS-32GB (0)","1","7","void at::native::unrolled_elementwise_kernel<at::native::AddFunctor<float, float>, at::detail::Array<char*, int=3>, OffsetCalculator<int=2, unsigned int, bool=0>, OffsetCalculator<int=1, unsigned int, bool=0>, at::native::memory::LoadWithoutCast, at::native::memory::StoreWithoutCast>(int, float, float, at::native::AddFunctor<float, float>, char*, int=3, at::detail::Array<char*, int=3>)",5713,406066,"Low (2)",1.161634
"Tesla V100-DGXS-32GB (0)","1","7","_ZN2at6native29vectorized_elementwise_kernelILi4EZZZNS0_84_GLOBAL__N__60_tmpxft_00003bf5_00000000_13_TensorCompare_compute_86_cpp1_ii_d0af11f728clamp_min_scalar_kernel_implERNS_14TensorIteratorEN3c106ScalarEENKUlvE_clEvENKUlvE6_clEvEUlfE_NS_6detail5ArrayIPcLi2EEEEEviT0_T1_",5721,401408,"Low (2)",0.000000
"Tesla V100-DGXS-32GB (0)","1","7","void at::native::_GLOBAL__N__63_tmpxft_00007dfa_00000000_13_DilatedMaxPool2d_compute_86_cpp1_ii_6258b574::max_pool_forward_nchw<float, float>(int, float const *, int, int, int, int, int, int, int, int, int, int, int, int, int, int, at::native::_GLOBAL__N__63_tmpxft_00007dfa_00000000_13_DilatedMaxPool2d_compute_86_cpp1_ii_6258b574::max_pool_forward_nchw<float, float>*, long*)",5725,422635,"Low (2)",22.558946
"Tesla V100-DGXS-32GB (0)","1","7","void cudnn::winograd::generateWinogradTilesKernel<int=0, float, float>(cudnn::winograd::GenerateWinogradTilesParams<float, float>)",5730,343426,"Low (2)",43.510684
"Tesla V100-DGXS-32GB (0)","1","7","volta_scudnn_winograd_128x128_ldg1_ldg4_relu_tile148t_nt_v1",5734,10256634,"Low (2)",82.929370
"Tesla V100-DGXS-32GB (0)","1","7","void at::native::unrolled_elementwise_kernel<at::native::AddFunctor<float, float>, at::detail::Array<char*, int=3>, OffsetCalculator<int=2, unsigned int, bool=0>, OffsetCalculator<int=1, unsigned int, bool=0>, at::native::memory::LoadWithoutCast, at::native::memory::StoreWithoutCast>(int, float, float, at::native::AddFunctor<float, float>, char*, int=3, at::detail::Array<char*, int=3>)",5736,103202,"Low (1)",28.562431
"Tesla V100-DGXS-32GB (0)","1","7","_ZN2at6native29vectorized_elementwise_kernelILi4EZZZNS0_84_GLOBAL__N__60_tmpxft_00003bf5_00000000_13_TensorCompare_compute_86_cpp1_ii_d0af11f728clamp_min_scalar_kernel_implERNS_14TensorIteratorEN3c106ScalarEENKUlvE_clEvENKUlvE6_clEvEUlfE_NS_6detail5ArrayIPcLi2EEEEEviT0_T1_",5741,100352,"Low (2)",0.000000
"Tesla V100-DGXS-32GB (0)","1","7","void cudnn::winograd::generateWinogradTilesKernel<int=0, float, float>(cudnn::winograd::GenerateWinogradTilesParams<float, float>)",5747,346097,"Low (2)",43.209852
"Tesla V100-DGXS-32GB (0)","1","7","volta_scudnn_winograd_128x128_ldg1_ldg4_relu_tile148t_nt_v1",5750,10254196,"Low (2)",82.790499
"Tesla V100-DGXS-32GB (0)","1","7","void at::native::unrolled_elementwise_kernel<at::native::AddFunctor<float, float>, at::detail::Array<char*, int=3>, OffsetCalculator<int=2, unsigned int, bool=0>, OffsetCalculator<int=1, unsigned int, bool=0>, at::native::memory::LoadWithoutCast, at::native::memory::StoreWithoutCast>(int, float, float, at::native::AddFunctor<float, float>, char*, int=3, at::detail::Array<char*, int=3>)",5753,103496,"Low (2)",30.542243
"Tesla V100-DGXS-32GB (0)","1","7","_ZN2at6native29vectorized_elementwise_kernelILi4EZZZNS0_84_GLOBAL__N__60_tmpxft_00003bf5_00000000_13_TensorCompare_compute_86_cpp1_ii_d0af11f728clamp_min_scalar_kernel_implERNS_14TensorIteratorEN3c106ScalarEENKUlvE_clEvENKUlvE6_clEvEUlfE_NS_6detail5ArrayIPcLi2EEEEEviT0_T1_",5756,100352,"Low (2)",32.908163
"Tesla V100-DGXS-32GB (0)","1","7","void cudnn::winograd::generateWinogradTilesKernel<int=0, float, float>(cudnn::winograd::GenerateWinogradTilesParams<float, float>)",5759,342113,"Low (2)",44.572700
"Tesla V100-DGXS-32GB (0)","1","7","volta_scudnn_winograd_128x128_ldg1_ldg4_relu_tile148t_nt_v1",5762,10265432,"Low (2)",80.022360
"Tesla V100-DGXS-32GB (0)","1","7","void at::native::unrolled_elementwise_kernel<at::native::AddFunctor<float, float>, at::detail::Array<char*, int=3>, OffsetCalculator<int=2, unsigned int, bool=0>, OffsetCalculator<int=1, unsigned int, bool=0>, at::native::memory::LoadWithoutCast, at::native::memory::StoreWithoutCast>(int, float, float, at::native::AddFunctor<float, float>, char*, int=3, at::detail::Array<char*, int=3>)",5765,103135,"Low (2)",8.654676
"Tesla V100-DGXS-32GB (0)","1","7","_ZN2at6native29vectorized_elementwise_kernelILi4EZZZNS0_84_GLOBAL__N__60_tmpxft_00003bf5_00000000_13_TensorCompare_compute_86_cpp1_ii_d0af11f728clamp_min_scalar_kernel_implERNS_14TensorIteratorEN3c106ScalarEENKUlvE_clEvENKUlvE6_clEvEUlfE_NS_6detail5ArrayIPcLi2EEEEEviT0_T1_",5768,100352,"Low (1)",5.863361
"Tesla V100-DGXS-32GB (0)","1","7","void at::native::_GLOBAL__N__63_tmpxft_00007dfa_00000000_13_DilatedMaxPool2d_compute_86_cpp1_ii_6258b574::max_pool_forward_nchw<float, float>(int, float const *, int, int, int, int, int, int, int, int, int, int, int, int, int, int, at::native::_GLOBAL__N__63_tmpxft_00007dfa_00000000_13_DilatedMaxPool2d_compute_86_cpp1_ii_6258b574::max_pool_forward_nchw<float, float>*, long*)",5771,102169,"Low (1)",31.611350
"Tesla V100-DGXS-32GB (0)","1","7","void at::native::_GLOBAL__N__69_tmpxft_0000539c_00000000_13_AdaptiveAveragePooling_compute_86_cpp1_ii_eb1948c3::adaptive_average_pool<float>(float*, float, int, int, int, int, long, long, long)",5774,28606,"Low (1)",100.020975
"Tesla V100-DGXS-32GB (0)","1","7","_ZN2at6native27unrolled_elementwise_kernelIZZZNS0_21copy_device_to_deviceERNS_14TensorIteratorEbENKUlvE1_clEvENKUlvE6_clEvEUlfE_NS_6detail5ArrayIPcLi2EEE16OffsetCalculatorILi1EjLb0EESC_NS0_6memory15LoadWithoutCastENSD_16StoreWithoutCastEEEviT_T0_T1_T2_T3_T4_",5777,2560,"Low (1)",100.000000
"Tesla V100-DGXS-32GB (0)","1","7","volta_sgemm_64x32_sliced1x4_tn",5780,15734076,"Low (2)",27.375970
"Tesla V100-DGXS-32GB (0)","1","7","void splitKreduce_kernel<float, float, float, float, bool=1, bool=0, bool=0>(cublasSplitKParams<float>, float const *, float const *, float*, float const *, float const *, float const *, float const *, float*, void*, long, float*, int*)",5783,65536,"Low (1)",66.406250
"Tesla V100-DGXS-32GB (0)","1","7","_ZN2at6native29vectorized_elementwise_kernelILi4EZZZNS0_84_GLOBAL__N__60_tmpxft_00003bf5_00000000_13_TensorCompare_compute_86_cpp1_ii_d0af11f728clamp_min_scalar_kernel_implERNS_14TensorIteratorEN3c106ScalarEENKUlvE_clEvENKUlvE6_clEvEUlfE_NS_6detail5ArrayIPcLi2EEEEEviT0_T1_",5786,4096,"Low (1)",0.000000
"Tesla V100-DGXS-32GB (0)","1","7","void at::native::_GLOBAL__N__54_tmpxft_000083c5_00000000_13_Dropout_compute_86_cpp1_ii_dfc8fc1b::fused_dropout_kernel_vec<float, float, unsigned int, int=1, int=4>(at::cuda::detail::TensorInfo<float, unsigned int>, unsigned int, at::cuda::detail<bool, float>, float, float, at::cuda::detail<bool, float>, at::PhiloxCudaState)",5789,4096,"Low (1)",0.000000
"Tesla V100-DGXS-32GB (0)","1","7","_ZN2at6native27unrolled_elementwise_kernelIZZZNS0_21copy_device_to_deviceERNS_14TensorIteratorEbENKUlvE1_clEvENKUlvE6_clEvEUlfE_NS_6detail5ArrayIPcLi2EEE16OffsetCalculatorILi1EjLb0EESC_NS0_6memory15LoadWithoutCastENSD_16StoreWithoutCastEEEviT_T0_T1_T2_T3_T4_",5792,2560,"Low (1)",100.000000
"Tesla V100-DGXS-32GB (0)","1","7","void gemmSN_TN_kernel<float, int=128, int=16, int=2, int=4, int=8, int=9, bool=0, cublasGemvTensorStridedBatched<float const >, cublasGemvTensorStridedBatched<float const >, cublasGemvTensorStridedBatched<float>>(cublasGemmSmallNParams<float const , cublasGemvTensorStridedBatched<float const >, cublasGemvTensorStridedBatched<float const >, float>)",5795,3594107,"Low (2)",42.540581
"Tesla V100-DGXS-32GB (0)","1","7","_ZN2at6native29vectorized_elementwise_kernelILi4EZZZNS0_84_GLOBAL__N__60_tmpxft_00003bf5_00000000_13_TensorCompare_compute_86_cpp1_ii_d0af11f728clamp_min_scalar_kernel_implERNS_14TensorIteratorEN3c106ScalarEENKUlvE_clEvENKUlvE6_clEvEUlfE_NS_6detail5ArrayIPcLi2EEEEEviT0_T1_",5798,4096,"Low (1)",100.000000
"Tesla V100-DGXS-32GB (0)","1","7","void at::native::_GLOBAL__N__54_tmpxft_000083c5_00000000_13_Dropout_compute_86_cpp1_ii_dfc8fc1b::fused_dropout_kernel_vec<float, float, unsigned int, int=1, int=4>(at::cuda::detail::TensorInfo<float, unsigned int>, unsigned int, at::cuda::detail<bool, float>, float, float, at::cuda::detail<bool, float>, at::PhiloxCudaState)",5801,4096,"Low (1)",81.054688
"Tesla V100-DGXS-32GB (0)","1","7","_ZN2at6native27unrolled_elementwise_kernelIZZZNS0_21copy_device_to_deviceERNS_14TensorIteratorEbENKUlvE1_clEvENKUlvE6_clEvEUlfE_NS_6detail5ArrayIPcLi2EEE16OffsetCalculatorILi1EjLb0EESC_NS0_6memory15LoadWithoutCastENSD_16StoreWithoutCastEEEviT_T0_T1_T2_T3_T4_",5804,1000,"Low (1)",89.800000
"Tesla V100-DGXS-32GB (0)","1","7","volta_sgemm_64x32_sliced1x4_tn",5807,577536,"Low (1)",10.638298
"Tesla V100-DGXS-32GB (0)","1","7","void splitKreduce_kernel<float, float, float, float, bool=1, bool=0, bool=0>(cublasSplitKParams<float>, float const *, float const *, float*, float const *, float const *, float const *, float const *, float*, void*, long, float*, int*)",5810,9000,"Low (1)",100.000000
"Tesla V100-DGXS-32GB (0)","1","7","void _GLOBAL__N__54_tmpxft_00008025_00000000_13_SoftMax_compute_86_cpp1_ii_a3310042::softmax_warp_forward<float, float, float, int=10, bool=1>(float*, float const *, int, int, int)",5814,4000,"Low (1)",12.800000
"Tesla V100-DGXS-32GB (0)","1","7","void at::native::_GLOBAL__N__51_tmpxft_0000087b_00000000_13_Loss_compute_86_cpp1_ii_5c69dde6::nll_loss_forward_reduce_cuda_kernel_2d<float, float, long>(float*, float, float, long*, float, bool, int, int, int, long)",5815,40,"Low (1)",100.000000
"Tesla V100-DGXS-32GB (0)","1","7","void at::native::vectorized_elementwise_kernel<int=4, at::native::FillFunctor<float>, at::detail::Array<char*, int=1>>(int, float, at::native::FillFunctor<float>)",5816,0,"Low (1)",0.000000
"Tesla V100-DGXS-32GB (0)","1","7","void at::native::vectorized_elementwise_kernel<int=4, at::native::FillFunctor<float>, at::detail::Array<char*, int=1>>(int, float, at::native::FillFunctor<float>)",5817,0,"Low (1)",0.000000
"Tesla V100-DGXS-32GB (0)","1","7","void at::native::vectorized_elementwise_kernel<int=4, at::native::FillFunctor<float>, at::detail::Array<char*, int=1>>(int, float, at::native::FillFunctor<float>)",5818,0,"Low (1)",0.000000
"Tesla V100-DGXS-32GB (0)","1","7","void at::native::vectorized_elementwise_kernel<int=4, at::native::FillFunctor<float>, at::detail::Array<char*, int=1>>(int, float, at::native::FillFunctor<float>)",5819,0,"Low (1)",0.000000
"Tesla V100-DGXS-32GB (0)","1","7","void at::native::vectorized_elementwise_kernel<int=4, at::native::FillFunctor<float>, at::detail::Array<char*, int=1>>(int, float, at::native::FillFunctor<float>)",5820,0,"Low (1)",0.000000
"Tesla V100-DGXS-32GB (0)","1","7","void at::native::vectorized_elementwise_kernel<int=4, at::native::FillFunctor<float>, at::detail::Array<char*, int=1>>(int, float, at::native::FillFunctor<float>)",5821,0,"Low (1)",0.000000
"Tesla V100-DGXS-32GB (0)","1","7","void at::native::vectorized_elementwise_kernel<int=4, at::native::FillFunctor<float>, at::detail::Array<char*, int=1>>(int, float, at::native::FillFunctor<float>)",5822,0,"Low (1)",0.000000
"Tesla V100-DGXS-32GB (0)","1","7","void at::native::vectorized_elementwise_kernel<int=4, at::native::FillFunctor<float>, at::detail::Array<char*, int=1>>(int, float, at::native::FillFunctor<float>)",5823,0,"Low (1)",0.000000
"Tesla V100-DGXS-32GB (0)","1","7","void at::native::vectorized_elementwise_kernel<int=4, at::native::FillFunctor<float>, at::detail::Array<char*, int=1>>(int, float, at::native::FillFunctor<float>)",5824,0,"Low (1)",0.000000
"Tesla V100-DGXS-32GB (0)","1","7","void at::native::vectorized_elementwise_kernel<int=4, at::native::FillFunctor<float>, at::detail::Array<char*, int=1>>(int, float, at::native::FillFunctor<float>)",5825,0,"Low (1)",0.000000
"Tesla V100-DGXS-32GB (0)","1","7","void at::native::vectorized_elementwise_kernel<int=4, at::native::FillFunctor<float>, at::detail::Array<char*, int=1>>(int, float, at::native::FillFunctor<float>)",5826,0,"Low (1)",0.000000
"Tesla V100-DGXS-32GB (0)","1","7","void at::native::vectorized_elementwise_kernel<int=4, at::native::FillFunctor<float>, at::detail::Array<char*, int=1>>(int, float, at::native::FillFunctor<float>)",5827,0,"Low (1)",0.000000
"Tesla V100-DGXS-32GB (0)","1","7","void at::native::vectorized_elementwise_kernel<int=4, at::native::FillFunctor<float>, at::detail::Array<char*, int=1>>(int, float, at::native::FillFunctor<float>)",5828,0,"Low (1)",0.000000
"Tesla V100-DGXS-32GB (0)","1","7","void at::native::vectorized_elementwise_kernel<int=4, at::native::FillFunctor<float>, at::detail::Array<char*, int=1>>(int, float, at::native::FillFunctor<float>)",5829,0,"Low (1)",0.000000
"Tesla V100-DGXS-32GB (0)","1","7","void at::native::vectorized_elementwise_kernel<int=4, at::native::FillFunctor<float>, at::detail::Array<char*, int=1>>(int, float, at::native::FillFunctor<float>)",5830,0,"Low (1)",0.000000
"Tesla V100-DGXS-32GB (0)","1","7","void at::native::vectorized_elementwise_kernel<int=4, at::native::FillFunctor<float>, at::detail::Array<char*, int=1>>(int, float, at::native::FillFunctor<float>)",5831,0,"Low (1)",0.000000
"Tesla V100-DGXS-32GB (0)","1","7","void at::native::vectorized_elementwise_kernel<int=4, at::native::FillFunctor<float>, at::detail::Array<char*, int=1>>(int, float, at::native::FillFunctor<float>)",5832,0,"Low (1)",0.000000
"Tesla V100-DGXS-32GB (0)","1","7","void at::native::vectorized_elementwise_kernel<int=4, at::native::FillFunctor<float>, at::detail::Array<char*, int=1>>(int, float, at::native::FillFunctor<float>)",5833,0,"Low (1)",0.000000
"Tesla V100-DGXS-32GB (0)","1","7","void at::native::vectorized_elementwise_kernel<int=4, at::native::FillFunctor<float>, at::detail::Array<char*, int=1>>(int, float, at::native::FillFunctor<float>)",5834,0,"Low (1)",0.000000
"Tesla V100-DGXS-32GB (0)","1","7","void at::native::vectorized_elementwise_kernel<int=4, at::native::FillFunctor<float>, at::detail::Array<char*, int=1>>(int, float, at::native::FillFunctor<float>)",5835,0,"Low (1)",0.000000
"Tesla V100-DGXS-32GB (0)","1","7","void at::native::vectorized_elementwise_kernel<int=4, at::native::FillFunctor<float>, at::detail::Array<char*, int=1>>(int, float, at::native::FillFunctor<float>)",5836,0,"Low (2)",0.000000
"Tesla V100-DGXS-32GB (0)","1","7","void at::native::vectorized_elementwise_kernel<int=4, at::native::FillFunctor<float>, at::detail::Array<char*, int=1>>(int, float, at::native::FillFunctor<float>)",5837,0,"Low (1)",0.000000
"Tesla V100-DGXS-32GB (0)","1","7","void at::native::vectorized_elementwise_kernel<int=4, at::native::FillFunctor<float>, at::detail::Array<char*, int=1>>(int, float, at::native::FillFunctor<float>)",5838,0,"Low (1)",0.000000
"Tesla V100-DGXS-32GB (0)","1","7","void at::native::vectorized_elementwise_kernel<int=4, at::native::FillFunctor<float>, at::detail::Array<char*, int=1>>(int, float, at::native::FillFunctor<float>)",5839,0,"Low (1)",0.000000
"Tesla V100-DGXS-32GB (0)","1","7","void at::native::vectorized_elementwise_kernel<int=4, at::native::FillFunctor<float>, at::detail::Array<char*, int=1>>(int, float, at::native::FillFunctor<float>)",5840,0,"Low (1)",0.000000
"Tesla V100-DGXS-32GB (0)","1","7","void at::native::vectorized_elementwise_kernel<int=4, at::native::FillFunctor<float>, at::detail::Array<char*, int=1>>(int, float, at::native::FillFunctor<float>)",5841,0,"Low (1)",0.000000
"Tesla V100-DGXS-32GB (0)","1","7","void at::native::vectorized_elementwise_kernel<int=4, at::native::FillFunctor<float>, at::detail::Array<char*, int=1>>(int, float, at::native::FillFunctor<float>)",5842,0,"Low (2)",0.000000
"Tesla V100-DGXS-32GB (0)","1","7","void at::native::vectorized_elementwise_kernel<int=4, at::native::FillFunctor<float>, at::detail::Array<char*, int=1>>(int, float, at::native::FillFunctor<float>)",5843,0,"Low (1)",0.000000
"Tesla V100-DGXS-32GB (0)","1","7","void at::native::vectorized_elementwise_kernel<int=4, at::native::FillFunctor<float>, at::detail::Array<char*, int=1>>(int, float, at::native::FillFunctor<float>)",5844,0,"Low (2)",0.000000
"Tesla V100-DGXS-32GB (0)","1","7","void at::native::vectorized_elementwise_kernel<int=4, at::native::FillFunctor<float>, at::detail::Array<char*, int=1>>(int, float, at::native::FillFunctor<float>)",5845,0,"Low (1)",0.000000
"Tesla V100-DGXS-32GB (0)","1","7","void at::native::vectorized_elementwise_kernel<int=4, at::native::FillFunctor<float>, at::detail::Array<char*, int=1>>(int, float, at::native::FillFunctor<float>)",5846,0,"Low (2)",0.000000
"Tesla V100-DGXS-32GB (0)","1","7","void at::native::vectorized_elementwise_kernel<int=4, at::native::FillFunctor<float>, at::detail::Array<char*, int=1>>(int, float, at::native::FillFunctor<float>)",5847,0,"Low (1)",0.000000
"Tesla V100-DGXS-32GB (0)","1","7","void at::native::vectorized_elementwise_kernel<int=4, at::native::FillFunctor<float>, at::detail::Array<char*, int=1>>(int, float, at::native::FillFunctor<float>)",5848,0,"Low (1)",0.000000
"Tesla V100-DGXS-32GB (0)","1","7","void at::native::vectorized_elementwise_kernel<int=4, at::native::FillFunctor<float>, at::detail::Array<char*, int=1>>(int, float, at::native::FillFunctor<float>)",5849,0,"Low (1)",0.000000
"Tesla V100-DGXS-32GB (0)","1","7","void at::native::_GLOBAL__N__51_tmpxft_0000087b_00000000_13_Loss_compute_86_cpp1_ii_5c69dde6::nll_loss_backward_reduce_cuda_kernel_2d<float, long>(float*, float, long*, float, float, bool, int, int, int, long)",5850,10,"Low (1)",0.000000
"Tesla V100-DGXS-32GB (0)","1","7","void _GLOBAL__N__54_tmpxft_00008025_00000000_13_SoftMax_compute_86_cpp1_ii_a3310042::softmax_warp_backward<float, float, float, int=10, bool=1>(float*, float const *, float const , int, int, int)",5851,8000,"Low (1)",100.000000
"Tesla V100-DGXS-32GB (0)","1","7","void gemmSN_NN_kernel<float, int=256, int=4, int=2, int=8, int=4, int=4, bool=0, cublasGemvTensorStridedBatched<float const >, cublasGemvTensorStridedBatched<float const >, cublasGemvTensorStridedBatched<float>>(cublasGemmSmallNParams<float const , cublasGemvTensorStridedBatched<float const >, cublasGemvTensorStridedBatched<float const >, float>)",5852,1091083,"Low (2)",53.033454
"Tesla V100-DGXS-32GB (0)","1","7","volta_sgemm_128x32_nt",5857,154002,"Low (2)",95.627979
"Tesla V100-DGXS-32GB (0)","1","7","_ZN2at6native13reduce_kernelILi128ELi4ENS0_8ReduceOpIfNS0_14func_wrapper_tIfZNS0_11sum_functorIfffEclERNS_14TensorIteratorEEUlffE_EEjfLi4EEEEEvT1_",5860,1000,"Low (1)",100.000000
"Tesla V100-DGXS-32GB (0)","1","7","_ZN2at6native29vectorized_elementwise_kernelILi4EZNS0_78_GLOBAL__N__54_tmpxft_000083c5_00000000_13_Dropout_compute_86_cpp1_ii_dfc8fc1b19masked_scale_kernelIffEEvRNS_6TensorERKS4_S7_T0_EUlfbE_NS_6detail5ArrayIPcLi3EEEEEviS8_T1_",5864,5120,"Low (1)",0.000000
"Tesla V100-DGXS-32GB (0)","1","7","_ZN2at6native29vectorized_elementwise_kernelILi4EZNS0_21threshold_kernel_implIfEEvRNS_18TensorIteratorBaseET_S5_EUlffE_NS_6detail5ArrayIPcLi3EEEEEviT0_T1_",5868,8192,"Low (1)",100.000000
"Tesla V100-DGXS-32GB (0)","1","7","volta_sgemm_64x32_sliced1x4_nn",5872,2325491,"Low (1)",10.683980
"Tesla V100-DGXS-32GB (0)","1","7","void splitKreduce_kernel<float, float, float, float, bool=1, bool=0, bool=0>(cublasSplitKParams<float>, float const *, float const *, float*, float const *, float const *, float const *, float const *, float*, void*, long, float*, int*)",5876,24576,"Low (1)",100.000000
"Tesla V100-DGXS-32GB (0)","1","7","volta_sgemm_128x32_nt",5881,546384,"Low (2)",98.371841
"Tesla V100-DGXS-32GB (0)","1","7","_ZN2at6native13reduce_kernelILi128ELi4ENS0_8ReduceOpIfNS0_14func_wrapper_tIfZNS0_11sum_functorIfffEclERNS_14TensorIteratorEEUlffE_EEjfLi4EEEEEvT1_",5885,4096,"Low (1)",100.000000
"Tesla V100-DGXS-32GB (0)","1","7","_ZN2at6native29vectorized_elementwise_kernelILi4EZNS0_78_GLOBAL__N__54_tmpxft_000083c5_00000000_13_Dropout_compute_86_cpp1_ii_dfc8fc1b19masked_scale_kernelIffEEvRNS_6TensorERKS4_S7_T0_EUlfbE_NS_6detail5ArrayIPcLi3EEEEEviS8_T1_",5890,5120,"Low (1)",100.000000
"Tesla V100-DGXS-32GB (0)","1","7","_ZN2at6native29vectorized_elementwise_kernelILi4EZNS0_21threshold_kernel_implIfEEvRNS_18TensorIteratorBaseET_S5_EUlffE_NS_6detail5ArrayIPcLi3EEEEEviT0_T1_",5896,8192,"Low (1)",0.000000
"Tesla V100-DGXS-32GB (0)","1","7","void scal_kernel<float, float, int=1, bool=1, int=6, int=5, int=5, int=3>(cublasTransposeParams<float>, float const *, float*, float const *)",5900,0,"Low (1)",0.000000
"Tesla V100-DGXS-32GB (0)","1","7","void sgemm_largek_lds64<bool=0, bool=0, int=6, int=3, int=4, int=5, int=2, int=64>(float*, float const *, float const *, int, int, int, int, int, int, float const *, float const *, float, float, int, int, int*, int*)",5904,13587398,"Low (2)",5.200812
"Tesla V100-DGXS-32GB (0)","1","7","volta_sgemm_128x64_nt",5908,1950480,"Low (2)",98.812805
"Tesla V100-DGXS-32GB (0)","1","7","_ZN2at6native13reduce_kernelILi128ELi4ENS0_8ReduceOpIfNS0_14func_wrapper_tIfZNS0_11sum_functorIfffEclERNS_14TensorIteratorEEUlffE_EEjfLi4EEEEEvT1_",5913,4096,"Low (1)",0.000000
"Tesla V100-DGXS-32GB (0)","1","7","void at::native::vectorized_elementwise_kernel<int=4, at::native::FillFunctor<float>, at::detail::Array<char*, int=1>>(int, float, at::native::FillFunctor<float>)",5918,0,"Low (1)",0.000000
"Tesla V100-DGXS-32GB (0)","1","7","void at::native::_GLOBAL__N__69_tmpxft_0000539c_00000000_13_AdaptiveAveragePooling_compute_86_cpp1_ii_eb1948c3::atomic_adaptive_average_gradinput<float>(float*, float, int, int, int, int)",5923,28637,"Low (1)",44.156162
"Tesla V100-DGXS-32GB (0)","1","7","void at::native::vectorized_elementwise_kernel<int=4, at::native::FillFunctor<float>, at::detail::Array<char*, int=1>>(int, float, at::native::FillFunctor<float>)",5930,0,"Low (1)",0.000000
"Tesla V100-DGXS-32GB (0)","1","7","void at::native::_GLOBAL__N__63_tmpxft_00007dfa_00000000_13_DilatedMaxPool2d_compute_86_cpp1_ii_6258b574::max_pool_backward_nchw<float, float>(int, float const *, long const *, int, int, int, int, int, int, int, int, int, int, int, int, int, int, at::native::_GLOBAL__N__63_tmpxft_00007dfa_00000000_13_DilatedMaxPool2d_compute_86_cpp1_ii_6258b574::max_pool_backward_nchw<float, float>*)",5934,81896,"Low (1)",31.834278
"Tesla V100-DGXS-32GB (0)","1","7","_ZN2at6native29vectorized_elementwise_kernelILi4EZNS0_21threshold_kernel_implIfEEvRNS_18TensorIteratorBaseET_S5_EUlffE_NS_6detail5ArrayIPcLi3EEEEEviT0_T1_",5938,200704,"Low (1)",0.000000
"Tesla V100-DGXS-32GB (0)","1","7","_ZN2at6native13reduce_kernelILi512ELi1ENS0_8ReduceOpIfNS0_14func_wrapper_tIfZNS0_11sum_functorIfffEclERNS_14TensorIteratorEEUlffE_EEjfLi4EEEEEvT1_",5943,100352,"Low (1)",14.131258
"Tesla V100-DGXS-32GB (0)","1","7","void cudnn::winograd::generateWinogradTilesKernel<int=0, float, float>(cudnn::winograd::GenerateWinogradTilesParams<float, float>)",5951,294912,"Low (2)",0.000000
"Tesla V100-DGXS-32GB (0)","1","7","volta_scudnn_winograd_128x128_ldg1_ldg4_relu_tile148t_nt_v1",5955,10251574,"Low (2)",81.935116
"Tesla V100-DGXS-32GB (0)","1","7","void cudnn::winograd_nonfused::winogradWgradData4x4<float, float>(cudnn::winograd_nonfused::WinogradDataParams<float, float>)",5960,127012,"Low (2)",34.867572
"Tesla V100-DGXS-32GB (0)","1","7","void cudnn::winograd_nonfused::winogradWgradDelta4x4<float, float>(cudnn::winograd_nonfused::WinogradDeltaParams<float, float>)",5964,104532,"Low (2)",17.665404
"Tesla V100-DGXS-32GB (0)","1","7","volta_sgemm_64x64_nt",5965,4274160,"Low (2)",85.994909
"Tesla V100-DGXS-32GB (0)","1","7","void cudnn::winograd_nonfused::winogradWgradOutput4x4<float, float>(cudnn::winograd_nonfused::WinogradWgradOutputParams<float, float>)",5968,1179648,"Low (2)",0.000000
"Tesla V100-DGXS-32GB (0)","1","7","_ZN2at6native29vectorized_elementwise_kernelILi4EZNS0_21threshold_kernel_implIfEEvRNS_18TensorIteratorBaseET_S5_EUlffE_NS_6detail5ArrayIPcLi3EEEEEviT0_T1_",5976,200704,"Low (2)",0.000000
"Tesla V100-DGXS-32GB (0)","1","7","_ZN2at6native13reduce_kernelILi512ELi1ENS0_8ReduceOpIfNS0_14func_wrapper_tIfZNS0_11sum_functorIfffEclERNS_14TensorIteratorEEUlffE_EEjfLi4EEEEEvT1_",5981,100352,"Low (1)",14.126276
"Tesla V100-DGXS-32GB (0)","1","7","void cudnn::winograd::generateWinogradTilesKernel<int=0, float, float>(cudnn::winograd::GenerateWinogradTilesParams<float, float>)",5986,294912,"Low (2)",0.000000
"Tesla V100-DGXS-32GB (0)","1","7","volta_scudnn_winograd_128x128_ldg1_ldg4_relu_tile148t_nt_v1",5990,10220824,"Low (2)",82.909881
"Tesla V100-DGXS-32GB (0)","1","7","void cudnn::winograd_nonfused::winogradWgradData4x4<float, float>(cudnn::winograd_nonfused::WinogradDataParams<float, float>)",5996,126990,"Low (2)",34.794078
"Tesla V100-DGXS-32GB (0)","1","7","void cudnn::winograd_nonfused::winogradWgradDelta4x4<float, float>(cudnn::winograd_nonfused::WinogradDeltaParams<float, float>)",6000,104503,"Low (2)",17.561218
"Tesla V100-DGXS-32GB (0)","1","7","volta_sgemm_64x64_nt",6001,4285428,"Low (2)",86.022960
"Tesla V100-DGXS-32GB (0)","1","7","void cudnn::winograd_nonfused::winogradWgradOutput4x4<float, float>(cudnn::winograd_nonfused::WinogradWgradOutputParams<float, float>)",6004,1179648,"Low (2)",0.000000
"Tesla V100-DGXS-32GB (0)","1","7","_ZN2at6native29vectorized_elementwise_kernelILi4EZNS0_21threshold_kernel_implIfEEvRNS_18TensorIteratorBaseET_S5_EUlffE_NS_6detail5ArrayIPcLi3EEEEEviT0_T1_",6012,200704,"Low (2)",0.000000
"Tesla V100-DGXS-32GB (0)","1","7","_ZN2at6native13reduce_kernelILi512ELi1ENS0_8ReduceOpIfNS0_14func_wrapper_tIfZNS0_11sum_functorIfffEclERNS_14TensorIteratorEEUlffE_EEjfLi4EEEEEvT1_",6016,100353,"Low (1)",14.009546
"Tesla V100-DGXS-32GB (0)","1","7","void cudnn::winograd::generateWinogradTilesKernel<int=0, float, float>(cudnn::winograd::GenerateWinogradTilesParams<float, float>)",6020,294912,"Low (2)",0.000000
"Tesla V100-DGXS-32GB (0)","1","7","volta_scudnn_winograd_128x128_ldg1_ldg4_relu_tile148t_nt_v1",6024,10268596,"Low (2)",79.791035
"Tesla V100-DGXS-32GB (0)","1","7","void cudnn::winograd_nonfused::winogradWgradData4x4<float, float>(cudnn::winograd_nonfused::WinogradDataParams<float, float>)",6030,127014,"Low (2)",34.825295
"Tesla V100-DGXS-32GB (0)","1","7","void cudnn::winograd_nonfused::winogradWgradDelta4x4<float, float>(cudnn::winograd_nonfused::WinogradDeltaParams<float, float>)",6034,104530,"Low (1)",17.651392
"Tesla V100-DGXS-32GB (0)","1","7","volta_sgemm_64x64_nt",6035,4327548,"Low (2)",84.746651
"Tesla V100-DGXS-32GB (0)","1","7","void cudnn::winograd_nonfused::winogradWgradOutput4x4<float, float>(cudnn::winograd_nonfused::WinogradWgradOutputParams<float, float>)",6038,1179648,"Low (2)",0.000000
"Tesla V100-DGXS-32GB (0)","1","7","void at::native::vectorized_elementwise_kernel<int=4, at::native::FillFunctor<float>, at::detail::Array<char*, int=1>>(int, float, at::native::FillFunctor<float>)",6046,0,"Low (1)",0.000000
"Tesla V100-DGXS-32GB (0)","1","7","void at::native::_GLOBAL__N__63_tmpxft_00007dfa_00000000_13_DilatedMaxPool2d_compute_86_cpp1_ii_6258b574::max_pool_backward_nchw<float, float>(int, float const *, long const *, int, int, int, int, int, int, int, int, int, int, int, int, int, int, at::native::_GLOBAL__N__63_tmpxft_00007dfa_00000000_13_DilatedMaxPool2d_compute_86_cpp1_ii_6258b574::max_pool_backward_nchw<float, float>*)",6050,343031,"Low (1)",31.908778
"Tesla V100-DGXS-32GB (0)","1","7","_ZN2at6native29vectorized_elementwise_kernelILi4EZNS0_21threshold_kernel_implIfEEvRNS_18TensorIteratorBaseET_S5_EUlffE_NS_6detail5ArrayIPcLi3EEEEEviT0_T1_",6054,802816,"Low (2)",0.000000
"Tesla V100-DGXS-32GB (0)","1","7","_ZN2at6native13reduce_kernelILi512ELi1ENS0_8ReduceOpIfNS0_14func_wrapper_tIfZNS0_11sum_functorIfffEclERNS_14TensorIteratorEEUlffE_EEjfLi4EEEEEvT1_",6059,401408,"Low (1)",0.000000
"Tesla V100-DGXS-32GB (0)","1","7","void cudnn::winograd_nonfused::winogradForwardData4x4<float, float>(cudnn::winograd_nonfused::WinogradDataParams<float, float>)",6066,717602,"Low (2)",55.579834
"Tesla V100-DGXS-32GB (0)","1","7","void cudnn::winograd_nonfused::winogradForwardFilter4x4<float, float>(cudnn::winograd_nonfused::WinogradFilterParams<float, float>)",6070,294912,"Low (2)",0.000000
"Tesla V100-DGXS-32GB (0)","1","7","volta_sgemm_32x128_nt",6071,36622526,"Low (2)",88.574912
"Tesla V100-DGXS-32GB (0)","1","7","void cudnn::winograd_nonfused::winogradForwardOutput4x4<float, float>(cudnn::winograd_nonfused::WinogradOutputParams<float, float>)",6073,1806336,"Low (2)",0.000000
"Tesla V100-DGXS-32GB (0)","1","7","void cudnn::winograd_nonfused::winogradWgradData4x4<float, float>(cudnn::winograd_nonfused::WinogradDataParams<float, float>)",6081,814869,"Low (2)",63.538925
"Tesla V100-DGXS-32GB (0)","1","7","void cudnn::winograd_nonfused::winogradWgradDelta4x4<float, float>(cudnn::winograd_nonfused::WinogradDeltaParams<float, float>)",6085,515208,"Low (2)",41.493727
"Tesla V100-DGXS-32GB (0)","1","7","volta_sgemm_64x64_nt",6086,13416700,"Low (2)",71.001096
"Tesla V100-DGXS-32GB (0)","1","7","void cudnn::winograd_nonfused::winogradWgradOutput4x4<float, float>(cudnn::winograd_nonfused::WinogradWgradOutputParams<float, float>)",6089,1179648,"Low (2)",0.000000
"Tesla V100-DGXS-32GB (0)","1","7","_ZN2at6native29vectorized_elementwise_kernelILi4EZNS0_21threshold_kernel_implIfEEvRNS_18TensorIteratorBaseET_S5_EUlffE_NS_6detail5ArrayIPcLi3EEEEEviT0_T1_",6096,802816,"Low (2)",0.000000
"Tesla V100-DGXS-32GB (0)","1","7","_ZN2at6native13reduce_kernelILi512ELi1ENS0_8ReduceOpIfNS0_14func_wrapper_tIfZNS0_11sum_functorIfffEclERNS_14TensorIteratorEEUlffE_EEjfLi4EEEEEvT1_",6103,401408,"Low (1)",0.000000
"Tesla V100-DGXS-32GB (0)","1","7","void cudnn::winograd_nonfused::winogradForwardData4x4<float, float>(cudnn::winograd_nonfused::WinogradDataParams<float, float>)",6108,718150,"Low (2)",54.997145
"Tesla V100-DGXS-32GB (0)","1","7","void cudnn::winograd_nonfused::winogradForwardFilter4x4<float, float>(cudnn::winograd_nonfused::WinogradFilterParams<float, float>)",6112,294912,"Low (2)",0.000000
"Tesla V100-DGXS-32GB (0)","1","7","volta_sgemm_32x128_nt",6113,36592066,"Low (2)",89.119237
"Tesla V100-DGXS-32GB (0)","1","7","void cudnn::winograd_nonfused::winogradForwardOutput4x4<float, float>(cudnn::winograd_nonfused::WinogradOutputParams<float, float>)",6116,1806336,"Low (2)",0.000000
"Tesla V100-DGXS-32GB (0)","1","7","void cudnn::winograd_nonfused::winogradWgradData4x4<float, float>(cudnn::winograd_nonfused::WinogradDataParams<float, float>)",6122,814097,"Low (2)",63.002935
"Tesla V100-DGXS-32GB (0)","1","7","void cudnn::winograd_nonfused::winogradWgradDelta4x4<float, float>(cudnn::winograd_nonfused::WinogradDeltaParams<float, float>)",6126,515159,"Low (2)",39.381045
"Tesla V100-DGXS-32GB (0)","1","7","volta_sgemm_64x64_nt",6127,13444880,"Low (2)",73.072367
"Tesla V100-DGXS-32GB (0)","1","7","void cudnn::winograd_nonfused::winogradWgradOutput4x4<float, float>(cudnn::winograd_nonfused::WinogradWgradOutputParams<float, float>)",6132,1179648,"Low (2)",0.000000
"Tesla V100-DGXS-32GB (0)","1","7","_ZN2at6native29vectorized_elementwise_kernelILi4EZNS0_21threshold_kernel_implIfEEvRNS_18TensorIteratorBaseET_S5_EUlffE_NS_6detail5ArrayIPcLi3EEEEEviT0_T1_",6138,802816,"Low (2)",0.000000
"Tesla V100-DGXS-32GB (0)","1","7","_ZN2at6native13reduce_kernelILi512ELi1ENS0_8ReduceOpIfNS0_14func_wrapper_tIfZNS0_11sum_functorIfffEclERNS_14TensorIteratorEEUlffE_EEjfLi4EEEEEvT1_",6142,401408,"Low (1)",0.000000
"Tesla V100-DGXS-32GB (0)","1","7","void cudnn::winograd::generateWinogradTilesKernel<int=0, float, float>(cudnn::winograd::GenerateWinogradTilesParams<float, float>)",6146,147456,"Low (2)",0.000000
"Tesla V100-DGXS-32GB (0)","1","7","volta_scudnn_winograd_128x128_ldg1_ldg4_relu_tile148t_nt_v1",6150,22825510,"Low (2)",88.682711
"Tesla V100-DGXS-32GB (0)","1","7","void cudnn::winograd_nonfused::winogradWgradData4x4<float, float>(cudnn::winograd_nonfused::WinogradDataParams<float, float>)",6154,407648,"Low (2)",63.876433
"Tesla V100-DGXS-32GB (0)","1","7","void cudnn::winograd_nonfused::winogradWgradDelta4x4<float, float>(cudnn::winograd_nonfused::WinogradDeltaParams<float, float>)",6158,515011,"Low (2)",41.534064
"Tesla V100-DGXS-32GB (0)","1","7","volta_sgemm_64x64_nt",6159,6903432,"Low (2)",62.159112
"Tesla V100-DGXS-32GB (0)","1","7","void cudnn::winograd_nonfused::winogradWgradOutput4x4<float, float>(cudnn::winograd_nonfused::WinogradWgradOutputParams<float, float>)",6162,589824,"Low (2)",0.000000
"Tesla V100-DGXS-32GB (0)","1","7","void at::native::vectorized_elementwise_kernel<int=4, at::native::FillFunctor<float>, at::detail::Array<char*, int=1>>(int, float, at::native::FillFunctor<float>)",6170,0,"Low (2)",0.000000
"Tesla V100-DGXS-32GB (0)","1","7","void at::native::_GLOBAL__N__63_tmpxft_00007dfa_00000000_13_DilatedMaxPool2d_compute_86_cpp1_ii_6258b574::max_pool_backward_nchw<float, float>(int, float const *, long const *, int, int, int, int, int, int, int, int, int, int, int, int, int, int, at::native::_GLOBAL__N__63_tmpxft_00007dfa_00000000_13_DilatedMaxPool2d_compute_86_cpp1_ii_6258b574::max_pool_backward_nchw<float, float>*)",6175,711452,"Low (1)",36.906777
"Tesla V100-DGXS-32GB (0)","1","7","_ZN2at6native29vectorized_elementwise_kernelILi4EZNS0_21threshold_kernel_implIfEEvRNS_18TensorIteratorBaseET_S5_EUlffE_NS_6detail5ArrayIPcLi3EEEEEviT0_T1_",6178,1605632,"Low (2)",0.000000
"Tesla V100-DGXS-32GB (0)","1","7","_ZN2at6native13reduce_kernelILi512ELi1ENS0_8ReduceOpIfNS0_14func_wrapper_tIfZNS0_11sum_functorIfffEclERNS_14TensorIteratorEEUlffE_EEjfLi4EEEEEvT1_",6182,802816,"Low (1)",0.000000
"Tesla V100-DGXS-32GB (0)","1","7","void cudnn::winograd::generateWinogradTilesKernel<int=0, float, float>(cudnn::winograd::GenerateWinogradTilesParams<float, float>)",6186,73728,"Low (2)",0.000000
"Tesla V100-DGXS-32GB (0)","1","7","volta_scudnn_winograd_128x128_ldg1_ldg4_relu_tile148t_nt_v1",6190,43769692,"Low (3)",88.408056
"Tesla V100-DGXS-32GB (0)","1","7","void cudnn::winograd_nonfused::winogradWgradData4x4<float, float>(cudnn::winograd_nonfused::WinogradDataParams<float, float>)",6194,1933951,"Low (2)",68.444444
"Tesla V100-DGXS-32GB (0)","1","7","void cudnn::winograd_nonfused::winogradWgradDelta4x4<float, float>(cudnn::winograd_nonfused::WinogradDeltaParams<float, float>)",6198,802816,"Low (2)",25.914406
"Tesla V100-DGXS-32GB (0)","1","7","volta_sgemm_64x64_nt",6199,14450688,"Low (2)",52.082807
"Tesla V100-DGXS-32GB (0)","1","7","void cudnn::winograd_nonfused::winogradWgradOutput4x4<float, float>(cudnn::winograd_nonfused::WinogradWgradOutputParams<float, float>)",6202,294912,"Low (1)",0.000000
"Tesla V100-DGXS-32GB (0)","1","7","_ZN2at6native29vectorized_elementwise_kernelILi4EZNS0_21threshold_kernel_implIfEEvRNS_18TensorIteratorBaseET_S5_EUlffE_NS_6detail5ArrayIPcLi3EEEEEviT0_T1_",6210,1605632,"Low (2)",0.000000
"Tesla V100-DGXS-32GB (0)","1","7","_ZN2at6native13reduce_kernelILi512ELi1ENS0_8ReduceOpIfNS0_14func_wrapper_tIfZNS0_11sum_functorIfffEclERNS_14TensorIteratorEEUlffE_EEjfLi4EEEEEvT1_",6214,802816,"Low (2)",0.000000
"Tesla V100-DGXS-32GB (0)","1","7","void cudnn::winograd::generateWinogradTilesKernel<int=0, float, float>(cudnn::winograd::GenerateWinogradTilesParams<float, float>)",6218,73728,"Low (2)",0.000000
"Tesla V100-DGXS-32GB (0)","1","7","volta_scudnn_winograd_128x128_ldg1_ldg4_relu_tile148t_nt_v1",6222,43770321,"Low (3)",90.346482
"Tesla V100-DGXS-32GB (0)","1","7","void cudnn::winograd_nonfused::winogradWgradData4x4<float, float>(cudnn::winograd_nonfused::WinogradDataParams<float, float>)",6226,1934344,"Low (2)",68.814389
"Tesla V100-DGXS-32GB (0)","1","7","void cudnn::winograd_nonfused::winogradWgradDelta4x4<float, float>(cudnn::winograd_nonfused::WinogradDeltaParams<float, float>)",6230,802816,"Low (2)",26.205756
"Tesla V100-DGXS-32GB (0)","1","7","volta_sgemm_64x64_nt",6231,14450688,"Low (2)",58.554112
"Tesla V100-DGXS-32GB (0)","1","7","void cudnn::winograd_nonfused::winogradWgradOutput4x4<float, float>(cudnn::winograd_nonfused::WinogradWgradOutputParams<float, float>)",6234,294912,"Low (1)",0.000000
"Tesla V100-DGXS-32GB (0)","1","7","_ZN2at6native29vectorized_elementwise_kernelILi4EZNS0_21threshold_kernel_implIfEEvRNS_18TensorIteratorBaseET_S5_EUlffE_NS_6detail5ArrayIPcLi3EEEEEviT0_T1_",6242,1605632,"Low (2)",0.000000
"Tesla V100-DGXS-32GB (0)","1","7","_ZN2at6native13reduce_kernelILi512ELi1ENS0_8ReduceOpIfNS0_14func_wrapper_tIfZNS0_11sum_functorIfffEclERNS_14TensorIteratorEEUlffE_EEjfLi4EEEEEvT1_",6247,802816,"Low (2)",0.000000
"Tesla V100-DGXS-32GB (0)","1","7","void cudnn::winograd::generateWinogradTilesKernel<int=0, float, float>(cudnn::winograd::GenerateWinogradTilesParams<float, float>)",6252,36864,"Low (1)",0.000000
"Tesla V100-DGXS-32GB (0)","1","7","volta_scudnn_winograd_128x128_ldg1_ldg4_relu_tile148t_nt_v1",6256,21843102,"Low (2)",86.309797
"Tesla V100-DGXS-32GB (0)","1","7","void cudnn::winograd_nonfused::winogradWgradData4x4<float, float>(cudnn::winograd_nonfused::WinogradDataParams<float, float>)",6260,967772,"Low (2)",68.840285
"Tesla V100-DGXS-32GB (0)","1","7","void cudnn::winograd_nonfused::winogradWgradDelta4x4<float, float>(cudnn::winograd_nonfused::WinogradDeltaParams<float, float>)",6264,802816,"Low (2)",26.124791
"Tesla V100-DGXS-32GB (0)","1","7","volta_sgemm_32x128_nt",6265,9031680,"Low (2)",54.809958
"Tesla V100-DGXS-32GB (0)","1","7","void cudnn::winograd_nonfused::winogradWgradOutput4x4<float, float>(cudnn::winograd_nonfused::WinogradWgradOutputParams<float, float>)",6268,147456,"Low (1)",0.000000
"Tesla V100-DGXS-32GB (0)","1","7","void at::native::vectorized_elementwise_kernel<int=4, at::native::FillFunctor<float>, at::detail::Array<char*, int=1>>(int, float, at::native::FillFunctor<float>)",6276,0,"Low (2)",0.000000
"Tesla V100-DGXS-32GB (0)","1","7","void at::native::_GLOBAL__N__63_tmpxft_00007dfa_00000000_13_DilatedMaxPool2d_compute_86_cpp1_ii_6258b574::max_pool_backward_nchw<float, float>(int, float const *, long const *, int, int, int, int, int, int, int, int, int, int, int, int, int, int, at::native::_GLOBAL__N__63_tmpxft_00007dfa_00000000_13_DilatedMaxPool2d_compute_86_cpp1_ii_6258b574::max_pool_backward_nchw<float, float>*)",6280,1582926,"Low (1)",31.775143
"Tesla V100-DGXS-32GB (0)","1","7","_ZN2at6native29vectorized_elementwise_kernelILi4EZNS0_21threshold_kernel_implIfEEvRNS_18TensorIteratorBaseET_S5_EUlffE_NS_6detail5ArrayIPcLi3EEEEEviT0_T1_",6284,3211264,"Low (2)",0.000000
"Tesla V100-DGXS-32GB (0)","1","7","_ZN2at6native13reduce_kernelILi512ELi1ENS0_8ReduceOpIfNS0_14func_wrapper_tIfZNS0_11sum_functorIfffEclERNS_14TensorIteratorEEUlffE_EEjfLi4EEEEEvT1_",6289,1605632,"Low (2)",0.000000
"Tesla V100-DGXS-32GB (0)","1","7","void cudnn::winograd::generateWinogradTilesKernel<int=0, float, float>(cudnn::winograd::GenerateWinogradTilesParams<float, float>)",6292,18432,"Low (1)",0.000000
"Tesla V100-DGXS-32GB (0)","1","7","volta_scudnn_winograd_128x128_ldg1_ldg4_relu_tile148t_nt_v1",6295,40318119,"Low (3)",89.190979
"Tesla V100-DGXS-32GB (0)","1","7","void cudnn::winograd_nonfused::winogradWgradData4x4<float, float>(cudnn::winograd_nonfused::WinogradDataParams<float, float>)",6298,3947972,"Low (2)",72.593676
"Tesla V100-DGXS-32GB (0)","1","7","void cudnn::winograd_nonfused::winogradWgradDelta4x4<float, float>(cudnn::winograd_nonfused::WinogradDeltaParams<float, float>)",6301,1605632,"Low (2)",0.000000
"Tesla V100-DGXS-32GB (0)","1","7","volta_sgemm_64x64_nt",6302,14450688,"Low (1)",27.270397
"Tesla V100-DGXS-32GB (0)","1","7","void cudnn::winograd_nonfused::winogradWgradOutput4x4<float, float>(cudnn::winograd_nonfused::WinogradWgradOutputParams<float, float>)",6305,73728,"Low (1)",45.328776
"Tesla V100-DGXS-32GB (0)","1","7","_ZN2at6native29vectorized_elementwise_kernelILi4EZNS0_21threshold_kernel_implIfEEvRNS_18TensorIteratorBaseET_S5_EUlffE_NS_6detail5ArrayIPcLi3EEEEEviT0_T1_",6310,3211264,"Low (2)",0.000000
"Tesla V100-DGXS-32GB (0)","1","7","_ZN2at6native13reduce_kernelILi512ELi1ENS0_8ReduceOpIfNS0_14func_wrapper_tIfZNS0_11sum_functorIfffEclERNS_14TensorIteratorEEUlffE_EEjfLi4EEEEEvT1_",6313,1605632,"Low (2)",0.000000
"Tesla V100-DGXS-32GB (0)","1","7","void cudnn::winograd::generateWinogradTilesKernel<int=0, float, float>(cudnn::winograd::GenerateWinogradTilesParams<float, float>)",6316,9216,"Low (1)",0.000000
"Tesla V100-DGXS-32GB (0)","1","7","volta_scudnn_winograd_128x128_ldg1_ldg4_relu_tile148t_nt_v1",6319,20110004,"Low (2)",80.531222
"Tesla V100-DGXS-32GB (0)","1","7","void cudnn::winograd_nonfused::winogradWgradData4x4<float, float>(cudnn::winograd_nonfused::WinogradDataParams<float, float>)",6322,1974225,"Low (2)",72.608998
"Tesla V100-DGXS-32GB (0)","1","7","void cudnn::winograd_nonfused::winogradWgradDelta4x4<float, float>(cudnn::winograd_nonfused::WinogradDeltaParams<float, float>)",6325,1605632,"Low (2)",0.000000
"Tesla V100-DGXS-32GB (0)","1","7","volta_sgemm_64x64_nt",6326,7225344,"Low (1)",25.000000
"Tesla V100-DGXS-32GB (0)","1","7","void cudnn::winograd_nonfused::winogradWgradOutput4x4<float, float>(cudnn::winograd_nonfused::WinogradWgradOutputParams<float, float>)",6329,36864,"Low (1)",100.000000
"Tesla V100-DGXS-32GB (0)","1","7","void at::native::vectorized_elementwise_kernel<int=4, at::native::FillFunctor<float>, at::detail::Array<char*, int=1>>(int, float, at::native::FillFunctor<float>)",6334,0,"Low (2)",0.000000
"Tesla V100-DGXS-32GB (0)","1","7","void at::native::_GLOBAL__N__63_tmpxft_00007dfa_00000000_13_DilatedMaxPool2d_compute_86_cpp1_ii_6258b574::max_pool_backward_nchw<float, float>(int, float const *, long const *, int, int, int, int, int, int, int, int, int, int, int, int, int, int, at::native::_GLOBAL__N__63_tmpxft_00007dfa_00000000_13_DilatedMaxPool2d_compute_86_cpp1_ii_6258b574::max_pool_backward_nchw<float, float>*)",6337,3935023,"Low (1)",39.692830
"Tesla V100-DGXS-32GB (0)","1","7","_ZN2at6native29vectorized_elementwise_kernelILi4EZNS0_21threshold_kernel_implIfEEvRNS_18TensorIteratorBaseET_S5_EUlffE_NS_6detail5ArrayIPcLi3EEEEEviT0_T1_",6340,6422528,"Low (2)",0.000000
"Tesla V100-DGXS-32GB (0)","1","7","_ZN2at6native13reduce_kernelILi512ELi1ENS0_8ReduceOpIfNS0_14func_wrapper_tIfZNS0_11sum_functorIfffEclERNS_14TensorIteratorEEUlffE_EEjfLi4EEEEEvT1_",6343,3211360,"Low (2)",0.002398
"Tesla V100-DGXS-32GB (0)","1","7","void cudnn::winograd::generateWinogradTilesKernel<int=0, float, float>(cudnn::winograd::GenerateWinogradTilesParams<float, float>)",6346,4608,"Low (1)",0.000000
"Tesla V100-DGXS-32GB (0)","1","7","volta_scudnn_winograd_128x128_ldg1_ldg4_relu_tile148t_nt_v1",6349,40904654,"Low (2)",82.489200
"Tesla V100-DGXS-32GB (0)","1","7","cask_cudnn::computeWgradSplitKOffsetsKernel(cask_cudnn::ComputeSplitKOffsetsParams)",6352,0,"Low (1)",0.000000
"Tesla V100-DGXS-32GB (0)","1","7","cask_cudnn::computeWgradBOffsetsKernel(cask_cudnn::ComputeWgradBOffsetsParams)",6355,0,"Low (1)",0.000000
"Tesla V100-DGXS-32GB (0)","1","7","volta_scudnn_128x64_stridedB_splitK_xregs_large_nn_v1",6357,37918925,"Low (1)",91.427312
"Tesla V100-DGXS-32GB (0)","1","7","_ZN2at6native29vectorized_elementwise_kernelILi4EZNS0_21threshold_kernel_implIfEEvRNS_18TensorIteratorBaseET_S5_EUlffE_NS_6detail5ArrayIPcLi3EEEEEviT0_T1_",6364,6422528,"Low (2)",0.000000
"Tesla V100-DGXS-32GB (0)","1","7","_ZN2at6native13reduce_kernelILi512ELi1ENS0_8ReduceOpIfNS0_14func_wrapper_tIfZNS0_11sum_functorIfffEclERNS_14TensorIteratorEEUlffE_EEjfLi4EEEEEvT1_",6367,3211360,"Low (2)",0.002491
"Tesla V100-DGXS-32GB (0)","1","7","void wgrad_alg0_engine<float, int=128, int=5, int=5, int=3, int=3, int=3, bool=0, int=512>(int, int, int, float const *, int, float*, float const *, kernel_grad_params, __int64, int, float, int, int, int, int)",6372,4188020,"Low (1)",53.632122
"Tesla V100-DGXS-32GB (0)","1","7","void at::native::_GLOBAL__N__52_tmpxft_000032a2_00000000_13_Shape_compute_86_cpp1_ii_cedd8df2::CatArrayBatchedCopy<float, unsigned int, int=1, int=128, int=1>(float*, at::native::_GLOBAL__N__52_tmpxft_000032a2_00000000_13_Shape_compute_86_cpp1_ii_cedd8df2::CatArrInputTensorMetadata<at::native::_GLOBAL__N__52_tmpxft_000032a2_00000000_13_Shape_compute_86_cpp1_ii_cedd8df2::CatArrayBatchedCopy<float, unsigned int, int=1, int=128, int=1>, unsigned int, int=128, int=1>, at::native::_GLOBAL__N__52_tmpxft_000032a2_00000000_13_Shape_compute_86_cpp1_ii_cedd8df2::TensorSizeStride<at::native::_GLOBAL__N__52_tmpxft_000032a2_00000000_13_Shape_compute_86_cpp1_ii_cedd8df2::CatArrInputTensorMetadata, unsigned int=4>, int, at::native::_GLOBAL__N__52_tmpxft_000032a2_00000000_13_Shape_compute_86_cpp1_ii_cedd8df2::CatArrInputTensorMetadata)",6376,216936,"Low (1)",0.000000
"Tesla V100-DGXS-32GB (0)","1","7","void at::native::_GLOBAL__N__52_tmpxft_000032a2_00000000_13_Shape_compute_86_cpp1_ii_cedd8df2::CatArrayBatchedCopy<float, unsigned int, int=1, int=128, int=1>(float*, at::native::_GLOBAL__N__52_tmpxft_000032a2_00000000_13_Shape_compute_86_cpp1_ii_cedd8df2::CatArrInputTensorMetadata<at::native::_GLOBAL__N__52_tmpxft_000032a2_00000000_13_Shape_compute_86_cpp1_ii_cedd8df2::CatArrayBatchedCopy<float, unsigned int, int=1, int=128, int=1>, unsigned int, int=128, int=1>, at::native::_GLOBAL__N__52_tmpxft_000032a2_00000000_13_Shape_compute_86_cpp1_ii_cedd8df2::TensorSizeStride<at::native::_GLOBAL__N__52_tmpxft_000032a2_00000000_13_Shape_compute_86_cpp1_ii_cedd8df2::CatArrInputTensorMetadata, unsigned int=4>, int, at::native::_GLOBAL__N__52_tmpxft_000032a2_00000000_13_Shape_compute_86_cpp1_ii_cedd8df2::CatArrInputTensorMetadata)",6384,147520,"Low (1)",0.000000
"Tesla V100-DGXS-32GB (0)","1","7","void at::native::_GLOBAL__N__52_tmpxft_000032a2_00000000_13_Shape_compute_86_cpp1_ii_cedd8df2::CatArrayBatchedCopy<float, unsigned int, int=1, int=128, int=1>(float*, at::native::_GLOBAL__N__52_tmpxft_000032a2_00000000_13_Shape_compute_86_cpp1_ii_cedd8df2::CatArrInputTensorMetadata<at::native::_GLOBAL__N__52_tmpxft_000032a2_00000000_13_Shape_compute_86_cpp1_ii_cedd8df2::CatArrayBatchedCopy<float, unsigned int, int=1, int=128, int=1>, unsigned int, int=128, int=1>, at::native::_GLOBAL__N__52_tmpxft_000032a2_00000000_13_Shape_compute_86_cpp1_ii_cedd8df2::TensorSizeStride<at::native::_GLOBAL__N__52_tmpxft_000032a2_00000000_13_Shape_compute_86_cpp1_ii_cedd8df2::CatArrInputTensorMetadata, unsigned int=4>, int, at::native::_GLOBAL__N__52_tmpxft_000032a2_00000000_13_Shape_compute_86_cpp1_ii_cedd8df2::CatArrInputTensorMetadata)",6392,294976,"Low (1)",0.000000
"Tesla V100-DGXS-32GB (0)","1","7","void at::native::_GLOBAL__N__52_tmpxft_000032a2_00000000_13_Shape_compute_86_cpp1_ii_cedd8df2::CatArrayBatchedCopy<float, unsigned int, int=1, int=128, int=1>(float*, at::native::_GLOBAL__N__52_tmpxft_000032a2_00000000_13_Shape_compute_86_cpp1_ii_cedd8df2::CatArrInputTensorMetadata<at::native::_GLOBAL__N__52_tmpxft_000032a2_00000000_13_Shape_compute_86_cpp1_ii_cedd8df2::CatArrayBatchedCopy<float, unsigned int, int=1, int=128, int=1>, unsigned int, int=128, int=1>, at::native::_GLOBAL__N__52_tmpxft_000032a2_00000000_13_Shape_compute_86_cpp1_ii_cedd8df2::TensorSizeStride<at::native::_GLOBAL__N__52_tmpxft_000032a2_00000000_13_Shape_compute_86_cpp1_ii_cedd8df2::CatArrInputTensorMetadata, unsigned int=4>, int, at::native::_GLOBAL__N__52_tmpxft_000032a2_00000000_13_Shape_compute_86_cpp1_ii_cedd8df2::CatArrInputTensorMetadata)",6400,294976,"Low (2)",0.000000
"Tesla V100-DGXS-32GB (0)","1","7","void at::native::_GLOBAL__N__52_tmpxft_000032a2_00000000_13_Shape_compute_86_cpp1_ii_cedd8df2::CatArrayBatchedCopy<float, unsigned int, int=1, int=128, int=1>(float*, at::native::_GLOBAL__N__52_tmpxft_000032a2_00000000_13_Shape_compute_86_cpp1_ii_cedd8df2::CatArrInputTensorMetadata<at::native::_GLOBAL__N__52_tmpxft_000032a2_00000000_13_Shape_compute_86_cpp1_ii_cedd8df2::CatArrayBatchedCopy<float, unsigned int, int=1, int=128, int=1>, unsigned int, int=128, int=1>, at::native::_GLOBAL__N__52_tmpxft_000032a2_00000000_13_Shape_compute_86_cpp1_ii_cedd8df2::TensorSizeStride<at::native::_GLOBAL__N__52_tmpxft_000032a2_00000000_13_Shape_compute_86_cpp1_ii_cedd8df2::CatArrInputTensorMetadata, unsigned int=4>, int, at::native::_GLOBAL__N__52_tmpxft_000032a2_00000000_13_Shape_compute_86_cpp1_ii_cedd8df2::CatArrInputTensorMetadata)",6408,294976,"Low (1)",0.000000
"Tesla V100-DGXS-32GB (0)","1","7","void at::native::_GLOBAL__N__52_tmpxft_000032a2_00000000_13_Shape_compute_86_cpp1_ii_cedd8df2::CatArrayBatchedCopy<float, unsigned int, int=1, int=128, int=1>(float*, at::native::_GLOBAL__N__52_tmpxft_000032a2_00000000_13_Shape_compute_86_cpp1_ii_cedd8df2::CatArrInputTensorMetadata<at::native::_GLOBAL__N__52_tmpxft_000032a2_00000000_13_Shape_compute_86_cpp1_ii_cedd8df2::CatArrayBatchedCopy<float, unsigned int, int=1, int=128, int=1>, unsigned int, int=128, int=1>, at::native::_GLOBAL__N__52_tmpxft_000032a2_00000000_13_Shape_compute_86_cpp1_ii_cedd8df2::TensorSizeStride<at::native::_GLOBAL__N__52_tmpxft_000032a2_00000000_13_Shape_compute_86_cpp1_ii_cedd8df2::CatArrInputTensorMetadata, unsigned int=4>, int, at::native::_GLOBAL__N__52_tmpxft_000032a2_00000000_13_Shape_compute_86_cpp1_ii_cedd8df2::CatArrInputTensorMetadata)",6416,294976,"Low (1)",0.000000
"Tesla V100-DGXS-32GB (0)","1","7","void at::native::_GLOBAL__N__52_tmpxft_000032a2_00000000_13_Shape_compute_86_cpp1_ii_cedd8df2::CatArrayBatchedCopy<float, unsigned int, int=1, int=128, int=1>(float*, at::native::_GLOBAL__N__52_tmpxft_000032a2_00000000_13_Shape_compute_86_cpp1_ii_cedd8df2::CatArrInputTensorMetadata<at::native::_GLOBAL__N__52_tmpxft_000032a2_00000000_13_Shape_compute_86_cpp1_ii_cedd8df2::CatArrayBatchedCopy<float, unsigned int, int=1, int=128, int=1>, unsigned int, int=128, int=1>, at::native::_GLOBAL__N__52_tmpxft_000032a2_00000000_13_Shape_compute_86_cpp1_ii_cedd8df2::TensorSizeStride<at::native::_GLOBAL__N__52_tmpxft_000032a2_00000000_13_Shape_compute_86_cpp1_ii_cedd8df2::CatArrInputTensorMetadata, unsigned int=4>, int, at::native::_GLOBAL__N__52_tmpxft_000032a2_00000000_13_Shape_compute_86_cpp1_ii_cedd8df2::CatArrInputTensorMetadata)",6424,294976,"Low (1)",0.000000
"Tesla V100-DGXS-32GB (0)","1","7","void at::native::vectorized_elementwise_kernel<int=4, at::native::AddFunctor<float, float>, at::detail::Array<char*, int=3>>(int, float, float)",6456,432,"Low (1)",22.222222
"Tesla V100-DGXS-32GB (0)","1","7","void at::native::vectorized_elementwise_kernel<int=4, at::native::AddFunctor<float, float>, at::detail::Array<char*, int=3>>(int, float, float)",6457,9216,"Low (1)",31.727431
"Tesla V100-DGXS-32GB (0)","1","7","void at::native::vectorized_elementwise_kernel<int=4, at::native::AddFunctor<float, float>, at::detail::Array<char*, int=3>>(int, float, float)",6458,36864,"Low (1)",34.700521
"Tesla V100-DGXS-32GB (0)","1","7","void at::native::vectorized_elementwise_kernel<int=4, at::native::AddFunctor<float, float>, at::detail::Array<char*, int=3>>(int, float, float)",6459,294912,"Low (2)",0.000000
"Tesla V100-DGXS-32GB (0)","1","7","void at::native::vectorized_elementwise_kernel<int=4, at::native::AddFunctor<float, float>, at::detail::Array<char*, int=3>>(int, float, float)",6460,1024000,"Low (2)",0.000000
"Tesla V100-DGXS-32GB (0)","1","7","void at::native::vectorized_elementwise_kernel<int=4, at::native::AddFunctor<float, float>, at::detail::Array<char*, int=3>>(int, float, float)",6461,1024,"Low (1)",0.000000
"Tesla V100-DGXS-32GB (0)","1","7","void at::native::vectorized_elementwise_kernel<int=4, at::native::AddFunctor<float, float>, at::detail::Array<char*, int=3>>(int, float, float)",6462,250,"Low (1)",100.000000
"Tesla V100-DGXS-32GB (0)","1","7","void at::native::vectorized_elementwise_kernel<int=4, at::native::AddFunctor<float, float>, at::detail::Array<char*, int=3>>(int, float, float)",6463,4194304,"Low (2)",0.000000
"Tesla V100-DGXS-32GB (0)","1","7","void at::native::vectorized_elementwise_kernel<int=4, at::native::AddFunctor<float, float>, at::detail::Array<char*, int=3>>(int, float, float)",6464,1024,"Low (1)",100.000000
"Tesla V100-DGXS-32GB (0)","1","7","void at::native::vectorized_elementwise_kernel<int=4, at::native::AddFunctor<float, float>, at::detail::Array<char*, int=3>>(int, float, float)",6465,25690112,"Low (2)",0.000000
"Tesla V100-DGXS-32GB (0)","1","7","void at::native::vectorized_elementwise_kernel<int=4, at::native::AddFunctor<float, float>, at::detail::Array<char*, int=3>>(int, float, float)",6466,128,"Low (1)",0.000000
"Tesla V100-DGXS-32GB (0)","1","7","void at::native::vectorized_elementwise_kernel<int=4, at::native::AddFunctor<float, float>, at::detail::Array<char*, int=3>>(int, float, float)",6467,589824,"Low (2)",0.000000
"Tesla V100-DGXS-32GB (0)","1","7","void at::native::vectorized_elementwise_kernel<int=4, at::native::AddFunctor<float, float>, at::detail::Array<char*, int=3>>(int, float, float)",6468,128,"Low (1)",18.750000
"Tesla V100-DGXS-32GB (0)","1","7","void at::native::vectorized_elementwise_kernel<int=4, at::native::AddFunctor<float, float>, at::detail::Array<char*, int=3>>(int, float, float)",6469,589824,"Low (2)",0.000000
"Tesla V100-DGXS-32GB (0)","1","7","void at::native::vectorized_elementwise_kernel<int=4, at::native::AddFunctor<float, float>, at::detail::Array<char*, int=3>>(int, float, float)",6470,128,"Low (1)",50.000000
"Tesla V100-DGXS-32GB (0)","1","7","void at::native::vectorized_elementwise_kernel<int=4, at::native::AddFunctor<float, float>, at::detail::Array<char*, int=3>>(int, float, float)",6471,589824,"Low (2)",0.000000
"Tesla V100-DGXS-32GB (0)","1","7","void at::native::vectorized_elementwise_kernel<int=4, at::native::AddFunctor<float, float>, at::detail::Array<char*, int=3>>(int, float, float)",6472,128,"Low (1)",9.375000
"Tesla V100-DGXS-32GB (0)","1","7","void at::native::vectorized_elementwise_kernel<int=4, at::native::AddFunctor<float, float>, at::detail::Array<char*, int=3>>(int, float, float)",6473,589824,"Low (2)",0.000000
"Tesla V100-DGXS-32GB (0)","1","7","void at::native::vectorized_elementwise_kernel<int=4, at::native::AddFunctor<float, float>, at::detail::Array<char*, int=3>>(int, float, float)",6474,128,"Low (1)",43.750000
"Tesla V100-DGXS-32GB (0)","1","7","void at::native::vectorized_elementwise_kernel<int=4, at::native::AddFunctor<float, float>, at::detail::Array<char*, int=3>>(int, float, float)",6475,589824,"Low (2)",0.000000
"Tesla V100-DGXS-32GB (0)","1","7","void at::native::vectorized_elementwise_kernel<int=4, at::native::AddFunctor<float, float>, at::detail::Array<char*, int=3>>(int, float, float)",6476,64,"Low (1)",50.000000
"Tesla V100-DGXS-32GB (0)","1","7","void at::native::vectorized_elementwise_kernel<int=4, at::native::AddFunctor<float, float>, at::detail::Array<char*, int=3>>(int, float, float)",6477,128,"Low (1)",50.000000
"Tesla V100-DGXS-32GB (0)","1","7","void at::native::vectorized_elementwise_kernel<int=4, at::native::AddFunctor<float, float>, at::detail::Array<char*, int=3>>(int, float, float)",6478,147456,"Low (1)",29.055447
"Tesla V100-DGXS-32GB (0)","1","7","void at::native::vectorized_elementwise_kernel<int=4, at::native::AddFunctor<float, float>, at::detail::Array<char*, int=3>>(int, float, float)",6479,64,"Low (1)",31.250000
"Tesla V100-DGXS-32GB (0)","1","7","void at::native::vectorized_elementwise_kernel<int=4, at::native::AddFunctor<float, float>, at::detail::Array<char*, int=3>>(int, float, float)",6480,147456,"Low (1)",0.089518
"Tesla V100-DGXS-32GB (0)","1","7","void at::native::vectorized_elementwise_kernel<int=4, at::native::AddFunctor<float, float>, at::detail::Array<char*, int=3>>(int, float, float)",6481,64,"Low (1)",50.000000
"Tesla V100-DGXS-32GB (0)","1","7","void at::native::vectorized_elementwise_kernel<int=4, at::native::AddFunctor<float, float>, at::detail::Array<char*, int=3>>(int, float, float)",6482,73728,"Low (1)",36.485460
"Tesla V100-DGXS-32GB (0)","1","7","void at::native::vectorized_elementwise_kernel<int=4, at::native::AddFunctor<float, float>, at::detail::Array<char*, int=3>>(int, float, float)",6483,32,"Low (1)",50.000000
"Tesla V100-DGXS-32GB (0)","1","7","void at::native::vectorized_elementwise_kernel<int=4, at::native::AddFunctor<float, float>, at::detail::Array<char*, int=3>>(int, float, float)",6484,32,"Low (1)",0.000000
"Tesla V100-DGXS-32GB (0)","1","7","void at::native::vectorized_elementwise_kernel<int=4, at::native::AddFunctor<float, float>, at::detail::Array<char*, int=3>>(int, float, float)",6485,18432,"Low (1)",0.000000
"Tesla V100-DGXS-32GB (0)","1","7","void at::native::vectorized_elementwise_kernel<int=4, at::native::AddFunctor<float, float>, at::detail::Array<char*, int=3>>(int, float, float)",6486,16,"Low (1)",0.000000
"Tesla V100-DGXS-32GB (0)","1","7","void at::native::vectorized_elementwise_kernel<int=4, at::native::AddFunctor<float, float>, at::detail::Array<char*, int=3>>(int, float, float)",6487,16,"Low (1)",0.000000
