"Start","Duration","Grid X","Grid Y","Grid Z","Block X","Block Y","Block Z","Registers Per Thread","Static SMem","Dynamic SMem","Size","Throughput","SrcMemType","DstMemType","Device","Context","Stream","Name","Correlation_ID","l2_tex_read_transactions"
ms,ms,,,,,,,,KB,KB,MB,GB/s,,,,,,,,
30876.756406,0.004480,197,1,1,256,1,1,16,0.000000,0.000000,,,,,"Tesla V100-DGXS-32GB (0)","1","7","void cask_cudnn::computeOffsetsKernel<bool=0, bool=0>(cask_cudnn::ComputeOffsetsParams)",2415,0
30885.981375,0.775606,12544,1,1,128,1,1,128,16.000000,0.000000,,,,,"Tesla V100-DGXS-32GB (0)","1","7","volta_scudnn_128x64_relu_medium_nn_v1",2416,2889634
30896.202812,1.004979,401408,1,1,64,1,1,22,0.000000,0.000000,,,,,"Tesla V100-DGXS-32GB (0)","1","7","void at::native::unrolled_elementwise_kernel<at::native::AddFunctor<float, float>, at::detail::Array<char*, int=3>, OffsetCalculator<int=2, unsigned int, bool=0>, OffsetCalculator<int=1, unsigned int, bool=0>, at::native::memory::LoadWithoutCast, at::native::memory::StoreWithoutCast>(int, float, float, at::native::AddFunctor<float, float>, char*, int=3, at::detail::Array<char*, int=3>)",2420,12852543
30905.525251,1.001939,401408,1,1,64,1,1,18,0.000000,0.000000,,,,,"Tesla V100-DGXS-32GB (0)","1","7","_ZN2at6native29vectorized_elementwise_kernelILi4EZZZNS0_84_GLOBAL__N__60_tmpxft_00003bf5_00000000_13_TensorCompare_compute_86_cpp1_ii_d0af11f728clamp_min_scalar_kernel_implERNS_14TensorIteratorEN3c106ScalarEENKUlvE_clEvENKUlvE6_clEvEUlfE_NS_6detail5ArrayIPcLi2EEEEEviT0_T1_",2426,12845056
30916.262265,0.007680,2,16,1,32,4,1,40,8.500000,0.000000,,,,,"Tesla V100-DGXS-32GB (0)","1","7","void cudnn::winograd::generateWinogradTilesKernel<int=0, float, float>(cudnn::winograd::GenerateWinogradTilesParams<float, float>)",2439,5120
30926.172697,5.587032,64,28,14,256,1,1,126,48.000000,0.000000,,,,,"Tesla V100-DGXS-32GB (0)","1","7","volta_scudnn_winograd_128x128_ldg1_ldg4_relu_tile148t_nt_v1",2441,163862862
30941.224151,1.004979,401408,1,1,64,1,1,22,0.000000,0.000000,,,,,"Tesla V100-DGXS-32GB (0)","1","7","void at::native::unrolled_elementwise_kernel<at::native::AddFunctor<float, float>, at::detail::Array<char*, int=3>, OffsetCalculator<int=2, unsigned int, bool=0>, OffsetCalculator<int=1, unsigned int, bool=0>, at::native::memory::LoadWithoutCast, at::native::memory::StoreWithoutCast>(int, float, float, at::native::AddFunctor<float, float>, char*, int=3, at::detail::Array<char*, int=3>)",2445,12852332
30952.951424,1.000371,401408,1,1,64,1,1,18,0.000000,0.000000,,,,,"Tesla V100-DGXS-32GB (0)","1","7","_ZN2at6native29vectorized_elementwise_kernelILi4EZZZNS0_84_GLOBAL__N__60_tmpxft_00003bf5_00000000_13_TensorCompare_compute_86_cpp1_ii_d0af11f728clamp_min_scalar_kernel_implERNS_14TensorIteratorEN3c106ScalarEENKUlvE_clEvENKUlvE6_clEvEUlfE_NS_6detail5ArrayIPcLi2EEEEEviT0_T1_",2451,12845056
30964.040497,0.915156,100352,1,1,256,1,1,23,0.000000,0.000000,,,,,"Tesla V100-DGXS-32GB (0)","1","7","void at::native::_GLOBAL__N__63_tmpxft_00007dfa_00000000_13_DilatedMaxPool2d_compute_86_cpp1_ii_6258b574::max_pool_forward_nchw<float, float>(int, float const *, int, int, int, int, int, int, int, int, int, int, int, int, int, int, at::native::_GLOBAL__N__63_tmpxft_00007dfa_00000000_13_DilatedMaxPool2d_compute_86_cpp1_ii_6258b574::max_pool_forward_nchw<float, float>*, long*)",2460,14390432
30980.577403,0.004929,4,16,1,32,4,1,40,8.500000,0.000000,,,,,"Tesla V100-DGXS-32GB (0)","1","7","void cudnn::winograd::generateWinogradTilesKernel<int=0, float, float>(cudnn::winograd::GenerateWinogradTilesParams<float, float>)",2472,10240
30987.962588,2.659998,128,14,7,256,1,1,126,48.000000,0.000000,,,,,"Tesla V100-DGXS-32GB (0)","1","7","volta_scudnn_winograd_128x128_ldg1_ldg4_relu_tile148t_nt_v1",2474,80687724
30998.445909,0.504282,200704,1,1,64,1,1,22,0.000000,0.000000,,,,,"Tesla V100-DGXS-32GB (0)","1","7","void at::native::unrolled_elementwise_kernel<at::native::AddFunctor<float, float>, at::detail::Array<char*, int=3>, OffsetCalculator<int=2, unsigned int, bool=0>, OffsetCalculator<int=1, unsigned int, bool=0>, at::native::memory::LoadWithoutCast, at::native::memory::StoreWithoutCast>(int, float, float, at::native::AddFunctor<float, float>, char*, int=3, at::detail::Array<char*, int=3>)",2478,6429970
31007.785597,0.501785,200704,1,1,64,1,1,18,0.000000,0.000000,,,,,"Tesla V100-DGXS-32GB (0)","1","7","_ZN2at6native29vectorized_elementwise_kernelILi4EZZZNS0_84_GLOBAL__N__60_tmpxft_00003bf5_00000000_13_TensorCompare_compute_86_cpp1_ii_d0af11f728clamp_min_scalar_kernel_implERNS_14TensorIteratorEN3c106ScalarEENKUlvE_clEvENKUlvE6_clEvEUlfE_NS_6detail5ArrayIPcLi2EEEEEviT0_T1_",2484,6422528
31018.990892,1.002899,98,128,1,256,1,1,64,22.125000,0.000000,,,,,"Tesla V100-DGXS-32GB (0)","1","7","void cudnn::winograd_nonfused::winogradForwardData4x4<float, float>(cudnn::winograd_nonfused::WinogradDataParams<float, float>)",2497,14507324
31029.493605,0.008736,4,16,1,32,8,1,32,9.000000,0.000000,,,,,"Tesla V100-DGXS-32GB (0)","1","7","void cudnn::winograd_nonfused::winogradForwardFilter4x4<float, float>(cudnn::winograd_nonfused::WinogradFilterParams<float, float>)",2498,18432
31038.977578,2.677406,784,1,36,256,1,1,57,16.000000,0.000000,,,,,"Tesla V100-DGXS-32GB (0)","1","7","volta_sgemm_32x128_nn",2506,56930503
31051.280428,0.863989,98,128,1,256,1,1,64,16.250000,0.000000,,,,,"Tesla V100-DGXS-32GB (0)","1","7","void cudnn::winograd_nonfused::winogradForwardOutput4x4<float, float>(cudnn::winograd_nonfused::WinogradOutputParams<float, float>)",2508,14450688
31061.995554,0.503161,200704,1,1,64,1,1,22,0.000000,0.000000,,,,,"Tesla V100-DGXS-32GB (0)","1","7","void at::native::unrolled_elementwise_kernel<at::native::AddFunctor<float, float>, at::detail::Array<char*, int=3>, OffsetCalculator<int=2, unsigned int, bool=0>, OffsetCalculator<int=1, unsigned int, bool=0>, at::native::memory::LoadWithoutCast, at::native::memory::StoreWithoutCast>(int, float, float, at::native::AddFunctor<float, float>, char*, int=3, at::detail::Array<char*, int=3>)",2513,6430337
31073.156754,0.501753,200704,1,1,64,1,1,18,0.000000,0.000000,,,,,"Tesla V100-DGXS-32GB (0)","1","7","_ZN2at6native29vectorized_elementwise_kernelILi4EZZZNS0_84_GLOBAL__N__60_tmpxft_00003bf5_00000000_13_TensorCompare_compute_86_cpp1_ii_d0af11f728clamp_min_scalar_kernel_implERNS_14TensorIteratorEN3c106ScalarEENKUlvE_clEvENKUlvE6_clEvEUlfE_NS_6detail5ArrayIPcLi2EEEEEviT0_T1_",2519,6422528
31084.313058,0.458266,50176,1,1,256,1,1,23,0.000000,0.000000,,,,,"Tesla V100-DGXS-32GB (0)","1","7","void at::native::_GLOBAL__N__63_tmpxft_00007dfa_00000000_13_DilatedMaxPool2d_compute_86_cpp1_ii_6258b574::max_pool_forward_nchw<float, float>(int, float const *, int, int, int, int, int, int, int, int, int, int, int, int, int, int, at::native::_GLOBAL__N__63_tmpxft_00007dfa_00000000_13_DilatedMaxPool2d_compute_86_cpp1_ii_6258b574::max_pool_forward_nchw<float, float>*, long*)",2528,6882182
31094.908761,0.259645,32,128,1,256,1,1,64,22.125000,0.000000,,,,,"Tesla V100-DGXS-32GB (0)","1","7","void cudnn::winograd_nonfused::winogradForwardData4x4<float, float>(cudnn::winograd_nonfused::WinogradDataParams<float, float>)",2540,3602992
31104.648092,0.009759,4,32,1,32,8,1,32,9.000000,0.000000,,,,,"Tesla V100-DGXS-32GB (0)","1","7","void cudnn::winograd_nonfused::winogradForwardFilter4x4<float, float>(cudnn::winograd_nonfused::WinogradFilterParams<float, float>)",2541,36864
31114.144129,1.331887,196,2,36,256,1,1,57,16.000000,0.000000,,,,,"Tesla V100-DGXS-32GB (0)","1","7","volta_sgemm_32x128_nn",2549,30443870
31124.971862,0.433370,32,256,1,256,1,1,64,16.250000,0.000000,,,,,"Tesla V100-DGXS-32GB (0)","1","7","void cudnn::winograd_nonfused::winogradForwardOutput4x4<float, float>(cudnn::winograd_nonfused::WinogradOutputParams<float, float>)",2551,7225344
31135.297936,0.253853,100352,1,1,64,1,1,22,0.000000,0.000000,,,,,"Tesla V100-DGXS-32GB (0)","1","7","void at::native::unrolled_elementwise_kernel<at::native::AddFunctor<float, float>, at::detail::Array<char*, int=3>, OffsetCalculator<int=2, unsigned int, bool=0>, OffsetCalculator<int=1, unsigned int, bool=0>, at::native::memory::LoadWithoutCast, at::native::memory::StoreWithoutCast>(int, float, float, at::native::AddFunctor<float, float>, char*, int=3, at::detail::Array<char*, int=3>)",2556,3218659
31146.203716,0.253085,100352,1,1,64,1,1,18,0.000000,0.000000,,,,,"Tesla V100-DGXS-32GB (0)","1","7","_ZN2at6native29vectorized_elementwise_kernelILi4EZZZNS0_84_GLOBAL__N__60_tmpxft_00003bf5_00000000_13_TensorCompare_compute_86_cpp1_ii_d0af11f728clamp_min_scalar_kernel_implERNS_14TensorIteratorEN3c106ScalarEENKUlvE_clEvENKUlvE6_clEvEUlfE_NS_6detail5ArrayIPcLi2EEEEEviT0_T1_",2562,3211264
31156.771132,0.510521,32,256,1,256,1,1,64,22.125000,0.000000,,,,,"Tesla V100-DGXS-32GB (0)","1","7","void cudnn::winograd_nonfused::winogradForwardData4x4<float, float>(cudnn::winograd_nonfused::WinogradDataParams<float, float>)",2575,7204220
31166.770523,0.016959,8,32,1,32,8,1,32,9.000000,0.000000,,,,,"Tesla V100-DGXS-32GB (0)","1","7","void cudnn::winograd_nonfused::winogradForwardFilter4x4<float, float>(cudnn::winograd_nonfused::WinogradFilterParams<float, float>)",2576,73728
31176.299424,2.546975,196,2,36,256,1,1,57,16.000000,0.000000,,,,,"Tesla V100-DGXS-32GB (0)","1","7","volta_sgemm_32x128_nn",2584,69136167
31188.389028,0.438522,32,256,1,256,1,1,64,16.250000,0.000000,,,,,"Tesla V100-DGXS-32GB (0)","1","7","void cudnn::winograd_nonfused::winogradForwardOutput4x4<float, float>(cudnn::winograd_nonfused::WinogradOutputParams<float, float>)",2586,7225344
31198.799102,0.253244,100352,1,1,64,1,1,22,0.000000,0.000000,,,,,"Tesla V100-DGXS-32GB (0)","1","7","void at::native::unrolled_elementwise_kernel<at::native::AddFunctor<float, float>, at::detail::Array<char*, int=3>, OffsetCalculator<int=2, unsigned int, bool=0>, OffsetCalculator<int=1, unsigned int, bool=0>, at::native::memory::LoadWithoutCast, at::native::memory::StoreWithoutCast>(int, float, float, at::native::AddFunctor<float, float>, char*, int=3, at::detail::Array<char*, int=3>)",2591,3218702
31209.752433,0.252764,100352,1,1,64,1,1,18,0.000000,0.000000,,,,,"Tesla V100-DGXS-32GB (0)","1","7","_ZN2at6native29vectorized_elementwise_kernelILi4EZZZNS0_84_GLOBAL__N__60_tmpxft_00003bf5_00000000_13_TensorCompare_compute_86_cpp1_ii_d0af11f728clamp_min_scalar_kernel_implERNS_14TensorIteratorEN3c106ScalarEENKUlvE_clEvENKUlvE6_clEvEUlfE_NS_6detail5ArrayIPcLi2EEEEEviT0_T1_",2597,3211264
31217.929575,0.513593,32,256,1,256,1,1,64,22.125000,0.000000,,,,,"Tesla V100-DGXS-32GB (0)","1","7","void cudnn::winograd_nonfused::winogradForwardData4x4<float, float>(cudnn::winograd_nonfused::WinogradDataParams<float, float>)",2610,7206073
31225.736610,0.016832,8,32,1,32,8,1,32,9.000000,0.000000,,,,,"Tesla V100-DGXS-32GB (0)","1","7","void cudnn::winograd_nonfused::winogradForwardFilter4x4<float, float>(cudnn::winograd_nonfused::WinogradFilterParams<float, float>)",2611,73728
31232.981989,2.547583,196,2,36,256,1,1,57,16.000000,0.000000,,,,,"Tesla V100-DGXS-32GB (0)","1","7","volta_sgemm_32x128_nn",2619,69251951
31242.734695,0.431770,32,256,1,256,1,1,64,16.250000,0.000000,,,,,"Tesla V100-DGXS-32GB (0)","1","7","void cudnn::winograd_nonfused::winogradForwardOutput4x4<float, float>(cudnn::winograd_nonfused::WinogradOutputParams<float, float>)",2621,7225344
31250.808607,0.253597,100352,1,1,64,1,1,22,0.000000,0.000000,,,,,"Tesla V100-DGXS-32GB (0)","1","7","void at::native::unrolled_elementwise_kernel<at::native::AddFunctor<float, float>, at::detail::Array<char*, int=3>, OffsetCalculator<int=2, unsigned int, bool=0>, OffsetCalculator<int=1, unsigned int, bool=0>, at::native::memory::LoadWithoutCast, at::native::memory::StoreWithoutCast>(int, float, float, at::native::AddFunctor<float, float>, char*, int=3, at::detail::Array<char*, int=3>)",2626,3218853
31259.475856,0.253244,100352,1,1,64,1,1,18,0.000000,0.000000,,,,,"Tesla V100-DGXS-32GB (0)","1","7","_ZN2at6native29vectorized_elementwise_kernelILi4EZZZNS0_84_GLOBAL__N__60_tmpxft_00003bf5_00000000_13_TensorCompare_compute_86_cpp1_ii_d0af11f728clamp_min_scalar_kernel_implERNS_14TensorIteratorEN3c106ScalarEENKUlvE_clEvENKUlvE6_clEvEUlfE_NS_6detail5ArrayIPcLi2EEEEEviT0_T1_",2632,3211264
31267.843396,0.231900,25088,1,1,256,1,1,23,0.000000,0.000000,,,,,"Tesla V100-DGXS-32GB (0)","1","7","void at::native::_GLOBAL__N__63_tmpxft_00007dfa_00000000_13_DilatedMaxPool2d_compute_86_cpp1_ii_6258b574::max_pool_forward_nchw<float, float>(int, float const *, int, int, int, int, int, int, int, int, int, int, int, int, int, int, at::native::_GLOBAL__N__63_tmpxft_00007dfa_00000000_13_DilatedMaxPool2d_compute_86_cpp1_ii_6258b574::max_pool_forward_nchw<float, float>*, long*)",2641,3354622
31275.835037,0.129086,8,256,1,256,1,1,64,22.125000,0.000000,,,,,"Tesla V100-DGXS-32GB (0)","1","7","void cudnn::winograd_nonfused::winogradForwardData4x4<float, float>(cudnn::winograd_nonfused::WinogradDataParams<float, float>)",2653,1436604
31283.201469,0.035072,8,64,1,32,8,1,32,9.000000,0.000000,,,,,"Tesla V100-DGXS-32GB (0)","1","7","void cudnn::winograd_nonfused::winogradForwardFilter4x4<float, float>(cudnn::winograd_nonfused::WinogradFilterParams<float, float>)",2654,147456
31290.224227,1.262192,49,4,36,256,1,1,57,16.000000,0.000000,,,,,"Tesla V100-DGXS-32GB (0)","1","7","volta_sgemm_32x128_nn",2662,35727046
31302.735682,0.257308,8,512,1,256,1,1,64,16.250000,0.000000,,,,,"Tesla V100-DGXS-32GB (0)","1","7","void cudnn::winograd_nonfused::winogradForwardOutput4x4<float, float>(cudnn::winograd_nonfused::WinogradOutputParams<float, float>)",2664,3612672
31312.428101,0.129630,50176,1,1,64,1,1,22,0.000000,0.000000,,,,,"Tesla V100-DGXS-32GB (0)","1","7","void at::native::unrolled_elementwise_kernel<at::native::AddFunctor<float, float>, at::detail::Array<char*, int=3>, OffsetCalculator<int=2, unsigned int, bool=0>, OffsetCalculator<int=1, unsigned int, bool=0>, at::native::memory::LoadWithoutCast, at::native::memory::StoreWithoutCast>(int, float, float, at::native::AddFunctor<float, float>, char*, int=3, at::detail::Array<char*, int=3>)",2669,1614832
31322.255910,0.128158,50176,1,1,64,1,1,18,0.000000,0.000000,,,,,"Tesla V100-DGXS-32GB (0)","1","7","_ZN2at6native29vectorized_elementwise_kernelILi4EZZZNS0_84_GLOBAL__N__60_tmpxft_00003bf5_00000000_13_TensorCompare_compute_86_cpp1_ii_d0af11f728clamp_min_scalar_kernel_implERNS_14TensorIteratorEN3c106ScalarEENKUlvE_clEvENKUlvE6_clEvEUlfE_NS_6detail5ArrayIPcLi2EEEEEviT0_T1_",2675,1605632
31331.440303,0.254845,8,512,1,256,1,1,64,22.125000,0.000000,,,,,"Tesla V100-DGXS-32GB (0)","1","7","void cudnn::winograd_nonfused::winogradForwardData4x4<float, float>(cudnn::winograd_nonfused::WinogradDataParams<float, float>)",2688,2871572
31340.106080,0.068287,16,64,1,32,8,1,32,9.000000,0.000000,,,,,"Tesla V100-DGXS-32GB (0)","1","7","void cudnn::winograd_nonfused::winogradForwardFilter4x4<float, float>(cudnn::winograd_nonfused::WinogradFilterParams<float, float>)",2689,294912
31348.478452,2.460416,49,4,36,256,1,1,57,16.000000,0.000000,,,,,"Tesla V100-DGXS-32GB (0)","1","7","volta_sgemm_32x128_nn",2697,71687124
31359.304392,0.265820,8,512,1,256,1,1,64,16.250000,0.000000,,,,,"Tesla V100-DGXS-32GB (0)","1","7","void cudnn::winograd_nonfused::winogradForwardOutput4x4<float, float>(cudnn::winograd_nonfused::WinogradOutputParams<float, float>)",2699,3612672
31368.350676,0.131134,50176,1,1,64,1,1,22,0.000000,0.000000,,,,,"Tesla V100-DGXS-32GB (0)","1","7","void at::native::unrolled_elementwise_kernel<at::native::AddFunctor<float, float>, at::detail::Array<char*, int=3>, OffsetCalculator<int=2, unsigned int, bool=0>, OffsetCalculator<int=1, unsigned int, bool=0>, at::native::memory::LoadWithoutCast, at::native::memory::StoreWithoutCast>(int, float, float, at::native::AddFunctor<float, float>, char*, int=3, at::detail::Array<char*, int=3>)",2704,1614971
31377.893560,0.127967,50176,1,1,64,1,1,18,0.000000,0.000000,,,,,"Tesla V100-DGXS-32GB (0)","1","7","_ZN2at6native29vectorized_elementwise_kernelILi4EZZZNS0_84_GLOBAL__N__60_tmpxft_00003bf5_00000000_13_TensorCompare_compute_86_cpp1_ii_d0af11f728clamp_min_scalar_kernel_implERNS_14TensorIteratorEN3c106ScalarEENKUlvE_clEvENKUlvE6_clEvEUlfE_NS_6detail5ArrayIPcLi2EEEEEviT0_T1_",2710,1605632
31386.981667,0.244957,8,512,1,256,1,1,64,22.125000,0.000000,,,,,"Tesla V100-DGXS-32GB (0)","1","7","void cudnn::winograd_nonfused::winogradForwardData4x4<float, float>(cudnn::winograd_nonfused::WinogradDataParams<float, float>)",2723,2872101
31395.594836,0.068223,16,64,1,32,8,1,32,9.000000,0.000000,,,,,"Tesla V100-DGXS-32GB (0)","1","7","void cudnn::winograd_nonfused::winogradForwardFilter4x4<float, float>(cudnn::winograd_nonfused::WinogradFilterParams<float, float>)",2724,294912
31403.943752,2.460321,49,4,36,256,1,1,57,16.000000,0.000000,,,,,"Tesla V100-DGXS-32GB (0)","1","7","volta_sgemm_32x128_nn",2732,71696727
31414.649695,0.256860,8,512,1,256,1,1,64,16.250000,0.000000,,,,,"Tesla V100-DGXS-32GB (0)","1","7","void cudnn::winograd_nonfused::winogradForwardOutput4x4<float, float>(cudnn::winograd_nonfused::WinogradOutputParams<float, float>)",2734,3612672
31423.614699,0.129630,50176,1,1,64,1,1,22,0.000000,0.000000,,,,,"Tesla V100-DGXS-32GB (0)","1","7","void at::native::unrolled_elementwise_kernel<at::native::AddFunctor<float, float>, at::detail::Array<char*, int=3>, OffsetCalculator<int=2, unsigned int, bool=0>, OffsetCalculator<int=1, unsigned int, bool=0>, at::native::memory::LoadWithoutCast, at::native::memory::StoreWithoutCast>(int, float, float, at::native::AddFunctor<float, float>, char*, int=3, at::detail::Array<char*, int=3>)",2739,1614792
31433.106769,0.128926,50176,1,1,64,1,1,18,0.000000,0.000000,,,,,"Tesla V100-DGXS-32GB (0)","1","7","_ZN2at6native29vectorized_elementwise_kernelILi4EZZZNS0_84_GLOBAL__N__60_tmpxft_00003bf5_00000000_13_TensorCompare_compute_86_cpp1_ii_d0af11f728clamp_min_scalar_kernel_implERNS_14TensorIteratorEN3c106ScalarEENKUlvE_clEvENKUlvE6_clEvEUlfE_NS_6detail5ArrayIPcLi2EEEEEviT0_T1_",2745,1605632
31442.649077,0.120863,12544,1,1,256,1,1,23,0.000000,0.000000,,,,,"Tesla V100-DGXS-32GB (0)","1","7","void at::native::_GLOBAL__N__63_tmpxft_00007dfa_00000000_13_DilatedMaxPool2d_compute_86_cpp1_ii_6258b574::max_pool_forward_nchw<float, float>(int, float const *, int, int, int, int, int, int, int, int, int, int, int, int, int, int, at::native::_GLOBAL__N__63_tmpxft_00007dfa_00000000_13_DilatedMaxPool2d_compute_86_cpp1_ii_6258b574::max_pool_forward_nchw<float, float>*, long*)",2754,1704917
31451.748352,0.073823,2,512,1,256,1,1,64,22.125000,0.000000,,,,,"Tesla V100-DGXS-32GB (0)","1","7","void cudnn::winograd_nonfused::winogradForwardData4x4<float, float>(cudnn::winograd_nonfused::WinogradDataParams<float, float>)",2766,411731
31460.123924,0.068159,16,64,1,32,8,1,32,9.000000,0.000000,,,,,"Tesla V100-DGXS-32GB (0)","1","7","void cudnn::winograd_nonfused::winogradForwardFilter4x4<float, float>(cudnn::winograd_nonfused::WinogradFilterParams<float, float>)",2767,294912
31468.412105,0.853685,8,8,36,64,1,1,126,8.250000,0.000000,,,,,"Tesla V100-DGXS-32GB (0)","1","7","volta_sgemm_64x64_nn",2775,18153743
31477.579699,0.073823,2,512,1,256,1,1,64,16.250000,0.000000,,,,,"Tesla V100-DGXS-32GB (0)","1","7","void cudnn::winograd_nonfused::winogradForwardOutput4x4<float, float>(cudnn::winograd_nonfused::WinogradOutputParams<float, float>)",2777,1179648
31486.353890,0.035039,12544,1,1,64,1,1,22,0.000000,0.000000,,,,,"Tesla V100-DGXS-32GB (0)","1","7","void at::native::unrolled_elementwise_kernel<at::native::AddFunctor<float, float>, at::detail::Array<char*, int=3>, OffsetCalculator<int=2, unsigned int, bool=0>, OffsetCalculator<int=1, unsigned int, bool=0>, at::native::memory::LoadWithoutCast, at::native::memory::StoreWithoutCast>(int, float, float, at::native::AddFunctor<float, float>, char*, int=3, at::detail::Array<char*, int=3>)",2782,406310
31495.497644,0.034752,12544,1,1,64,1,1,18,0.000000,0.000000,,,,,"Tesla V100-DGXS-32GB (0)","1","7","_ZN2at6native29vectorized_elementwise_kernelILi4EZZZNS0_84_GLOBAL__N__60_tmpxft_00003bf5_00000000_13_TensorCompare_compute_86_cpp1_ii_d0af11f728clamp_min_scalar_kernel_implERNS_14TensorIteratorEN3c106ScalarEENKUlvE_clEvENKUlvE6_clEvEUlfE_NS_6detail5ArrayIPcLi2EEEEEviT0_T1_",2788,401408
31504.360026,0.071647,2,512,1,256,1,1,64,22.125000,0.000000,,,,,"Tesla V100-DGXS-32GB (0)","1","7","void cudnn::winograd_nonfused::winogradForwardData4x4<float, float>(cudnn::winograd_nonfused::WinogradDataParams<float, float>)",2801,411692
31512.688366,0.068767,16,64,1,32,8,1,32,9.000000,0.000000,,,,,"Tesla V100-DGXS-32GB (0)","1","7","void cudnn::winograd_nonfused::winogradForwardFilter4x4<float, float>(cudnn::winograd_nonfused::WinogradFilterParams<float, float>)",2802,294912
31520.863589,0.847669,8,8,36,64,1,1,126,8.250000,0.000000,,,,,"Tesla V100-DGXS-32GB (0)","1","7","volta_sgemm_64x64_nn",2810,18099268
31529.978127,0.072063,2,512,1,256,1,1,64,16.250000,0.000000,,,,,"Tesla V100-DGXS-32GB (0)","1","7","void cudnn::winograd_nonfused::winogradForwardOutput4x4<float, float>(cudnn::winograd_nonfused::WinogradOutputParams<float, float>)",2812,1179648
31537.622573,0.034975,12544,1,1,64,1,1,22,0.000000,0.000000,,,,,"Tesla V100-DGXS-32GB (0)","1","7","void at::native::unrolled_elementwise_kernel<at::native::AddFunctor<float, float>, at::detail::Array<char*, int=3>, OffsetCalculator<int=2, unsigned int, bool=0>, OffsetCalculator<int=1, unsigned int, bool=0>, at::native::memory::LoadWithoutCast, at::native::memory::StoreWithoutCast>(int, float, float, at::native::AddFunctor<float, float>, char*, int=3, at::detail::Array<char*, int=3>)",2817,406306
31545.550279,0.035327,12544,1,1,64,1,1,18,0.000000,0.000000,,,,,"Tesla V100-DGXS-32GB (0)","1","7","_ZN2at6native29vectorized_elementwise_kernelILi4EZZZNS0_84_GLOBAL__N__60_tmpxft_00003bf5_00000000_13_TensorCompare_compute_86_cpp1_ii_d0af11f728clamp_min_scalar_kernel_implERNS_14TensorIteratorEN3c106ScalarEENKUlvE_clEvENKUlvE6_clEvEUlfE_NS_6detail5ArrayIPcLi2EEEEEviT0_T1_",2823,401408
31553.128453,0.077343,2,512,1,256,1,1,64,22.125000,0.000000,,,,,"Tesla V100-DGXS-32GB (0)","1","7","void cudnn::winograd_nonfused::winogradForwardData4x4<float, float>(cudnn::winograd_nonfused::WinogradDataParams<float, float>)",2836,411881
31560.149002,0.068576,16,64,1,32,8,1,32,9.000000,0.000000,,,,,"Tesla V100-DGXS-32GB (0)","1","7","void cudnn::winograd_nonfused::winogradForwardFilter4x4<float, float>(cudnn::winograd_nonfused::WinogradFilterParams<float, float>)",2837,294912
31567.133840,0.851349,8,8,36,64,1,1,126,8.250000,0.000000,,,,,"Tesla V100-DGXS-32GB (0)","1","7","volta_sgemm_64x64_nn",2845,18245603
31574.979467,0.073247,2,512,1,256,1,1,64,16.250000,0.000000,,,,,"Tesla V100-DGXS-32GB (0)","1","7","void cudnn::winograd_nonfused::winogradForwardOutput4x4<float, float>(cudnn::winograd_nonfused::WinogradOutputParams<float, float>)",2847,1179648
31582.369900,0.035135,12544,1,1,64,1,1,22,0.000000,0.000000,,,,,"Tesla V100-DGXS-32GB (0)","1","7","void at::native::unrolled_elementwise_kernel<at::native::AddFunctor<float, float>, at::detail::Array<char*, int=3>, OffsetCalculator<int=2, unsigned int, bool=0>, OffsetCalculator<int=1, unsigned int, bool=0>, at::native::memory::LoadWithoutCast, at::native::memory::StoreWithoutCast>(int, float, float, at::native::AddFunctor<float, float>, char*, int=3, at::detail::Array<char*, int=3>)",2852,406276
31590.243782,0.035200,12544,1,1,64,1,1,18,0.000000,0.000000,,,,,"Tesla V100-DGXS-32GB (0)","1","7","_ZN2at6native29vectorized_elementwise_kernelILi4EZZZNS0_84_GLOBAL__N__60_tmpxft_00003bf5_00000000_13_TensorCompare_compute_86_cpp1_ii_d0af11f728clamp_min_scalar_kernel_implERNS_14TensorIteratorEN3c106ScalarEENKUlvE_clEvENKUlvE6_clEvEUlfE_NS_6detail5ArrayIPcLi2EEEEEviT0_T1_",2858,401408
31598.132065,0.037055,3136,1,1,256,1,1,23,0.000000,0.000000,,,,,"Tesla V100-DGXS-32GB (0)","1","7","void at::native::_GLOBAL__N__63_tmpxft_00007dfa_00000000_13_DilatedMaxPool2d_compute_86_cpp1_ii_6258b574::max_pool_forward_nchw<float, float>(int, float const *, int, int, int, int, int, int, int, int, int, int, int, int, int, int, at::native::_GLOBAL__N__63_tmpxft_00007dfa_00000000_13_DilatedMaxPool2d_compute_86_cpp1_ii_6258b574::max_pool_forward_nchw<float, float>*, long*)",2867,427418
31605.595328,0.101983,16384,1,1,32,8,1,40,0.000000,0.000000,,,,,"Tesla V100-DGXS-32GB (0)","1","7","void at::native::_GLOBAL__N__69_tmpxft_0000539c_00000000_13_AdaptiveAveragePooling_compute_86_cpp1_ii_eb1948c3::adaptive_average_pool<float>(float*, float, int, int, int, int, long, long, long)",2879,114595
31613.639640,0.008512,512,1,1,64,1,1,20,0.000000,0.000000,,,,,"Tesla V100-DGXS-32GB (0)","1","7","_ZN2at6native27unrolled_elementwise_kernelIZZZNS0_21copy_device_to_deviceERNS_14TensorIteratorEbENKUlvE1_clEvENKUlvE6_clEvEUlfE_NS_6detail5ArrayIPcLi2EEE16OffsetCalculatorILi1EjLb0EESC_NS0_6memory15LoadWithoutCastENSD_16StoreWithoutCastEEEviT_T0_T1_T2_T3_T4_",2886,2560
31616.108793,0.001696,,,,,,,,,,0.000122,0.070288,"Device",,"Tesla V100-DGXS-32GB (0)","1","7","[CUDA memset]",2895,
31620.663294,0.766518,32,1,5,256,1,1,134,42.000000,0.000000,,,,,"Tesla V100-DGXS-32GB (0)","1","7","volta_sgemm_128x32_sliced1x4_tn",2897,17402511
31629.147057,0.004192,512,1,1,64,1,1,18,0.000000,0.000000,,,,,"Tesla V100-DGXS-32GB (0)","1","7","_ZN2at6native29vectorized_elementwise_kernelILi4EZZZNS0_84_GLOBAL__N__60_tmpxft_00003bf5_00000000_13_TensorCompare_compute_86_cpp1_ii_d0af11f728clamp_min_scalar_kernel_implERNS_14TensorIteratorEN3c106ScalarEENKUlvE_clEvENKUlvE6_clEvEUlfE_NS_6detail5ArrayIPcLi2EEEEEviT0_T1_",2905,16384
31636.818734,0.006144,512,1,1,256,1,1,46,0.000000,0.000000,,,,,"Tesla V100-DGXS-32GB (0)","1","7","void at::native::_GLOBAL__N__54_tmpxft_000083c5_00000000_13_Dropout_compute_86_cpp1_ii_dfc8fc1b::fused_dropout_kernel_vec<float, float, unsigned int, int=1, int=4>(at::cuda::detail::TensorInfo<float, unsigned int>, unsigned int, at::cuda::detail<bool, float>, float, float, at::cuda::detail<bool, float>, at::PhiloxCudaState)",2932,16384
31644.228238,0.005568,512,1,1,64,1,1,20,0.000000,0.000000,,,,,"Tesla V100-DGXS-32GB (0)","1","7","_ZN2at6native27unrolled_elementwise_kernelIZZZNS0_21copy_device_to_deviceERNS_14TensorIteratorEbENKUlvE1_clEvENKUlvE6_clEvEUlfE_NS_6detail5ArrayIPcLi2EEE16OffsetCalculatorILi1EjLb0EESC_NS0_6memory15LoadWithoutCastENSD_16StoreWithoutCastEEEviT_T0_T1_T2_T3_T4_",2939,2560
31646.645647,0.001344,,,,,,,,,,0.000122,0.088697,"Device",,"Tesla V100-DGXS-32GB (0)","1","7","[CUDA memset]",2948,
31651.335698,0.138047,32,1,5,256,1,1,134,42.000000,0.000000,,,,,"Tesla V100-DGXS-32GB (0)","1","7","volta_sgemm_128x32_sliced1x4_tn",2950,2858056
31659.160654,0.004224,512,1,1,64,1,1,18,0.000000,0.000000,,,,,"Tesla V100-DGXS-32GB (0)","1","7","_ZN2at6native29vectorized_elementwise_kernelILi4EZZZNS0_84_GLOBAL__N__60_tmpxft_00003bf5_00000000_13_TensorCompare_compute_86_cpp1_ii_d0af11f728clamp_min_scalar_kernel_implERNS_14TensorIteratorEN3c106ScalarEENKUlvE_clEvENKUlvE6_clEvEUlfE_NS_6detail5ArrayIPcLi2EEEEEviT0_T1_",2958,16384
31666.803979,0.005504,512,1,1,256,1,1,46,0.000000,0.000000,,,,,"Tesla V100-DGXS-32GB (0)","1","7","void at::native::_GLOBAL__N__54_tmpxft_000083c5_00000000_13_Dropout_compute_86_cpp1_ii_dfc8fc1b::fused_dropout_kernel_vec<float, float, unsigned int, int=1, int=4>(at::cuda::detail::TensorInfo<float, unsigned int>, unsigned int, at::cuda::detail<bool, float>, float, float, at::cuda::detail<bool, float>, at::PhiloxCudaState)",2985,16384
31674.256907,0.004768,125,1,1,64,1,1,20,0.000000,0.000000,,,,,"Tesla V100-DGXS-32GB (0)","1","7","_ZN2at6native27unrolled_elementwise_kernelIZZZNS0_21copy_device_to_deviceERNS_14TensorIteratorEbENKUlvE1_clEvENKUlvE6_clEvEUlfE_NS_6detail5ArrayIPcLi2EEE16OffsetCalculatorILi1EjLb0EESC_NS0_6memory15LoadWithoutCastENSD_16StoreWithoutCastEEEviT_T0_T1_T2_T3_T4_",2992,4000
31681.276720,0.048768,16,1,5,256,1,1,82,26.000000,0.000000,,,,,"Tesla V100-DGXS-32GB (0)","1","7","volta_sgemm_64x32_sliced1x4_tn",3001,787740
31688.359541,0.006496,32,2,1,32,16,1,40,0.000000,0.000000,,,,,"Tesla V100-DGXS-32GB (0)","1","7","void splitKreduce_kernel<float, float, float, float, bool=1, bool=0, bool=0>(cublasSplitKParams<float>, float const *, float const *, float*, float const *, float const *, float const *, float const *, float*, void*, long, float*, int*)",3003,24000
31695.905876,0.010496,8,1,1,32,4,1,80,0.000000,0.000000,,,,,"Tesla V100-DGXS-32GB (0)","1","7","void _GLOBAL__N__54_tmpxft_00008025_00000000_13_SoftMax_compute_86_cpp1_ii_a3310042::softmax_warp_forward<float, float, float, int=10, bool=1>(float*, float const *, int, int, int)",3022,4000
31702.932121,0.005856,1,1,1,32,1,1,34,0.250000,0.000000,,,,,"Tesla V100-DGXS-32GB (0)","1","7","void at::native::_GLOBAL__N__51_tmpxft_0000087b_00000000_13_Loss_compute_86_cpp1_ii_5c69dde6::nll_loss_forward_reduce_cuda_kernel_2d<float, float, long>(float*, float, float, long*, float, bool, int, int, int, long)",3041,40
31710.504792,0.003200,7,1,1,64,1,1,16,0.000000,0.000000,,,,,"Tesla V100-DGXS-32GB (0)","1","7","void at::native::vectorized_elementwise_kernel<int=4, at::native::FillFunctor<float>, at::detail::Array<char*, int=1>>(int, float, at::native::FillFunctor<float>)",3050,0
31717.738970,0.002816,1,1,1,64,1,1,16,0.000000,0.000000,,,,,"Tesla V100-DGXS-32GB (0)","1","7","void at::native::vectorized_elementwise_kernel<int=4, at::native::FillFunctor<float>, at::detail::Array<char*, int=1>>(int, float, at::native::FillFunctor<float>)",3057,0
31724.896734,0.003072,144,1,1,64,1,1,16,0.000000,0.000000,,,,,"Tesla V100-DGXS-32GB (0)","1","7","void at::native::vectorized_elementwise_kernel<int=4, at::native::FillFunctor<float>, at::detail::Array<char*, int=1>>(int, float, at::native::FillFunctor<float>)",3064,0
31732.144480,0.002977,1,1,1,64,1,1,16,0.000000,0.000000,,,,,"Tesla V100-DGXS-32GB (0)","1","7","void at::native::vectorized_elementwise_kernel<int=4, at::native::FillFunctor<float>, at::detail::Array<char*, int=1>>(int, float, at::native::FillFunctor<float>)",3071,0
31739.284388,0.003296,288,1,1,64,1,1,16,0.000000,0.000000,,,,,"Tesla V100-DGXS-32GB (0)","1","7","void at::native::vectorized_elementwise_kernel<int=4, at::native::FillFunctor<float>, at::detail::Array<char*, int=1>>(int, float, at::native::FillFunctor<float>)",3078,0
31746.559975,0.002816,1,1,1,64,1,1,16,0.000000,0.000000,,,,,"Tesla V100-DGXS-32GB (0)","1","7","void at::native::vectorized_elementwise_kernel<int=4, at::native::FillFunctor<float>, at::detail::Array<char*, int=1>>(int, float, at::native::FillFunctor<float>)",3085,0
31753.702570,0.003777,576,1,1,64,1,1,16,0.000000,0.000000,,,,,"Tesla V100-DGXS-32GB (0)","1","7","void at::native::vectorized_elementwise_kernel<int=4, at::native::FillFunctor<float>, at::detail::Array<char*, int=1>>(int, float, at::native::FillFunctor<float>)",3092,0
31760.860174,0.002816,1,1,1,64,1,1,16,0.000000,0.000000,,,,,"Tesla V100-DGXS-32GB (0)","1","7","void at::native::vectorized_elementwise_kernel<int=4, at::native::FillFunctor<float>, at::detail::Array<char*, int=1>>(int, float, at::native::FillFunctor<float>)",3099,0
31768.086097,0.004768,1152,1,1,64,1,1,16,0.000000,0.000000,,,,,"Tesla V100-DGXS-32GB (0)","1","7","void at::native::vectorized_elementwise_kernel<int=4, at::native::FillFunctor<float>, at::detail::Array<char*, int=1>>(int, float, at::native::FillFunctor<float>)",3106,0
31775.253620,0.002785,1,1,1,64,1,1,16,0.000000,0.000000,,,,,"Tesla V100-DGXS-32GB (0)","1","7","void at::native::vectorized_elementwise_kernel<int=4, at::native::FillFunctor<float>, at::detail::Array<char*, int=1>>(int, float, at::native::FillFunctor<float>)",3113,0
31782.459224,0.006656,2304,1,1,64,1,1,16,0.000000,0.000000,,,,,"Tesla V100-DGXS-32GB (0)","1","7","void at::native::vectorized_elementwise_kernel<int=4, at::native::FillFunctor<float>, at::detail::Array<char*, int=1>>(int, float, at::native::FillFunctor<float>)",3120,0
31789.666331,0.002752,1,1,1,64,1,1,16,0.000000,0.000000,,,,,"Tesla V100-DGXS-32GB (0)","1","7","void at::native::vectorized_elementwise_kernel<int=4, at::native::FillFunctor<float>, at::detail::Array<char*, int=1>>(int, float, at::native::FillFunctor<float>)",3127,0
31796.952285,0.006688,2304,1,1,64,1,1,16,0.000000,0.000000,,,,,"Tesla V100-DGXS-32GB (0)","1","7","void at::native::vectorized_elementwise_kernel<int=4, at::native::FillFunctor<float>, at::detail::Array<char*, int=1>>(int, float, at::native::FillFunctor<float>)",3134,0
31804.201984,0.002783,1,1,1,64,1,1,16,0.000000,0.000000,,,,,"Tesla V100-DGXS-32GB (0)","1","7","void at::native::vectorized_elementwise_kernel<int=4, at::native::FillFunctor<float>, at::detail::Array<char*, int=1>>(int, float, at::native::FillFunctor<float>)",3141,0
31811.830653,0.010496,4608,1,1,64,1,1,16,0.000000,0.000000,,,,,"Tesla V100-DGXS-32GB (0)","1","7","void at::native::vectorized_elementwise_kernel<int=4, at::native::FillFunctor<float>, at::detail::Array<char*, int=1>>(int, float, at::native::FillFunctor<float>)",3148,0
31818.949089,0.002848,2,1,1,64,1,1,16,0.000000,0.000000,,,,,"Tesla V100-DGXS-32GB (0)","1","7","void at::native::vectorized_elementwise_kernel<int=4, at::native::FillFunctor<float>, at::detail::Array<char*, int=1>>(int, float, at::native::FillFunctor<float>)",3155,0
31826.037670,0.018143,9216,1,1,64,1,1,16,0.000000,0.000000,,,,,"Tesla V100-DGXS-32GB (0)","1","7","void at::native::vectorized_elementwise_kernel<int=4, at::native::FillFunctor<float>, at::detail::Array<char*, int=1>>(int, float, at::native::FillFunctor<float>)",3162,0
31833.203594,0.003295,2,1,1,64,1,1,16,0.000000,0.000000,,,,,"Tesla V100-DGXS-32GB (0)","1","7","void at::native::vectorized_elementwise_kernel<int=4, at::native::FillFunctor<float>, at::detail::Array<char*, int=1>>(int, float, at::native::FillFunctor<float>)",3169,0
31840.367149,0.018464,9216,1,1,64,1,1,16,0.000000,0.000000,,,,,"Tesla V100-DGXS-32GB (0)","1","7","void at::native::vectorized_elementwise_kernel<int=4, at::native::FillFunctor<float>, at::detail::Array<char*, int=1>>(int, float, at::native::FillFunctor<float>)",3176,0
31847.540209,0.002944,2,1,1,64,1,1,16,0.000000,0.000000,,,,,"Tesla V100-DGXS-32GB (0)","1","7","void at::native::vectorized_elementwise_kernel<int=4, at::native::FillFunctor<float>, at::detail::Array<char*, int=1>>(int, float, at::native::FillFunctor<float>)",3183,0
31854.774995,0.018272,9216,1,1,64,1,1,16,0.000000,0.000000,,,,,"Tesla V100-DGXS-32GB (0)","1","7","void at::native::vectorized_elementwise_kernel<int=4, at::native::FillFunctor<float>, at::detail::Array<char*, int=1>>(int, float, at::native::FillFunctor<float>)",3190,0
31861.939095,0.002976,2,1,1,64,1,1,16,0.000000,0.000000,,,,,"Tesla V100-DGXS-32GB (0)","1","7","void at::native::vectorized_elementwise_kernel<int=4, at::native::FillFunctor<float>, at::detail::Array<char*, int=1>>(int, float, at::native::FillFunctor<float>)",3197,0
31869.131002,0.018304,9216,1,1,64,1,1,16,0.000000,0.000000,,,,,"Tesla V100-DGXS-32GB (0)","1","7","void at::native::vectorized_elementwise_kernel<int=4, at::native::FillFunctor<float>, at::detail::Array<char*, int=1>>(int, float, at::native::FillFunctor<float>)",3204,0
31876.313950,0.002944,2,1,1,64,1,1,16,0.000000,0.000000,,,,,"Tesla V100-DGXS-32GB (0)","1","7","void at::native::vectorized_elementwise_kernel<int=4, at::native::FillFunctor<float>, at::detail::Array<char*, int=1>>(int, float, at::native::FillFunctor<float>)",3211,0
31883.536288,0.018336,9216,1,1,64,1,1,16,0.000000,0.000000,,,,,"Tesla V100-DGXS-32GB (0)","1","7","void at::native::vectorized_elementwise_kernel<int=4, at::native::FillFunctor<float>, at::detail::Array<char*, int=1>>(int, float, at::native::FillFunctor<float>)",3218,0
31890.764003,0.002976,2,1,1,64,1,1,16,0.000000,0.000000,,,,,"Tesla V100-DGXS-32GB (0)","1","7","void at::native::vectorized_elementwise_kernel<int=4, at::native::FillFunctor<float>, at::detail::Array<char*, int=1>>(int, float, at::native::FillFunctor<float>)",3225,0
31897.944551,0.667831,401408,1,1,64,1,1,16,0.000000,0.000000,,,,,"Tesla V100-DGXS-32GB (0)","1","7","void at::native::vectorized_elementwise_kernel<int=4, at::native::FillFunctor<float>, at::detail::Array<char*, int=1>>(int, float, at::native::FillFunctor<float>)",3232,0
31905.966975,0.003040,16,1,1,64,1,1,16,0.000000,0.000000,,,,,"Tesla V100-DGXS-32GB (0)","1","7","void at::native::vectorized_elementwise_kernel<int=4, at::native::FillFunctor<float>, at::detail::Array<char*, int=1>>(int, float, at::native::FillFunctor<float>)",3239,0
31913.112963,0.111583,65536,1,1,64,1,1,16,0.000000,0.000000,,,,,"Tesla V100-DGXS-32GB (0)","1","7","void at::native::vectorized_elementwise_kernel<int=4, at::native::FillFunctor<float>, at::detail::Array<char*, int=1>>(int, float, at::native::FillFunctor<float>)",3246,0
31920.265575,0.003008,16,1,1,64,1,1,16,0.000000,0.000000,,,,,"Tesla V100-DGXS-32GB (0)","1","7","void at::native::vectorized_elementwise_kernel<int=4, at::native::FillFunctor<float>, at::detail::Array<char*, int=1>>(int, float, at::native::FillFunctor<float>)",3253,0
31927.455722,0.029535,16000,1,1,64,1,1,16,0.000000,0.000000,,,,,"Tesla V100-DGXS-32GB (0)","1","7","void at::native::vectorized_elementwise_kernel<int=4, at::native::FillFunctor<float>, at::detail::Array<char*, int=1>>(int, float, at::native::FillFunctor<float>)",3260,0
31934.506895,0.003008,4,1,1,64,1,1,16,0.000000,0.000000,,,,,"Tesla V100-DGXS-32GB (0)","1","7","void at::native::vectorized_elementwise_kernel<int=4, at::native::FillFunctor<float>, at::detail::Array<char*, int=1>>(int, float, at::native::FillFunctor<float>)",3267,0
31937.149421,0.001664,,,,,,,,,,0.000004,0.002239,"Device","Pageable","Tesla V100-DGXS-32GB (0)","1","7","[CUDA memcpy DtoH]",3277,
31937.385322,0.001472,,,,,,,,,,0.000004,0.002531,"Device","Pageable","Tesla V100-DGXS-32GB (0)","1","7","[CUDA memcpy DtoH]",3284,
31942.068942,0.002911,1,1,1,64,1,1,16,0.000000,0.000000,,,,,"Tesla V100-DGXS-32GB (0)","1","7","void at::native::vectorized_elementwise_kernel<int=4, at::native::FillFunctor<float>, at::detail::Array<char*, int=1>>(int, float, at::native::FillFunctor<float>)",3297,0
31950.250084,0.003008,125,1,1,64,1,1,16,0.000000,0.000000,,,,,"Tesla V100-DGXS-32GB (0)","1","7","void at::native::vectorized_elementwise_kernel<int=4, at::native::FillFunctor<float>, at::detail::Array<char*, int=1>>(int, float, at::native::FillFunctor<float>)",3312,0
31957.425064,0.004735,1,1,1,32,1,1,32,0.000000,0.000000,,,,,"Tesla V100-DGXS-32GB (0)","1","7","void at::native::_GLOBAL__N__51_tmpxft_0000087b_00000000_13_Loss_compute_86_cpp1_ii_5c69dde6::nll_loss_backward_reduce_cuda_kernel_2d<float, long>(float*, float, long*, float, float, bool, int, int, int, long)",3317,10
31964.496844,0.011808,8,1,1,32,4,1,109,0.000000,0.000000,,,,,"Tesla V100-DGXS-32GB (0)","1","7","void _GLOBAL__N__54_tmpxft_00008025_00000000_13_SoftMax_compute_86_cpp1_ii_a3310042::softmax_warp_backward<float, float, float, int=10, bool=1>(float*, float const *, float const , int, int, int)",3328,8000
31967.097675,0.001728,,,,,,,,,,0.000122,0.068987,"Device",,"Tesla V100-DGXS-32GB (0)","1","7","[CUDA memset]",3340,
31971.793934,0.057120,32,1,4,256,1,1,134,41.000000,0.000000,,,,,"Tesla V100-DGXS-32GB (0)","1","7","volta_sgemm_128x32_sliced1x4_nn",3342,701334
31979.223214,0.036608,32,32,1,256,1,1,57,16.000000,0.000000,,,,,"Tesla V100-DGXS-32GB (0)","1","7","volta_sgemm_128x32_nt",3352,554953
31986.421522,0.012127,2,1,1,32,4,1,50,0.015625,0.000000,,,,,"Tesla V100-DGXS-32GB (0)","1","7","_ZN2at6native13reduce_kernelILi128ELi4ENS0_8ReduceOpIfNS0_14func_wrapper_tIfZNS0_11sum_functorIfffEclERNS_14TensorIteratorEEUlffE_EEjfLi4EEEEEvT1_",3363,4000
31993.592949,0.003904,4,1,1,64,1,1,20,0.000000,0.000000,,,,,"Tesla V100-DGXS-32GB (0)","1","7","void at::native::vectorized_elementwise_kernel<int=4, at::native::AddFunctor<float, float>, at::detail::Array<char*, int=3>>(int, float, float)",3370,250
32000.733337,0.003488,4,1,1,64,1,1,16,0.000000,0.000000,,,,,"Tesla V100-DGXS-32GB (0)","1","7","void at::native::vectorized_elementwise_kernel<int=4, at::native::MulScalarFunctor<float, float>, at::detail::Array<char*, int=2>>(int, float, float)",3376,125
32007.773726,0.065055,16000,1,1,64,1,1,20,0.000000,0.000000,,,,,"Tesla V100-DGXS-32GB (0)","1","7","void at::native::vectorized_elementwise_kernel<int=4, at::native::AddFunctor<float, float>, at::detail::Array<char*, int=3>>(int, float, float)",3386,1024000
32014.944002,0.043231,16000,1,1,64,1,1,16,0.000000,0.000000,,,,,"Tesla V100-DGXS-32GB (0)","1","7","void at::native::vectorized_elementwise_kernel<int=4, at::native::MulScalarFunctor<float, float>, at::detail::Array<char*, int=2>>(int, float, float)",3392,512000
32023.175544,0.353275,8,1,1,544,1,1,96,41.101562,0.000000,,,,,"Tesla V100-DGXS-32GB (0)","1","16","ncclKernel_AllReduce_RING_LL_Sum_float(ncclWorkElem)",3412,1311674
32032.002118,0.007168,512,1,1,64,1,1,21,0.000000,0.000000,,,,,"Tesla V100-DGXS-32GB (0)","1","7","_ZN2at6native29vectorized_elementwise_kernelILi4EZNS0_78_GLOBAL__N__54_tmpxft_000083c5_00000000_13_Dropout_compute_86_cpp1_ii_dfc8fc1b19masked_scale_kernelIffEEvRNS_6TensorERKS4_S7_T0_EUlfbE_NS_6detail5ArrayIPcLi3EEEEEviS8_T1_",3448,20480
32040.285403,0.006912,512,1,1,64,1,1,20,0.000000,0.000000,,,,,"Tesla V100-DGXS-32GB (0)","1","7","_ZN2at6native29vectorized_elementwise_kernelILi4EZNS0_21threshold_kernel_implIfEEvRNS_18TensorIteratorBaseET_S5_EUlffE_NS_6detail5ArrayIPcLi3EEEEEviT0_T1_",3456,32768
32043.179254,0.001376,,,,,,,,,,0.000122,0.086635,"Device",,"Tesla V100-DGXS-32GB (0)","1","7","[CUDA memset]",3468,
32048.617328,0.124542,32,1,5,256,1,1,134,41.000000,0.000000,,,,,"Tesla V100-DGXS-32GB (0)","1","7","volta_sgemm_128x32_sliced1x4_nn",3470,2707964
32057.012387,0.114239,32,64,1,128,1,1,122,12.000000,0.000000,,,,,"Tesla V100-DGXS-32GB (0)","1","7","volta_sgemm_128x64_nt",3480,1451912
32065.605685,0.011583,8,1,1,32,4,1,50,0.015625,0.000000,,,,,"Tesla V100-DGXS-32GB (0)","1","7","_ZN2at6native13reduce_kernelILi128ELi4ENS0_8ReduceOpIfNS0_14func_wrapper_tIfZNS0_11sum_functorIfffEclERNS_14TensorIteratorEEUlffE_EEjfLi4EEEEEvT1_",3491,16384
32074.121735,0.003328,16,1,1,64,1,1,20,0.000000,0.000000,,,,,"Tesla V100-DGXS-32GB (0)","1","7","void at::native::vectorized_elementwise_kernel<int=4, at::native::AddFunctor<float, float>, at::detail::Array<char*, int=3>>(int, float, float)",3498,1024
32082.492251,0.003232,16,1,1,64,1,1,16,0.000000,0.000000,,,,,"Tesla V100-DGXS-32GB (0)","1","7","void at::native::vectorized_elementwise_kernel<int=4, at::native::MulScalarFunctor<float, float>, at::detail::Array<char*, int=2>>(int, float, float)",3504,512
32090.959598,0.246012,65536,1,1,64,1,1,20,0.000000,0.000000,,,,,"Tesla V100-DGXS-32GB (0)","1","7","void at::native::vectorized_elementwise_kernel<int=4, at::native::AddFunctor<float, float>, at::detail::Array<char*, int=3>>(int, float, float)",3514,4194304
32099.541503,0.166014,65536,1,1,64,1,1,16,0.000000,0.000000,,,,,"Tesla V100-DGXS-32GB (0)","1","7","void at::native::vectorized_elementwise_kernel<int=4, at::native::MulScalarFunctor<float, float>, at::detail::Array<char*, int=2>>(int, float, float)",3520,2097152
32108.028530,1.497356,8,1,1,544,1,1,96,41.101562,0.000000,,,,,"Tesla V100-DGXS-32GB (0)","1","16","ncclKernel_AllReduce_RING_LL_Sum_float(ncclWorkElem)",3534,5281874
32118.130543,0.006304,512,1,1,64,1,1,21,0.000000,0.000000,,,,,"Tesla V100-DGXS-32GB (0)","1","7","_ZN2at6native29vectorized_elementwise_kernelILi4EZNS0_78_GLOBAL__N__54_tmpxft_000083c5_00000000_13_Dropout_compute_86_cpp1_ii_dfc8fc1b19masked_scale_kernelIffEEvRNS_6TensorERKS4_S7_T0_EUlfbE_NS_6detail5ArrayIPcLi3EEEEEviS8_T1_",3570,20480
32126.504996,0.006015,512,1,1,64,1,1,20,0.000000,0.000000,,,,,"Tesla V100-DGXS-32GB (0)","1","7","_ZN2at6native29vectorized_elementwise_kernelILi4EZNS0_21threshold_kernel_implIfEEvRNS_18TensorIteratorBaseET_S5_EUlffE_NS_6detail5ArrayIPcLi3EEEEEviT0_T1_",3578,32768
32129.546044,0.001408,,,,,,,,,,0.000748,0.518577,"Device",,"Tesla V100-DGXS-32GB (0)","1","7","[CUDA memset]",3590,
32134.943255,0.606584,196,1,2,256,1,1,134,41.000000,0.000000,,,,,"Tesla V100-DGXS-32GB (0)","1","7","volta_sgemm_128x32_sliced1x4_nn",3592,16158240
32143.869603,0.606265,196,64,1,128,1,1,122,12.000000,0.000000,,,,,"Tesla V100-DGXS-32GB (0)","1","7","volta_sgemm_128x64_nt",3604,9416632
32152.970318,0.011680,8,1,1,32,4,1,50,0.015625,0.000000,,,,,"Tesla V100-DGXS-32GB (0)","1","7","_ZN2at6native13reduce_kernelILi128ELi4ENS0_8ReduceOpIfNS0_14func_wrapper_tIfZNS0_11sum_functorIfffEclERNS_14TensorIteratorEEUlffE_EEjfLi4EEEEEvT1_",3615,16384
32161.419233,0.003680,16,1,1,64,1,1,20,0.000000,0.000000,,,,,"Tesla V100-DGXS-32GB (0)","1","7","void at::native::vectorized_elementwise_kernel<int=4, at::native::AddFunctor<float, float>, at::detail::Array<char*, int=3>>(int, float, float)",3622,1024
32169.932691,0.003392,16,1,1,64,1,1,16,0.000000,0.000000,,,,,"Tesla V100-DGXS-32GB (0)","1","7","void at::native::vectorized_elementwise_kernel<int=4, at::native::MulScalarFunctor<float, float>, at::detail::Array<char*, int=2>>(int, float, float)",3628,512
32178.353479,1.484109,401408,1,1,64,1,1,20,0.000000,0.000000,,,,,"Tesla V100-DGXS-32GB (0)","1","7","void at::native::vectorized_elementwise_kernel<int=4, at::native::AddFunctor<float, float>, at::detail::Array<char*, int=3>>(int, float, float)",3638,25690112
32188.240647,1.000916,401408,1,1,64,1,1,16,0.000000,0.000000,,,,,"Tesla V100-DGXS-32GB (0)","1","7","void at::native::vectorized_elementwise_kernel<int=4, at::native::MulScalarFunctor<float, float>, at::detail::Array<char*, int=2>>(int, float, float)",3644,12845056
32197.528816,8.943628,8,1,1,544,1,1,96,41.101562,0.000000,,,,,"Tesla V100-DGXS-32GB (0)","1","16","ncclKernel_AllReduce_RING_LL_Sum_float(ncclWorkElem)",3658,32209517
32215.027950,0.009856,3136,1,1,64,1,1,16,0.000000,0.000000,,,,,"Tesla V100-DGXS-32GB (0)","1","7","void at::native::vectorized_elementwise_kernel<int=4, at::native::FillFunctor<float>, at::detail::Array<char*, int=1>>(int, float, at::native::FillFunctor<float>)",3698,0
32223.234820,0.075071,16384,1,1,32,8,1,31,0.000000,0.000000,,,,,"Tesla V100-DGXS-32GB (0)","1","7","void at::native::_GLOBAL__N__69_tmpxft_0000539c_00000000_13_AdaptiveAveragePooling_compute_86_cpp1_ii_eb1948c3::atomic_adaptive_average_gradinput<float>(float*, float, int, int, int, int)",3703,114473
32231.710327,0.023808,12544,1,1,64,1,1,16,0.000000,0.000000,,,,,"Tesla V100-DGXS-32GB (0)","1","7","void at::native::vectorized_elementwise_kernel<int=4, at::native::FillFunctor<float>, at::detail::Array<char*, int=1>>(int, float, at::native::FillFunctor<float>)",3713,0
32240.108331,0.087806,1,32,512,256,1,1,32,0.000000,0.000000,,,,,"Tesla V100-DGXS-32GB (0)","1","7","void at::native::_GLOBAL__N__63_tmpxft_00007dfa_00000000_13_DilatedMaxPool2d_compute_86_cpp1_ii_6258b574::max_pool_backward_nchw<float, float>(int, float const *, long const *, int, int, int, int, int, int, int, int, int, int, int, int, int, int, at::native::_GLOBAL__N__63_tmpxft_00007dfa_00000000_13_DilatedMaxPool2d_compute_86_cpp1_ii_6258b574::max_pool_backward_nchw<float, float>*)",3720,327519
32248.537310,0.051679,12544,1,1,64,1,1,20,0.000000,0.000000,,,,,"Tesla V100-DGXS-32GB (0)","1","7","_ZN2at6native29vectorized_elementwise_kernelILi4EZNS0_21threshold_kernel_implIfEEvRNS_18TensorIteratorBaseET_S5_EUlffE_NS_6detail5ArrayIPcLi3EEEEEviT0_T1_",3728,802816
32256.960209,0.055712,32,1,1,32,16,1,28,0.015625,0.000000,,,,,"Tesla V100-DGXS-32GB (0)","1","7","_ZN2at6native13reduce_kernelILi512ELi1ENS0_8ReduceOpIfNS0_14func_wrapper_tIfZNS0_11sum_functorIfffEclERNS_14TensorIteratorEEUlffE_EEjfLi4EEEEEvT1_",3742,401482
32265.449892,0.003712,2,1,1,64,1,1,20,0.000000,0.000000,,,,,"Tesla V100-DGXS-32GB (0)","1","7","void at::native::vectorized_elementwise_kernel<int=4, at::native::AddFunctor<float, float>, at::detail::Array<char*, int=3>>(int, float, float)",3751,128
32276.020827,0.003232,2,1,1,64,1,1,16,0.000000,0.000000,,,,,"Tesla V100-DGXS-32GB (0)","1","7","void at::native::vectorized_elementwise_kernel<int=4, at::native::MulScalarFunctor<float, float>, at::detail::Array<char*, int=2>>(int, float, float)",3757,64
32287.078509,0.070687,2,512,1,256,1,1,64,22.125000,0.000000,,,,,"Tesla V100-DGXS-32GB (0)","1","7","void cudnn::winograd_nonfused::winogradForwardData4x4<float, float>(cudnn::winograd_nonfused::WinogradDataParams<float, float>)",3773,412164
32297.935105,0.068415,16,64,1,32,8,1,32,9.000000,0.000000,,,,,"Tesla V100-DGXS-32GB (0)","1","7","void cudnn::winograd_nonfused::winogradForwardFilter4x4<float, float>(cudnn::winograd_nonfused::WinogradFilterParams<float, float>)",3774,294912
32308.776917,0.844757,8,8,36,64,1,1,126,8.000000,0.000000,,,,,"Tesla V100-DGXS-32GB (0)","1","7","volta_sgemm_64x64_nt",3782,17773324
32320.386495,0.075903,2,512,1,256,1,1,64,16.250000,0.000000,,,,,"Tesla V100-DGXS-32GB (0)","1","7","void cudnn::winograd_nonfused::winogradForwardOutput4x4<float, float>(cudnn::winograd_nonfused::WinogradOutputParams<float, float>)",3784,1179648
32331.420113,0.075167,32,32,1,256,1,1,64,24.125000,0.000000,,,,,"Tesla V100-DGXS-32GB (0)","1","7","void cudnn::winograd_nonfused::winogradWgradData4x4<float, float>(cudnn::winograd_nonfused::WinogradDataParams<float, float>)",3798,507920
32342.309156,0.072320,32,32,1,256,1,1,64,16.500000,0.000000,,,,,"Tesla V100-DGXS-32GB (0)","1","7","void cudnn::winograd_nonfused::winogradWgradDelta4x4<float, float>(cudnn::winograd_nonfused::WinogradDeltaParams<float, float>)",3799,418671
32353.173177,0.839381,8,8,36,64,1,1,126,8.000000,0.000000,,,,,"Tesla V100-DGXS-32GB (0)","1","7","volta_sgemm_64x64_nt",3807,17806740
32364.749187,0.070943,16,64,1,32,8,1,62,9.000000,0.000000,,,,,"Tesla V100-DGXS-32GB (0)","1","7","void cudnn::winograd_nonfused::winogradWgradOutput4x4<float, float>(cudnn::winograd_nonfused::WinogradWgradOutputParams<float, float>)",3809,1179648
32375.846548,0.040288,9216,1,1,64,1,1,20,0.000000,0.000000,,,,,"Tesla V100-DGXS-32GB (0)","1","7","void at::native::vectorized_elementwise_kernel<int=4, at::native::AddFunctor<float, float>, at::detail::Array<char*, int=3>>(int, float, float)",3817,589824
32386.783175,0.026528,9216,1,1,64,1,1,16,0.000000,0.000000,,,,,"Tesla V100-DGXS-32GB (0)","1","7","void at::native::vectorized_elementwise_kernel<int=4, at::native::MulScalarFunctor<float, float>, at::detail::Array<char*, int=2>>(int, float, float)",3823,294912
32397.672379,0.051167,12544,1,1,64,1,1,20,0.000000,0.000000,,,,,"Tesla V100-DGXS-32GB (0)","1","7","_ZN2at6native29vectorized_elementwise_kernelILi4EZNS0_21threshold_kernel_implIfEEvRNS_18TensorIteratorBaseET_S5_EUlffE_NS_6detail5ArrayIPcLi3EEEEEviT0_T1_",3832,802816
32408.702572,0.054944,32,1,1,32,16,1,28,0.015625,0.000000,,,,,"Tesla V100-DGXS-32GB (0)","1","7","_ZN2at6native13reduce_kernelILi512ELi1ENS0_8ReduceOpIfNS0_14func_wrapper_tIfZNS0_11sum_functorIfffEclERNS_14TensorIteratorEEUlffE_EEjfLi4EEEEEvT1_",3846,401498
32419.707070,0.003361,2,1,1,64,1,1,20,0.000000,0.000000,,,,,"Tesla V100-DGXS-32GB (0)","1","7","void at::native::vectorized_elementwise_kernel<int=4, at::native::AddFunctor<float, float>, at::detail::Array<char*, int=3>>(int, float, float)",3855,128
32430.702225,0.003200,2,1,1,64,1,1,16,0.000000,0.000000,,,,,"Tesla V100-DGXS-32GB (0)","1","7","void at::native::vectorized_elementwise_kernel<int=4, at::native::MulScalarFunctor<float, float>, at::detail::Array<char*, int=2>>(int, float, float)",3861,64
32440.691632,0.069631,2,512,1,256,1,1,64,22.125000,0.000000,,,,,"Tesla V100-DGXS-32GB (0)","1","7","void cudnn::winograd_nonfused::winogradForwardData4x4<float, float>(cudnn::winograd_nonfused::WinogradDataParams<float, float>)",3877,411950
32447.538040,0.068319,16,64,1,32,8,1,32,9.000000,0.000000,,,,,"Tesla V100-DGXS-32GB (0)","1","7","void cudnn::winograd_nonfused::winogradForwardFilter4x4<float, float>(cudnn::winograd_nonfused::WinogradFilterParams<float, float>)",3878,294912
32454.379199,0.840150,8,8,36,64,1,1,126,8.000000,0.000000,,,,,"Tesla V100-DGXS-32GB (0)","1","7","volta_sgemm_64x64_nt",3886,17824952
32466.081705,0.071295,2,512,1,256,1,1,64,16.250000,0.000000,,,,,"Tesla V100-DGXS-32GB (0)","1","7","void cudnn::winograd_nonfused::winogradForwardOutput4x4<float, float>(cudnn::winograd_nonfused::WinogradOutputParams<float, float>)",3888,1179648
32473.370251,0.072991,32,32,1,256,1,1,64,24.125000,0.000000,,,,,"Tesla V100-DGXS-32GB (0)","1","7","void cudnn::winograd_nonfused::winogradWgradData4x4<float, float>(cudnn::winograd_nonfused::WinogradDataParams<float, float>)",3902,507913
32480.297777,0.073919,32,32,1,256,1,1,64,16.500000,0.000000,,,,,"Tesla V100-DGXS-32GB (0)","1","7","void cudnn::winograd_nonfused::winogradWgradDelta4x4<float, float>(cudnn::winograd_nonfused::WinogradDeltaParams<float, float>)",3903,418560
32487.201944,0.839701,8,8,36,64,1,1,126,8.000000,0.000000,,,,,"Tesla V100-DGXS-32GB (0)","1","7","volta_sgemm_64x64_nt",3911,17769704
32494.955188,0.069344,16,64,1,32,8,1,62,9.000000,0.000000,,,,,"Tesla V100-DGXS-32GB (0)","1","7","void cudnn::winograd_nonfused::winogradWgradOutput4x4<float, float>(cudnn::winograd_nonfused::WinogradWgradOutputParams<float, float>)",3913,1179648
32502.158744,0.038367,9216,1,1,64,1,1,20,0.000000,0.000000,,,,,"Tesla V100-DGXS-32GB (0)","1","7","void at::native::vectorized_elementwise_kernel<int=4, at::native::AddFunctor<float, float>, at::detail::Array<char*, int=3>>(int, float, float)",3921,589824
32509.312955,0.026720,9216,1,1,64,1,1,16,0.000000,0.000000,,,,,"Tesla V100-DGXS-32GB (0)","1","7","void at::native::vectorized_elementwise_kernel<int=4, at::native::MulScalarFunctor<float, float>, at::detail::Array<char*, int=2>>(int, float, float)",3927,294912
32516.385312,0.051391,12544,1,1,64,1,1,20,0.000000,0.000000,,,,,"Tesla V100-DGXS-32GB (0)","1","7","_ZN2at6native29vectorized_elementwise_kernelILi4EZNS0_21threshold_kernel_implIfEEvRNS_18TensorIteratorBaseET_S5_EUlffE_NS_6detail5ArrayIPcLi3EEEEEviT0_T1_",3936,802816
32523.491684,0.055232,32,1,1,32,16,1,28,0.015625,0.000000,,,,,"Tesla V100-DGXS-32GB (0)","1","7","_ZN2at6native13reduce_kernelILi512ELi1ENS0_8ReduceOpIfNS0_14func_wrapper_tIfZNS0_11sum_functorIfffEclERNS_14TensorIteratorEEUlffE_EEjfLi4EEEEEvT1_",3950,401493
32530.597673,0.003392,2,1,1,64,1,1,20,0.000000,0.000000,,,,,"Tesla V100-DGXS-32GB (0)","1","7","void at::native::vectorized_elementwise_kernel<int=4, at::native::AddFunctor<float, float>, at::detail::Array<char*, int=3>>(int, float, float)",3959,128
32537.680365,0.003168,2,1,1,64,1,1,16,0.000000,0.000000,,,,,"Tesla V100-DGXS-32GB (0)","1","7","void at::native::vectorized_elementwise_kernel<int=4, at::native::MulScalarFunctor<float, float>, at::detail::Array<char*, int=2>>(int, float, float)",3965,64
32544.764274,0.070655,2,512,1,256,1,1,64,22.125000,0.000000,,,,,"Tesla V100-DGXS-32GB (0)","1","7","void cudnn::winograd_nonfused::winogradForwardData4x4<float, float>(cudnn::winograd_nonfused::WinogradDataParams<float, float>)",3981,411944
32551.839063,0.067711,16,64,1,32,8,1,32,9.000000,0.000000,,,,,"Tesla V100-DGXS-32GB (0)","1","7","void cudnn::winograd_nonfused::winogradForwardFilter4x4<float, float>(cudnn::winograd_nonfused::WinogradFilterParams<float, float>)",3982,294912
32558.871132,0.839189,8,8,36,64,1,1,126,8.000000,0.000000,,,,,"Tesla V100-DGXS-32GB (0)","1","7","volta_sgemm_64x64_nt",3990,17735800
32566.684664,0.070942,2,512,1,256,1,1,64,16.250000,0.000000,,,,,"Tesla V100-DGXS-32GB (0)","1","7","void cudnn::winograd_nonfused::winogradForwardOutput4x4<float, float>(cudnn::winograd_nonfused::WinogradOutputParams<float, float>)",3992,1179648
32573.985465,0.071487,32,32,1,256,1,1,64,24.125000,0.000000,,,,,"Tesla V100-DGXS-32GB (0)","1","7","void cudnn::winograd_nonfused::winogradWgradData4x4<float, float>(cudnn::winograd_nonfused::WinogradDataParams<float, float>)",4006,508046
32583.297185,0.074623,32,32,1,256,1,1,64,16.500000,0.000000,,,,,"Tesla V100-DGXS-32GB (0)","1","7","void cudnn::winograd_nonfused::winogradWgradDelta4x4<float, float>(cudnn::winograd_nonfused::WinogradDeltaParams<float, float>)",4007,418573
32592.549930,0.837557,8,8,36,64,1,1,126,8.000000,0.000000,,,,,"Tesla V100-DGXS-32GB (0)","1","7","volta_sgemm_64x64_nt",4015,17914380
32602.700231,0.068799,16,64,1,32,8,1,62,9.000000,0.000000,,,,,"Tesla V100-DGXS-32GB (0)","1","7","void cudnn::winograd_nonfused::winogradWgradOutput4x4<float, float>(cudnn::winograd_nonfused::WinogradWgradOutputParams<float, float>)",4017,1179648
32612.228556,0.038528,9216,1,1,64,1,1,20,0.000000,0.000000,,,,,"Tesla V100-DGXS-32GB (0)","1","7","void at::native::vectorized_elementwise_kernel<int=4, at::native::AddFunctor<float, float>, at::detail::Array<char*, int=3>>(int, float, float)",4025,589824
32621.630707,0.026720,9216,1,1,64,1,1,16,0.000000,0.000000,,,,,"Tesla V100-DGXS-32GB (0)","1","7","void at::native::vectorized_elementwise_kernel<int=4, at::native::MulScalarFunctor<float, float>, at::detail::Array<char*, int=2>>(int, float, float)",4031,294912
32630.864380,0.604728,8,1,1,544,1,1,96,41.101562,0.000000,,,,,"Tesla V100-DGXS-32GB (0)","1","16","ncclKernel_AllReduce_RING_LL_Sum_float(ncclWorkElem)",4045,2244784
32640.969914,0.086974,50176,1,1,64,1,1,16,0.000000,0.000000,,,,,"Tesla V100-DGXS-32GB (0)","1","7","void at::native::vectorized_elementwise_kernel<int=4, at::native::FillFunctor<float>, at::detail::Array<char*, int=1>>(int, float, at::native::FillFunctor<float>)",4081,0
32650.285537,0.305277,4,32,512,256,1,1,32,0.000000,0.000000,,,,,"Tesla V100-DGXS-32GB (0)","1","7","void at::native::_GLOBAL__N__63_tmpxft_00007dfa_00000000_13_DilatedMaxPool2d_compute_86_cpp1_ii_6258b574::max_pool_backward_nchw<float, float>(int, float const *, long const *, int, int, int, int, int, int, int, int, int, int, int, int, int, int, at::native::_GLOBAL__N__63_tmpxft_00007dfa_00000000_13_DilatedMaxPool2d_compute_86_cpp1_ii_6258b574::max_pool_backward_nchw<float, float>*)",4088,1372341
32659.874310,0.189629,50176,1,1,64,1,1,20,0.000000,0.000000,,,,,"Tesla V100-DGXS-32GB (0)","1","7","_ZN2at6native29vectorized_elementwise_kernelILi4EZNS0_21threshold_kernel_implIfEEvRNS_18TensorIteratorBaseET_S5_EUlffE_NS_6detail5ArrayIPcLi3EEEEEviT0_T1_",4096,3211264
32669.386411,0.080671,512,1,1,32,16,1,28,0.015625,2.000000,,,,,"Tesla V100-DGXS-32GB (0)","1","7","_ZN2at6native13reduce_kernelILi512ELi1ENS0_8ReduceOpIfNS0_14func_wrapper_tIfZNS0_11sum_functorIfffEclERNS_14TensorIteratorEEUlffE_EEjfLi4EEEEEvT1_",4109,1605632
32678.757330,0.003392,2,1,1,64,1,1,20,0.000000,0.000000,,,,,"Tesla V100-DGXS-32GB (0)","1","7","void at::native::vectorized_elementwise_kernel<int=4, at::native::AddFunctor<float, float>, at::detail::Array<char*, int=3>>(int, float, float)",4118,128
32688.057883,0.003231,2,1,1,64,1,1,16,0.000000,0.000000,,,,,"Tesla V100-DGXS-32GB (0)","1","7","void at::native::vectorized_elementwise_kernel<int=4, at::native::MulScalarFunctor<float, float>, at::detail::Array<char*, int=2>>(int, float, float)",4124,64
32697.452929,0.245757,8,512,1,256,1,1,64,22.125000,0.000000,,,,,"Tesla V100-DGXS-32GB (0)","1","7","void cudnn::winograd_nonfused::winogradForwardData4x4<float, float>(cudnn::winograd_nonfused::WinogradDataParams<float, float>)",4140,2872557
32706.837352,0.069087,16,64,1,32,8,1,32,9.000000,0.000000,,,,,"Tesla V100-DGXS-32GB (0)","1","7","void cudnn::winograd_nonfused::winogradForwardFilter4x4<float, float>(cudnn::winograd_nonfused::WinogradFilterParams<float, float>)",4141,294912
32716.016786,2.344834,49,4,36,256,1,1,57,16.000000,0.000000,,,,,"Tesla V100-DGXS-32GB (0)","1","7","volta_sgemm_32x128_nt",4149,71887364
32727.543901,0.256669,8,512,1,256,1,1,64,16.250000,0.000000,,,,,"Tesla V100-DGXS-32GB (0)","1","7","void cudnn::winograd_nonfused::winogradForwardOutput4x4<float, float>(cudnn::winograd_nonfused::WinogradOutputParams<float, float>)",4151,3612672
32735.771859,0.236765,128,32,1,256,1,1,64,24.125000,0.000000,,,,,"Tesla V100-DGXS-32GB (0)","1","7","void cudnn::winograd_nonfused::winogradWgradData4x4<float, float>(cudnn::winograd_nonfused::WinogradDataParams<float, float>)",4165,3257026
32742.788440,0.242750,128,32,1,256,1,1,64,16.500000,0.000000,,,,,"Tesla V100-DGXS-32GB (0)","1","7","void cudnn::winograd_nonfused::winogradWgradDelta4x4<float, float>(cudnn::winograd_nonfused::WinogradDeltaParams<float, float>)",4166,2059986
32749.941756,2.524768,8,8,36,64,1,1,126,8.000000,0.000000,,,,,"Tesla V100-DGXS-32GB (0)","1","7","volta_sgemm_64x64_nt",4174,55539160
32759.388227,0.067039,16,64,1,32,8,1,62,9.000000,0.000000,,,,,"Tesla V100-DGXS-32GB (0)","1","7","void cudnn::winograd_nonfused::winogradWgradOutput4x4<float, float>(cudnn::winograd_nonfused::WinogradWgradOutputParams<float, float>)",4176,1179648
32766.531399,0.038975,9216,1,1,64,1,1,20,0.000000,0.000000,,,,,"Tesla V100-DGXS-32GB (0)","1","7","void at::native::vectorized_elementwise_kernel<int=4, at::native::AddFunctor<float, float>, at::detail::Array<char*, int=3>>(int, float, float)",4184,589824
32773.743530,0.026623,9216,1,1,64,1,1,16,0.000000,0.000000,,,,,"Tesla V100-DGXS-32GB (0)","1","7","void at::native::vectorized_elementwise_kernel<int=4, at::native::MulScalarFunctor<float, float>, at::detail::Array<char*, int=2>>(int, float, float)",4190,294912
32782.476089,0.191166,50176,1,1,64,1,1,20,0.000000,0.000000,,,,,"Tesla V100-DGXS-32GB (0)","1","7","_ZN2at6native29vectorized_elementwise_kernelILi4EZNS0_21threshold_kernel_implIfEEvRNS_18TensorIteratorBaseET_S5_EUlffE_NS_6detail5ArrayIPcLi3EEEEEviT0_T1_",4199,3211264
32791.919455,0.079455,512,1,1,32,16,1,28,0.015625,2.000000,,,,,"Tesla V100-DGXS-32GB (0)","1","7","_ZN2at6native13reduce_kernelILi512ELi1ENS0_8ReduceOpIfNS0_14func_wrapper_tIfZNS0_11sum_functorIfffEclERNS_14TensorIteratorEEUlffE_EEjfLi4EEEEEvT1_",4212,1605632
32801.280230,0.003488,2,1,1,64,1,1,20,0.000000,0.000000,,,,,"Tesla V100-DGXS-32GB (0)","1","7","void at::native::vectorized_elementwise_kernel<int=4, at::native::AddFunctor<float, float>, at::detail::Array<char*, int=3>>(int, float, float)",4221,128
32810.503983,0.003456,2,1,1,64,1,1,16,0.000000,0.000000,,,,,"Tesla V100-DGXS-32GB (0)","1","7","void at::native::vectorized_elementwise_kernel<int=4, at::native::MulScalarFunctor<float, float>, at::detail::Array<char*, int=2>>(int, float, float)",4227,64
32819.826455,0.246781,8,512,1,256,1,1,64,22.125000,0.000000,,,,,"Tesla V100-DGXS-32GB (0)","1","7","void cudnn::winograd_nonfused::winogradForwardData4x4<float, float>(cudnn::winograd_nonfused::WinogradDataParams<float, float>)",4243,2872804
32829.110752,0.068767,16,64,1,32,8,1,32,9.000000,0.000000,,,,,"Tesla V100-DGXS-32GB (0)","1","7","void cudnn::winograd_nonfused::winogradForwardFilter4x4<float, float>(cudnn::winograd_nonfused::WinogradFilterParams<float, float>)",4244,294912
32838.196074,2.347778,49,4,36,256,1,1,57,16.000000,0.000000,,,,,"Tesla V100-DGXS-32GB (0)","1","7","volta_sgemm_32x128_nt",4252,71865108
32849.647767,0.272988,8,512,1,256,1,1,64,16.250000,0.000000,,,,,"Tesla V100-DGXS-32GB (0)","1","7","void cudnn::winograd_nonfused::winogradForwardOutput4x4<float, float>(cudnn::winograd_nonfused::WinogradOutputParams<float, float>)",4254,3612672
32859.181148,0.238429,128,32,1,256,1,1,64,24.125000,0.000000,,,,,"Tesla V100-DGXS-32GB (0)","1","7","void cudnn::winograd_nonfused::winogradWgradData4x4<float, float>(cudnn::winograd_nonfused::WinogradDataParams<float, float>)",4268,3258719
32868.551779,0.243837,128,32,1,256,1,1,64,16.500000,0.000000,,,,,"Tesla V100-DGXS-32GB (0)","1","7","void cudnn::winograd_nonfused::winogradWgradDelta4x4<float, float>(cudnn::winograd_nonfused::WinogradDeltaParams<float, float>)",4269,2060972
32877.723373,2.520447,8,8,36,64,1,1,126,8.000000,0.000000,,,,,"Tesla V100-DGXS-32GB (0)","1","7","volta_sgemm_64x64_nt",4277,55008936
32889.184569,0.067519,16,64,1,32,8,1,62,9.000000,0.000000,,,,,"Tesla V100-DGXS-32GB (0)","1","7","void cudnn::winograd_nonfused::winogradWgradOutput4x4<float, float>(cudnn::winograd_nonfused::WinogradWgradOutputParams<float, float>)",4279,1179648
32898.465057,0.038464,9216,1,1,64,1,1,20,0.000000,0.000000,,,,,"Tesla V100-DGXS-32GB (0)","1","7","void at::native::vectorized_elementwise_kernel<int=4, at::native::AddFunctor<float, float>, at::detail::Array<char*, int=3>>(int, float, float)",4287,589824
32907.874248,0.026528,9216,1,1,64,1,1,16,0.000000,0.000000,,,,,"Tesla V100-DGXS-32GB (0)","1","7","void at::native::vectorized_elementwise_kernel<int=4, at::native::MulScalarFunctor<float, float>, at::detail::Array<char*, int=2>>(int, float, float)",4293,294912
32916.966163,0.190365,50176,1,1,64,1,1,20,0.000000,0.000000,,,,,"Tesla V100-DGXS-32GB (0)","1","7","_ZN2at6native29vectorized_elementwise_kernelILi4EZNS0_21threshold_kernel_implIfEEvRNS_18TensorIteratorBaseET_S5_EUlffE_NS_6detail5ArrayIPcLi3EEEEEviT0_T1_",4302,3211264
32926.348058,0.078814,512,1,1,32,16,1,28,0.015625,2.000000,,,,,"Tesla V100-DGXS-32GB (0)","1","7","_ZN2at6native13reduce_kernelILi512ELi1ENS0_8ReduceOpIfNS0_14func_wrapper_tIfZNS0_11sum_functorIfffEclERNS_14TensorIteratorEEUlffE_EEjfLi4EEEEEvT1_",4315,1605632
32935.683809,0.003616,2,1,1,64,1,1,20,0.000000,0.000000,,,,,"Tesla V100-DGXS-32GB (0)","1","7","void at::native::vectorized_elementwise_kernel<int=4, at::native::AddFunctor<float, float>, at::detail::Array<char*, int=3>>(int, float, float)",4324,128
32944.819723,0.003233,2,1,1,64,1,1,16,0.000000,0.000000,,,,,"Tesla V100-DGXS-32GB (0)","1","7","void at::native::vectorized_elementwise_kernel<int=4, at::native::MulScalarFunctor<float, float>, at::detail::Array<char*, int=2>>(int, float, float)",4330,64
32954.104500,0.240317,8,512,1,256,1,1,64,22.125000,0.000000,,,,,"Tesla V100-DGXS-32GB (0)","1","7","void cudnn::winograd_nonfused::winogradForwardData4x4<float, float>(cudnn::winograd_nonfused::WinogradDataParams<float, float>)",4346,2873210
32965.074663,0.034751,8,64,1,32,8,1,32,9.000000,0.000000,,,,,"Tesla V100-DGXS-32GB (0)","1","7","void cudnn::winograd_nonfused::winogradForwardFilter4x4<float, float>(cudnn::winograd_nonfused::WinogradFilterParams<float, float>)",4347,147456
32975.757725,1.197552,49,2,36,256,1,1,57,16.000000,0.000000,,,,,"Tesla V100-DGXS-32GB (0)","1","7","volta_sgemm_32x128_nt",4355,35915260
32987.552197,0.136254,8,256,1,256,1,1,64,16.250000,0.000000,,,,,"Tesla V100-DGXS-32GB (0)","1","7","void cudnn::winograd_nonfused::winogradForwardOutput4x4<float, float>(cudnn::winograd_nonfused::WinogradOutputParams<float, float>)",4357,1806336
32998.655925,0.122847,64,32,1,256,1,1,64,24.125000,0.000000,,,,,"Tesla V100-DGXS-32GB (0)","1","7","void cudnn::winograd_nonfused::winogradWgradData4x4<float, float>(cudnn::winograd_nonfused::WinogradDataParams<float, float>)",4371,1627744
33009.316460,0.242013,128,32,1,256,1,1,64,16.500000,0.000000,,,,,"Tesla V100-DGXS-32GB (0)","1","7","void cudnn::winograd_nonfused::winogradWgradDelta4x4<float, float>(cudnn::winograd_nonfused::WinogradDeltaParams<float, float>)",4372,2060985
33020.157952,1.268560,4,8,36,64,1,1,126,8.000000,0.000000,,,,,"Tesla V100-DGXS-32GB (0)","1","7","volta_sgemm_64x64_nt",4380,28008448
33032.001991,0.037696,8,64,1,32,8,1,62,9.000000,0.000000,,,,,"Tesla V100-DGXS-32GB (0)","1","7","void cudnn::winograd_nonfused::winogradWgradOutput4x4<float, float>(cudnn::winograd_nonfused::WinogradWgradOutputParams<float, float>)",4382,589824
33042.893787,0.020672,4608,1,1,64,1,1,20,0.000000,0.000000,,,,,"Tesla V100-DGXS-32GB (0)","1","7","void at::native::vectorized_elementwise_kernel<int=4, at::native::AddFunctor<float, float>, at::detail::Array<char*, int=3>>(int, float, float)",4390,294912
33053.684016,0.012575,4608,1,1,64,1,1,16,0.000000,0.000000,,,,,"Tesla V100-DGXS-32GB (0)","1","7","void at::native::vectorized_elementwise_kernel<int=4, at::native::MulScalarFunctor<float, float>, at::detail::Array<char*, int=2>>(int, float, float)",4396,147456
33064.436421,0.169246,100352,1,1,64,1,1,16,0.000000,0.000000,,,,,"Tesla V100-DGXS-32GB (0)","1","7","void at::native::vectorized_elementwise_kernel<int=4, at::native::FillFunctor<float>, at::detail::Array<char*, int=1>>(int, float, at::native::FillFunctor<float>)",4407,0
33075.330297,0.580280,13,32,256,256,1,1,32,0.000000,0.000000,,,,,"Tesla V100-DGXS-32GB (0)","1","7","void at::native::_GLOBAL__N__63_tmpxft_00007dfa_00000000_13_DilatedMaxPool2d_compute_86_cpp1_ii_6258b574::max_pool_backward_nchw<float, float>(int, float const *, long const *, int, int, int, int, int, int, int, int, int, int, int, int, int, int, at::native::_GLOBAL__N__63_tmpxft_00007dfa_00000000_13_DilatedMaxPool2d_compute_86_cpp1_ii_6258b574::max_pool_backward_nchw<float, float>*)",4414,2879206
33086.608487,0.374811,100352,1,1,64,1,1,20,0.000000,0.000000,,,,,"Tesla V100-DGXS-32GB (0)","1","7","_ZN2at6native29vectorized_elementwise_kernelILi4EZNS0_21threshold_kernel_implIfEEvRNS_18TensorIteratorBaseET_S5_EUlffE_NS_6detail5ArrayIPcLi3EEEEEviT0_T1_",4422,6422528
33097.704568,0.138014,256,1,1,32,16,1,28,0.015625,2.000000,,,,,"Tesla V100-DGXS-32GB (0)","1","7","_ZN2at6native13reduce_kernelILi512ELi1ENS0_8ReduceOpIfNS0_14func_wrapper_tIfZNS0_11sum_functorIfffEclERNS_14TensorIteratorEEUlffE_EEjfLi4EEEEEvT1_",4435,3211264
33108.662859,0.003840,1,1,1,64,1,1,20,0.000000,0.000000,,,,,"Tesla V100-DGXS-32GB (0)","1","7","void at::native::vectorized_elementwise_kernel<int=4, at::native::AddFunctor<float, float>, at::detail::Array<char*, int=3>>(int, float, float)",4444,64
33119.448480,0.003200,1,1,1,64,1,1,16,0.000000,0.000000,,,,,"Tesla V100-DGXS-32GB (0)","1","7","void at::native::vectorized_elementwise_kernel<int=4, at::native::MulScalarFunctor<float, float>, at::detail::Array<char*, int=2>>(int, float, float)",4450,32
33130.199029,0.502490,32,256,1,256,1,1,64,22.125000,0.000000,,,,,"Tesla V100-DGXS-32GB (0)","1","7","void cudnn::winograd_nonfused::winogradForwardData4x4<float, float>(cudnn::winograd_nonfused::WinogradDataParams<float, float>)",4466,7204757
33141.236359,0.016960,8,32,1,32,8,1,32,9.000000,0.000000,,,,,"Tesla V100-DGXS-32GB (0)","1","7","void cudnn::winograd_nonfused::winogradForwardFilter4x4<float, float>(cudnn::winograd_nonfused::WinogradFilterParams<float, float>)",4467,73728
33151.827198,2.398113,196,2,36,256,1,1,57,16.000000,0.000000,,,,,"Tesla V100-DGXS-32GB (0)","1","7","volta_sgemm_32x128_nt",4475,68947340
33164.779415,0.438619,32,256,1,256,1,1,64,16.250000,0.000000,,,,,"Tesla V100-DGXS-32GB (0)","1","7","void cudnn::winograd_nonfused::winogradForwardOutput4x4<float, float>(cudnn::winograd_nonfused::WinogradOutputParams<float, float>)",4477,7225344
33176.537952,0.505689,224,32,1,256,1,1,64,24.125000,0.000000,,,,,"Tesla V100-DGXS-32GB (0)","1","7","void cudnn::winograd_nonfused::winogradWgradData4x4<float, float>(cudnn::winograd_nonfused::WinogradDataParams<float, float>)",4491,7737389
33185.616362,0.509178,224,32,1,256,1,1,64,16.500000,0.000000,,,,,"Tesla V100-DGXS-32GB (0)","1","7","void cudnn::winograd_nonfused::winogradWgradDelta4x4<float, float>(cudnn::winograd_nonfused::WinogradDeltaParams<float, float>)",4492,3211264
33194.644886,2.535680,4,4,36,64,1,1,126,8.000000,0.000000,,,,,"Tesla V100-DGXS-32GB (0)","1","7","volta_sgemm_64x64_nt",4500,57802752
33205.451019,0.018751,8,32,1,32,8,1,62,9.000000,0.000000,,,,,"Tesla V100-DGXS-32GB (0)","1","7","void cudnn::winograd_nonfused::winogradWgradOutput4x4<float, float>(cudnn::winograd_nonfused::WinogradWgradOutputParams<float, float>)",4502,294912
33214.177626,0.008800,2304,1,1,64,1,1,20,0.000000,0.000000,,,,,"Tesla V100-DGXS-32GB (0)","1","7","void at::native::vectorized_elementwise_kernel<int=4, at::native::AddFunctor<float, float>, at::detail::Array<char*, int=3>>(int, float, float)",4510,147456
33222.720876,0.007424,2304,1,1,64,1,1,16,0.000000,0.000000,,,,,"Tesla V100-DGXS-32GB (0)","1","7","void at::native::vectorized_elementwise_kernel<int=4, at::native::MulScalarFunctor<float, float>, at::detail::Array<char*, int=2>>(int, float, float)",4516,73728
33231.121024,0.375643,100352,1,1,64,1,1,20,0.000000,0.000000,,,,,"Tesla V100-DGXS-32GB (0)","1","7","_ZN2at6native29vectorized_elementwise_kernelILi4EZNS0_21threshold_kernel_implIfEEvRNS_18TensorIteratorBaseET_S5_EUlffE_NS_6detail5ArrayIPcLi3EEEEEviT0_T1_",4525,6422528
33239.973262,0.135646,256,1,1,32,16,1,28,0.015625,2.000000,,,,,"Tesla V100-DGXS-32GB (0)","1","7","_ZN2at6native13reduce_kernelILi512ELi1ENS0_8ReduceOpIfNS0_14func_wrapper_tIfZNS0_11sum_functorIfffEclERNS_14TensorIteratorEEUlffE_EEjfLi4EEEEEvT1_",4538,3211264
33248.534719,0.003360,1,1,1,64,1,1,20,0.000000,0.000000,,,,,"Tesla V100-DGXS-32GB (0)","1","7","void at::native::vectorized_elementwise_kernel<int=4, at::native::AddFunctor<float, float>, at::detail::Array<char*, int=3>>(int, float, float)",4547,64
33256.880788,0.003168,1,1,1,64,1,1,16,0.000000,0.000000,,,,,"Tesla V100-DGXS-32GB (0)","1","7","void at::native::vectorized_elementwise_kernel<int=4, at::native::MulScalarFunctor<float, float>, at::detail::Array<char*, int=2>>(int, float, float)",4553,32
33265.389126,0.497945,32,256,1,256,1,1,64,22.125000,0.000000,,,,,"Tesla V100-DGXS-32GB (0)","1","7","void cudnn::winograd_nonfused::winogradForwardData4x4<float, float>(cudnn::winograd_nonfused::WinogradDataParams<float, float>)",4569,7205539
33274.235988,0.017023,8,32,1,32,8,1,32,9.000000,0.000000,,,,,"Tesla V100-DGXS-32GB (0)","1","7","void cudnn::winograd_nonfused::winogradForwardFilter4x4<float, float>(cudnn::winograd_nonfused::WinogradFilterParams<float, float>)",4570,73728
33282.454250,2.401185,196,2,36,256,1,1,57,16.000000,0.000000,,,,,"Tesla V100-DGXS-32GB (0)","1","7","volta_sgemm_32x128_nt",4578,68736120
33293.174336,0.442874,32,256,1,256,1,1,64,16.250000,0.000000,,,,,"Tesla V100-DGXS-32GB (0)","1","7","void cudnn::winograd_nonfused::winogradForwardOutput4x4<float, float>(cudnn::winograd_nonfused::WinogradOutputParams<float, float>)",4580,7225344
33302.264363,0.505209,224,32,1,256,1,1,64,24.125000,0.000000,,,,,"Tesla V100-DGXS-32GB (0)","1","7","void cudnn::winograd_nonfused::winogradWgradData4x4<float, float>(cudnn::winograd_nonfused::WinogradDataParams<float, float>)",4594,7735607
33311.124728,0.506138,224,32,1,256,1,1,64,16.500000,0.000000,,,,,"Tesla V100-DGXS-32GB (0)","1","7","void cudnn::winograd_nonfused::winogradWgradDelta4x4<float, float>(cudnn::winograd_nonfused::WinogradDeltaParams<float, float>)",4595,3211264
33319.813032,2.538943,4,4,36,64,1,1,126,8.000000,0.000000,,,,,"Tesla V100-DGXS-32GB (0)","1","7","volta_sgemm_64x64_nt",4603,57802752
33330.629789,0.019359,8,32,1,32,8,1,62,9.000000,0.000000,,,,,"Tesla V100-DGXS-32GB (0)","1","7","void cudnn::winograd_nonfused::winogradWgradOutput4x4<float, float>(cudnn::winograd_nonfused::WinogradWgradOutputParams<float, float>)",4605,294912
33339.106543,0.009760,2304,1,1,64,1,1,20,0.000000,0.000000,,,,,"Tesla V100-DGXS-32GB (0)","1","7","void at::native::vectorized_elementwise_kernel<int=4, at::native::AddFunctor<float, float>, at::detail::Array<char*, int=3>>(int, float, float)",4613,147456
33347.554818,0.007169,2304,1,1,64,1,1,16,0.000000,0.000000,,,,,"Tesla V100-DGXS-32GB (0)","1","7","void at::native::vectorized_elementwise_kernel<int=4, at::native::MulScalarFunctor<float, float>, at::detail::Array<char*, int=2>>(int, float, float)",4619,73728
33355.934039,0.619703,8,1,1,544,1,1,96,41.101562,0.000000,,,,,"Tesla V100-DGXS-32GB (0)","1","16","ncclKernel_AllReduce_RING_LL_Sum_float(ncclWorkElem)",4633,2245083
33364.976962,0.376123,100352,1,1,64,1,1,20,0.000000,0.000000,,,,,"Tesla V100-DGXS-32GB (0)","1","7","_ZN2at6native29vectorized_elementwise_kernelILi4EZNS0_21threshold_kernel_implIfEEvRNS_18TensorIteratorBaseET_S5_EUlffE_NS_6detail5ArrayIPcLi3EEEEEviT0_T1_",4667,6422528
33373.847024,0.137502,256,1,1,32,16,1,28,0.015625,2.000000,,,,,"Tesla V100-DGXS-32GB (0)","1","7","_ZN2at6native13reduce_kernelILi512ELi1ENS0_8ReduceOpIfNS0_14func_wrapper_tIfZNS0_11sum_functorIfffEclERNS_14TensorIteratorEEUlffE_EEjfLi4EEEEEvT1_",4680,3211264
33382.448320,0.003360,1,1,1,64,1,1,20,0.000000,0.000000,,,,,"Tesla V100-DGXS-32GB (0)","1","7","void at::native::vectorized_elementwise_kernel<int=4, at::native::AddFunctor<float, float>, at::detail::Array<char*, int=3>>(int, float, float)",4689,64
33390.967954,0.003169,1,1,1,64,1,1,16,0.000000,0.000000,,,,,"Tesla V100-DGXS-32GB (0)","1","7","void at::native::vectorized_elementwise_kernel<int=4, at::native::MulScalarFunctor<float, float>, at::detail::Array<char*, int=2>>(int, float, float)",4695,32
33398.172278,0.509241,32,256,1,256,1,1,64,22.125000,0.000000,,,,,"Tesla V100-DGXS-32GB (0)","1","7","void cudnn::winograd_nonfused::winogradForwardData4x4<float, float>(cudnn::winograd_nonfused::WinogradDataParams<float, float>)",4711,7204213
33405.563094,0.011136,4,32,1,32,8,1,32,9.000000,0.000000,,,,,"Tesla V100-DGXS-32GB (0)","1","7","void cudnn::winograd_nonfused::winogradForwardFilter4x4<float, float>(cudnn::winograd_nonfused::WinogradFilterParams<float, float>)",4712,36864
33412.511645,1.203025,98,2,36,64,1,1,126,8.000000,0.000000,,,,,"Tesla V100-DGXS-32GB (0)","1","7","volta_sgemm_64x64_nt",4720,25318132
33420.710803,0.231997,32,128,1,256,1,1,64,16.250000,0.000000,,,,,"Tesla V100-DGXS-32GB (0)","1","7","void cudnn::winograd_nonfused::winogradForwardOutput4x4<float, float>(cudnn::winograd_nonfused::WinogradOutputParams<float, float>)",4722,3612672
33428.034101,0.240636,112,32,1,256,1,1,64,24.125000,0.000000,,,,,"Tesla V100-DGXS-32GB (0)","1","7","void cudnn::winograd_nonfused::winogradWgradData4x4<float, float>(cudnn::winograd_nonfused::WinogradDataParams<float, float>)",4736,3867987
33435.231608,0.508057,224,32,1,256,1,1,64,16.500000,0.000000,,,,,"Tesla V100-DGXS-32GB (0)","1","7","void cudnn::winograd_nonfused::winogradWgradDelta4x4<float, float>(cudnn::winograd_nonfused::WinogradDeltaParams<float, float>)",4737,3211264
33442.609881,1.281487,4,2,36,256,1,1,57,16.000000,0.000000,,,,,"Tesla V100-DGXS-32GB (0)","1","7","volta_sgemm_32x128_nt",4745,36126720
33450.832879,0.010591,4,32,1,32,8,1,62,9.000000,0.000000,,,,,"Tesla V100-DGXS-32GB (0)","1","7","void cudnn::winograd_nonfused::winogradWgradOutput4x4<float, float>(cudnn::winograd_nonfused::WinogradWgradOutputParams<float, float>)",4747,147456
33457.975506,0.006240,1152,1,1,64,1,1,20,0.000000,0.000000,,,,,"Tesla V100-DGXS-32GB (0)","1","7","void at::native::vectorized_elementwise_kernel<int=4, at::native::AddFunctor<float, float>, at::detail::Array<char*, int=3>>(int, float, float)",4755,73728
33464.987192,0.005600,1152,1,1,64,1,1,16,0.000000,0.000000,,,,,"Tesla V100-DGXS-32GB (0)","1","7","void at::native::vectorized_elementwise_kernel<int=4, at::native::MulScalarFunctor<float, float>, at::detail::Array<char*, int=2>>(int, float, float)",4761,36864
33472.081917,0.335643,200704,1,1,64,1,1,16,0.000000,0.000000,,,,,"Tesla V100-DGXS-32GB (0)","1","7","void at::native::vectorized_elementwise_kernel<int=4, at::native::FillFunctor<float>, at::detail::Array<char*, int=1>>(int, float, at::native::FillFunctor<float>)",4772,0
33479.697402,1.141042,49,32,128,256,1,1,32,0.000000,0.000000,,,,,"Tesla V100-DGXS-32GB (0)","1","7","void at::native::_GLOBAL__N__63_tmpxft_00007dfa_00000000_13_DilatedMaxPool2d_compute_86_cpp1_ii_6258b574::max_pool_backward_nchw<float, float>(int, float const *, long const *, int, int, int, int, int, int, int, int, int, int, int, int, int, int, at::native::_GLOBAL__N__63_tmpxft_00007dfa_00000000_13_DilatedMaxPool2d_compute_86_cpp1_ii_6258b574::max_pool_backward_nchw<float, float>*)",4779,6420030
33487.730419,0.744086,200704,1,1,64,1,1,20,0.000000,0.000000,,,,,"Tesla V100-DGXS-32GB (0)","1","7","_ZN2at6native29vectorized_elementwise_kernelILi4EZNS0_21threshold_kernel_implIfEEvRNS_18TensorIteratorBaseET_S5_EUlffE_NS_6detail5ArrayIPcLi3EEEEEviT0_T1_",4787,12845056
33490.856683,0.001376,,,,,,,,,,0.000488,0.346539,"Device",,"Tesla V100-DGXS-32GB (0)","1","7","[CUDA memset]",4802,
33495.517678,0.270493,128,4,1,32,16,1,28,0.015625,2.000000,,,,,"Tesla V100-DGXS-32GB (0)","1","7","_ZN2at6native13reduce_kernelILi512ELi1ENS0_8ReduceOpIfNS0_14func_wrapper_tIfZNS0_11sum_functorIfffEclERNS_14TensorIteratorEEUlffE_EEjfLi4EEEEEvT1_",4804,6422655
33502.785777,0.003360,1,1,1,64,1,1,20,0.000000,0.000000,,,,,"Tesla V100-DGXS-32GB (0)","1","7","void at::native::vectorized_elementwise_kernel<int=4, at::native::AddFunctor<float, float>, at::detail::Array<char*, int=3>>(int, float, float)",4813,32
33509.702359,0.003169,1,1,1,64,1,1,16,0.000000,0.000000,,,,,"Tesla V100-DGXS-32GB (0)","1","7","void at::native::vectorized_elementwise_kernel<int=4, at::native::MulScalarFunctor<float, float>, at::detail::Array<char*, int=2>>(int, float, float)",4819,16
33516.740189,1.007699,98,128,1,256,1,1,64,22.125000,0.000000,,,,,"Tesla V100-DGXS-32GB (0)","1","7","void cudnn::winograd_nonfused::winogradForwardData4x4<float, float>(cudnn::winograd_nonfused::WinogradDataParams<float, float>)",4835,14505332
33524.643031,0.006816,4,16,1,32,8,1,32,9.000000,0.000000,,,,,"Tesla V100-DGXS-32GB (0)","1","7","void cudnn::winograd_nonfused::winogradForwardFilter4x4<float, float>(cudnn::winograd_nonfused::WinogradFilterParams<float, float>)",4836,18432
33531.543902,2.509472,784,1,36,256,1,1,57,16.000000,0.000000,,,,,"Tesla V100-DGXS-32GB (0)","1","7","volta_sgemm_32x128_nt",4844,56339288
33541.019076,0.847253,98,128,1,256,1,1,64,16.250000,0.000000,,,,,"Tesla V100-DGXS-32GB (0)","1","7","void cudnn::winograd_nonfused::winogradForwardOutput4x4<float, float>(cudnn::winograd_nonfused::WinogradOutputParams<float, float>)",4846,14450688
33556.701754,0.968051,392,32,1,256,1,1,64,24.125000,0.000000,,,,,"Tesla V100-DGXS-32GB (0)","1","7","void cudnn::winograd_nonfused::winogradWgradData4x4<float, float>(cudnn::winograd_nonfused::WinogradDataParams<float, float>)",4860,15788199
33566.186591,0.988948,392,32,1,256,1,1,64,16.500000,0.000000,,,,,"Tesla V100-DGXS-32GB (0)","1","7","void cudnn::winograd_nonfused::winogradWgradDelta4x4<float, float>(cudnn::winograd_nonfused::WinogradDeltaParams<float, float>)",4861,6422528
33576.368636,5.025439,2,2,36,64,1,1,126,8.000000,0.000000,,,,,"Tesla V100-DGXS-32GB (0)","1","7","volta_sgemm_64x64_nt",4869,57802752
33590.521222,0.006592,4,16,1,32,8,1,62,9.000000,0.000000,,,,,"Tesla V100-DGXS-32GB (0)","1","7","void cudnn::winograd_nonfused::winogradWgradOutput4x4<float, float>(cudnn::winograd_nonfused::WinogradWgradOutputParams<float, float>)",4871,73728
33599.936748,0.004640,576,1,1,64,1,1,20,0.000000,0.000000,,,,,"Tesla V100-DGXS-32GB (0)","1","7","void at::native::vectorized_elementwise_kernel<int=4, at::native::AddFunctor<float, float>, at::detail::Array<char*, int=3>>(int, float, float)",4879,36864
33609.259284,0.004096,576,1,1,64,1,1,16,0.000000,0.000000,,,,,"Tesla V100-DGXS-32GB (0)","1","7","void at::native::vectorized_elementwise_kernel<int=4, at::native::MulScalarFunctor<float, float>, at::detail::Array<char*, int=2>>(int, float, float)",4885,18432
33618.515228,0.743703,200704,1,1,64,1,1,20,0.000000,0.000000,,,,,"Tesla V100-DGXS-32GB (0)","1","7","_ZN2at6native29vectorized_elementwise_kernelILi4EZNS0_21threshold_kernel_implIfEEvRNS_18TensorIteratorBaseET_S5_EUlffE_NS_6detail5ArrayIPcLi3EEEEEviT0_T1_",4894,12845056
33622.456426,0.001408,,,,,,,,,,0.000488,0.338663,"Device",,"Tesla V100-DGXS-32GB (0)","1","7","[CUDA memset]",4909,
33628.589883,0.271772,128,4,1,32,16,1,28,0.015625,2.000000,,,,,"Tesla V100-DGXS-32GB (0)","1","7","_ZN2at6native13reduce_kernelILi512ELi1ENS0_8ReduceOpIfNS0_14func_wrapper_tIfZNS0_11sum_functorIfffEclERNS_14TensorIteratorEEUlffE_EEjfLi4EEEEEvT1_",4911,6422656
33638.222431,0.003327,1,1,1,64,1,1,20,0.000000,0.000000,,,,,"Tesla V100-DGXS-32GB (0)","1","7","void at::native::vectorized_elementwise_kernel<int=4, at::native::AddFunctor<float, float>, at::detail::Array<char*, int=3>>(int, float, float)",4920,32
33647.510023,0.003167,1,1,1,64,1,1,16,0.000000,0.000000,,,,,"Tesla V100-DGXS-32GB (0)","1","7","void at::native::vectorized_elementwise_kernel<int=4, at::native::MulScalarFunctor<float, float>, at::detail::Array<char*, int=2>>(int, float, float)",4926,16
33656.971341,0.007008,2,32,1,32,4,1,40,8.500000,0.000000,,,,,"Tesla V100-DGXS-32GB (0)","1","7","void cudnn::winograd::generateWinogradTilesKernel<int=0, float, float>(cudnn::winograd::GenerateWinogradTilesParams<float, float>)",4942,9216
33665.328417,2.579998,64,14,7,256,1,1,126,48.000000,0.000000,,,,,"Tesla V100-DGXS-32GB (0)","1","7","volta_scudnn_winograd_128x128_ldg1_ldg4_relu_tile148t_nt_v1",4944,80542259
33675.123619,0.470426,196,32,1,256,1,1,64,24.125000,0.000000,,,,,"Tesla V100-DGXS-32GB (0)","1","7","void cudnn::winograd_nonfused::winogradWgradData4x4<float, float>(cudnn::winograd_nonfused::WinogradDataParams<float, float>)",4957,7894800
33682.536515,0.990163,392,32,1,256,1,1,64,16.500000,0.000000,,,,,"Tesla V100-DGXS-32GB (0)","1","7","void cudnn::winograd_nonfused::winogradWgradDelta4x4<float, float>(cudnn::winograd_nonfused::WinogradDeltaParams<float, float>)",4958,6422528
33690.443453,2.931034,1,2,36,64,1,1,126,8.000000,0.000000,,,,,"Tesla V100-DGXS-32GB (0)","1","7","volta_sgemm_64x64_nt",4966,28901376
33700.332445,0.005536,2,16,1,32,8,1,62,9.000000,0.000000,,,,,"Tesla V100-DGXS-32GB (0)","1","7","void cudnn::winograd_nonfused::winogradWgradOutput4x4<float, float>(cudnn::winograd_nonfused::WinogradWgradOutputParams<float, float>)",4968,36864
33707.395779,0.004159,288,1,1,64,1,1,20,0.000000,0.000000,,,,,"Tesla V100-DGXS-32GB (0)","1","7","void at::native::vectorized_elementwise_kernel<int=4, at::native::AddFunctor<float, float>, at::detail::Array<char*, int=3>>(int, float, float)",4976,18432
33714.519719,0.003615,288,1,1,64,1,1,16,0.000000,0.000000,,,,,"Tesla V100-DGXS-32GB (0)","1","7","void at::native::vectorized_elementwise_kernel<int=4, at::native::MulScalarFunctor<float, float>, at::detail::Array<char*, int=2>>(int, float, float)",4982,9216
33721.609867,0.667767,401408,1,1,64,1,1,16,0.000000,0.000000,,,,,"Tesla V100-DGXS-32GB (0)","1","7","void at::native::vectorized_elementwise_kernel<int=4, at::native::FillFunctor<float>, at::detail::Array<char*, int=1>>(int, float, at::native::FillFunctor<float>)",4993,0
33729.179625,2.271491,196,32,64,256,1,1,32,0.000000,0.000000,,,,,"Tesla V100-DGXS-32GB (0)","1","7","void at::native::_GLOBAL__N__63_tmpxft_00007dfa_00000000_13_DilatedMaxPool2d_compute_86_cpp1_ii_6258b574::max_pool_backward_nchw<float, float>(int, float const *, long const *, int, int, int, int, int, int, int, int, int, int, int, int, int, int, at::native::_GLOBAL__N__63_tmpxft_00007dfa_00000000_13_DilatedMaxPool2d_compute_86_cpp1_ii_6258b574::max_pool_backward_nchw<float, float>*)",5000,15919810
33738.417330,1.485965,401408,1,1,64,1,1,20,0.000000,0.000000,,,,,"Tesla V100-DGXS-32GB (0)","1","7","_ZN2at6native29vectorized_elementwise_kernelILi4EZNS0_21threshold_kernel_implIfEEvRNS_18TensorIteratorBaseET_S5_EUlffE_NS_6detail5ArrayIPcLi3EEEEEviT0_T1_",5008,25690112
33742.314112,0.001376,,,,,,,,,,0.000244,0.173269,"Device",,"Tesla V100-DGXS-32GB (0)","1","7","[CUDA memset]",5023,
33746.908005,0.510234,64,13,1,32,16,1,28,0.015625,2.000000,,,,,"Tesla V100-DGXS-32GB (0)","1","7","_ZN2at6native13reduce_kernelILi512ELi1ENS0_8ReduceOpIfNS0_14func_wrapper_tIfZNS0_11sum_functorIfffEclERNS_14TensorIteratorEEUlffE_EEjfLi4EEEEEvT1_",5025,12845216
33754.551363,0.003327,1,1,1,64,1,1,20,0.000000,0.000000,,,,,"Tesla V100-DGXS-32GB (0)","1","7","void at::native::vectorized_elementwise_kernel<int=4, at::native::AddFunctor<float, float>, at::detail::Array<char*, int=3>>(int, float, float)",5034,16
33761.560648,0.003168,1,1,1,64,1,1,16,0.000000,0.000000,,,,,"Tesla V100-DGXS-32GB (0)","1","7","void at::native::vectorized_elementwise_kernel<int=4, at::native::MulScalarFunctor<float, float>, at::detail::Array<char*, int=2>>(int, float, float)",5040,8
33768.661356,0.004128,2,16,1,32,4,1,40,8.500000,0.000000,,,,,"Tesla V100-DGXS-32GB (0)","1","7","void cudnn::winograd::generateWinogradTilesKernel<int=0, float, float>(cudnn::winograd::GenerateWinogradTilesParams<float, float>)",5056,4608
33775.601555,5.577080,64,28,14,256,1,1,126,48.000000,0.000000,,,,,"Tesla V100-DGXS-32GB (0)","1","7","volta_scudnn_winograd_128x128_ldg1_ldg4_relu_tile148t_nt_v1",5058,163842833
33788.418125,0.005248,1,224,1,256,1,1,16,0.000000,0.000000,,,,,"Tesla V100-DGXS-32GB (0)","1","7","cask_cudnn::computeWgradSplitKOffsetsKernel(cask_cudnn::ComputeSplitKOffsetsParams)",5071,0
33795.444147,0.004000,2,1,1,256,1,1,24,0.000000,0.000000,,,,,"Tesla V100-DGXS-32GB (0)","1","7","cask_cudnn::computeWgradBOffsetsKernel(cask_cudnn::ComputeWgradBOffsetsParams)",5072,0
33797.837684,0.001344,,,,,,,,,,0.000172,0.124731,"Device",,"Tesla V100-DGXS-32GB (0)","1","7","[CUDA memset]",5074,
33802.286875,11.174672,5,1,224,128,1,1,160,32.000000,0.000000,,,,,"Tesla V100-DGXS-32GB (0)","1","7","volta_scudnn_128x64_stridedB_splitK_xregs_large_nn_v1",5075,154958718
33820.436017,0.003744,144,1,1,64,1,1,20,0.000000,0.000000,,,,,"Tesla V100-DGXS-32GB (0)","1","7","void at::native::vectorized_elementwise_kernel<int=4, at::native::AddFunctor<float, float>, at::detail::Array<char*, int=3>>(int, float, float)",5082,9216
33827.227225,0.003456,144,1,1,64,1,1,16,0.000000,0.000000,,,,,"Tesla V100-DGXS-32GB (0)","1","7","void at::native::vectorized_elementwise_kernel<int=4, at::native::MulScalarFunctor<float, float>, at::detail::Array<char*, int=2>>(int, float, float)",5088,4608
33834.075137,1.481325,401408,1,1,64,1,1,20,0.000000,0.000000,,,,,"Tesla V100-DGXS-32GB (0)","1","7","_ZN2at6native29vectorized_elementwise_kernelILi4EZNS0_21threshold_kernel_implIfEEvRNS_18TensorIteratorBaseET_S5_EUlffE_NS_6detail5ArrayIPcLi3EEEEEviT0_T1_",5097,25690112
33837.934671,0.001344,,,,,,,,,,0.000244,0.177395,"Device",,"Tesla V100-DGXS-32GB (0)","1","7","[CUDA memset]",5112,
33842.586995,0.510041,64,13,1,32,16,1,28,0.015625,2.000000,,,,,"Tesla V100-DGXS-32GB (0)","1","7","_ZN2at6native13reduce_kernelILi512ELi1ENS0_8ReduceOpIfNS0_14func_wrapper_tIfZNS0_11sum_functorIfffEclERNS_14TensorIteratorEEUlffE_EEjfLi4EEEEEvT1_",5114,12845216
33849.973268,0.003552,1,1,1,64,1,1,20,0.000000,0.000000,,,,,"Tesla V100-DGXS-32GB (0)","1","7","void at::native::vectorized_elementwise_kernel<int=4, at::native::AddFunctor<float, float>, at::detail::Array<char*, int=3>>(int, float, float)",5123,16
33856.822492,0.003167,1,1,1,64,1,1,16,0.000000,0.000000,,,,,"Tesla V100-DGXS-32GB (0)","1","7","void at::native::vectorized_elementwise_kernel<int=4, at::native::MulScalarFunctor<float, float>, at::detail::Array<char*, int=2>>(int, float, float)",5129,8
33863.813057,1.505997,1,2,3136,8,8,1,80,2.250000,0.000000,,,,,"Tesla V100-DGXS-32GB (0)","1","7","void wgrad_alg0_engine<float, int=128, int=5, int=5, int=3, int=3, int=3, bool=0, int=512>(int, int, int, float const *, int, float*, float const *, kernel_grad_params, __int64, int, float, int, int, int, int)",5148,16327656
33872.173750,0.003424,7,1,1,64,1,1,20,0.000000,0.000000,,,,,"Tesla V100-DGXS-32GB (0)","1","7","void at::native::vectorized_elementwise_kernel<int=4, at::native::AddFunctor<float, float>, at::detail::Array<char*, int=3>>(int, float, float)",5156,432
33878.979422,0.003264,7,1,1,64,1,1,16,0.000000,0.000000,,,,,"Tesla V100-DGXS-32GB (0)","1","7","void at::native::vectorized_elementwise_kernel<int=4, at::native::MulScalarFunctor<float, float>, at::detail::Array<char*, int=2>>(int, float, float)",5162,216
33885.765639,0.102302,8,1,1,640,1,1,96,41.101562,0.000000,,,,,"Tesla V100-DGXS-32GB (0)","1","16","ncclKernel_AllReduce_RING_LL_Sum_float(ncclWorkElem)",5176,372038
33888.203943,0.003648,,,,,,,,,,0.003815,1.021187,"Device","Device","Tesla V100-DGXS-32GB (0)","1","7","[CUDA memcpy DtoD]",5217,
33888.228903,0.046847,,,,,,,,,,15.625000,325.715394,"Device","Device","Tesla V100-DGXS-32GB (0)","1","7","[CUDA memcpy DtoD]",5221,
33888.279686,0.003584,,,,,,,,,,0.015625,4.257475,"Device","Device","Tesla V100-DGXS-32GB (0)","1","7","[CUDA memcpy DtoD]",5229,
33888.287238,0.175134,,,,,,,,,,64.000000,356.869597,"Device","Device","Tesla V100-DGXS-32GB (0)","1","7","[CUDA memcpy DtoD]",5233,
33888.466339,0.003648,,,,,,,,,,0.015625,4.182782,"Device","Device","Tesla V100-DGXS-32GB (0)","1","7","[CUDA memcpy DtoD]",5241,
33888.473091,1.048915,,,,,,,,,,392.000000,364.960459,"Device","Device","Tesla V100-DGXS-32GB (0)","1","7","[CUDA memcpy DtoD]",5245,
33889.525974,0.003552,,,,,,,,,,0.001953,0.536979,"Device","Device","Tesla V100-DGXS-32GB (0)","1","7","[CUDA memcpy DtoD]",5253,
33889.533494,0.027968,,,,,,,,,,9.000000,314.254237,"Device","Device","Tesla V100-DGXS-32GB (0)","1","7","[CUDA memcpy DtoD]",5257,
33889.565398,0.003391,,,,,,,,,,0.001953,0.562474,"Device","Device","Tesla V100-DGXS-32GB (0)","1","7","[CUDA memcpy DtoD]",5261,
33889.571893,0.028384,,,,,,,,,,9.000000,309.648482,"Device","Device","Tesla V100-DGXS-32GB (0)","1","7","[CUDA memcpy DtoD]",5265,
33889.604245,0.003456,,,,,,,,,,0.001953,0.551895,"Device","Device","Tesla V100-DGXS-32GB (0)","1","7","[CUDA memcpy DtoD]",5269,
33889.611637,0.028255,,,,,,,,,,9.000000,311.062201,"Device","Device","Tesla V100-DGXS-32GB (0)","1","7","[CUDA memcpy DtoD]",5273,
33889.643861,0.003456,,,,,,,,,,0.001953,0.551895,"Device","Device","Tesla V100-DGXS-32GB (0)","1","7","[CUDA memcpy DtoD]",5281,
33889.650420,0.028352,,,,,,,,,,9.000000,309.997972,"Device","Device","Tesla V100-DGXS-32GB (0)","1","7","[CUDA memcpy DtoD]",5285,
33889.682740,0.003456,,,,,,,,,,0.001953,0.551895,"Device","Device","Tesla V100-DGXS-32GB (0)","1","7","[CUDA memcpy DtoD]",5289,
33889.690164,0.028287,,,,,,,,,,9.000000,310.710309,"Device","Device","Tesla V100-DGXS-32GB (0)","1","7","[CUDA memcpy DtoD]",5293,
33889.722420,0.003423,,,,,,,,,,0.001953,0.557215,"Device","Device","Tesla V100-DGXS-32GB (0)","1","7","[CUDA memcpy DtoD]",5297,
33889.728979,0.016288,,,,,,,,,,4.500000,269.801771,"Device","Device","Tesla V100-DGXS-32GB (0)","1","7","[CUDA memcpy DtoD]",5301,
33889.749235,0.003264,,,,,,,,,,0.000977,0.292180,"Device","Device","Tesla V100-DGXS-32GB (0)","1","7","[CUDA memcpy DtoD]",5305,
33889.756467,0.009824,,,,,,,,,,2.250000,223.663032,"Device","Device","Tesla V100-DGXS-32GB (0)","1","7","[CUDA memcpy DtoD]",5309,
33889.770259,0.003104,,,,,,,,,,0.000977,0.307240,"Device","Device","Tesla V100-DGXS-32GB (0)","1","7","[CUDA memcpy DtoD]",5313,
33889.776467,0.010591,,,,,,,,,,2.250000,207.465360,"Device","Device","Tesla V100-DGXS-32GB (0)","1","7","[CUDA memcpy DtoD]",5317,
33889.790195,0.003232,,,,,,,,,,0.000977,0.295072,"Device","Device","Tesla V100-DGXS-32GB (0)","1","7","[CUDA memcpy DtoD]",5325,
33889.797650,0.007233,,,,,,,,,,1.125000,151.891720,"Device","Device","Tesla V100-DGXS-32GB (0)","1","7","[CUDA memcpy DtoD]",5329,
33889.807986,0.003072,,,,,,,,,,0.000488,0.155220,"Device","Device","Tesla V100-DGXS-32GB (0)","1","7","[CUDA memcpy DtoD]",5333,
33889.814194,0.004608,,,,,,,,,,0.562500,119.209290,"Device","Device","Tesla V100-DGXS-32GB (0)","1","7","[CUDA memcpy DtoD]",5337,
33889.821906,0.003072,,,,,,,,,,0.000488,0.155220,"Device","Device","Tesla V100-DGXS-32GB (0)","1","7","[CUDA memcpy DtoD]",5341,
33889.828146,0.004480,,,,,,,,,,0.281250,61.307635,"Device","Device","Tesla V100-DGXS-32GB (0)","1","7","[CUDA memcpy DtoD]",5345,
33889.835826,0.003040,,,,,,,,,,0.000244,0.078427,"Device","Device","Tesla V100-DGXS-32GB (0)","1","7","[CUDA memcpy DtoD]",5349,
33889.841970,0.003744,,,,,,,,,,0.140625,36.679781,"Device","Device","Tesla V100-DGXS-32GB (0)","1","7","[CUDA memcpy DtoD]",5353,
33889.848850,0.003008,,,,,,,,,,0.000244,0.079261,"Device","Device","Tesla V100-DGXS-32GB (0)","1","7","[CUDA memcpy DtoD]",5357,
33889.854994,0.003231,,,,,,,,,,0.006592,1.992356,"Device","Device","Tesla V100-DGXS-32GB (0)","1","7","[CUDA memcpy DtoD]",5361,
